:020000040800F2
:10000000B099002061020008AD3C0008F12E000804
:10001000593C00082F0900085D820008000000001C
:10002000000000000000000000000000A101000826
:10003000490A000800000000FD010008713D0008A9
:100040007B0200087B0200087B0200087B0200089C
:100050007B0200087B0200084B0A0008510A0008D6
:100060007B0200087B020008570A00087B02000898
:100070007B0200087B0200087B0200087B0200086C
:100080007B0200087B0200087B0200087B0200085C
:10009000850900087B0200087B0200087B0200083B
:1000A0007B020008C13E00087B0200087B020008BA
:1000B0007B0200087B0200087B0200087B0200082C
:1000C0007B0200087B0200087B0200087B0200081C
:1000D0007B0200083956000809570008E557000858
:1000E0007B0200087B0200087B0200087B020008FC
:1000F0007B0200087B0200087B0200087B020008EC
:100100007B0200087B0200087B0200087B020008DB
:100110008553000861540008CD3E00087B020008AA
:100120007B0200087B0200087B0200087B020008BB
:100130007B0200087B0200087B0200087B020008AB
:100140007B0200087B0200087B020008B13C00082B
:100150007B0200087B0200087B020008C1580008EF
:100160007B0200087B0200087B0200087B0200087B
:100170007B0200087B0200087B02000800000000F0
:100180007B0200087B020008DFF810D000F092FB31
:100190000048004711B20008AFF30080B09900207A
:1001A0002C4B19680868B0E8F04F80F30988BFF35A
:1001B0006F8F4FF0000080F311887047000000003F
:1001C00008480068006880F308884FF0000080F35A
:1001D000148862B661B6BFF34F8FBFF36F8F00DF35
:1001E00000BF00BF08ED00E0DFF80C00016841F43B
:1001F00070010160704700BF88ED00E0EFF30980F7
:10020000BFF36F8F134B1A681EF0100F08BF20ED5D
:10021000108A20E9F04F106009B44FF0500080F3CD
:100220001188BFF34F8FBFF36F8F0CF04DFB4FF072
:10023000000080F3118809BC19680868B0E8F04F25
:100240001EF0100F08BFB0EC108A80F30988BFF3CE
:100250006F8F704768000020EFF305807047000043
:100260000648804706480047FEE7FEE7FEE7FEE750
:10027000FEE7FEE7FEE7FEE7FEE7FEE7B13E000829
:10028000890100082DE9F05F0546002092469B4653
:1002900088460646814640241BE02846414647469C
:1002A000224600F038FA53465A46C01A914110D3FC
:1002B00011461846224600F01FFA2D1A67EB010876
:1002C0004F4622460120002100F016FA17EB0009E4
:1002D0004E41201EA4F10104DFDC484631462A4687
:1002E0004346BDE8F09F40EA01039B0703D009E0C5
:1002F00008C9121F08C0042AFAD203E011F8013B12
:1003000000F8013B521EF9D27047D2B201E000F86A
:10031000012B491EFBD270470022F6E710B51346A9
:100320000A4604461946FFF7F0FF204610BD2DE9A6
:10033000FE4F804681EA0300C00F0C46009021F07A
:10034000004123F00045B8EB0200A94105D2404628
:10035000214690461C460B46024623F000401043BF
:1003600047D0270DC7F30A00C3F30A510290401A81
:10037000019040286BDAC3F3130040F4801B00980F
:10038000924620B10023D2EB030A63EB0B0B0198DA
:100390005946C0F14002504600F0AEF906460D46FF
:1003A00050465946019A00F0C6F910EB0800614129
:1003B000002487EA115284EAE7731A4340D0009A76
:1003C00062B3019A012A4FEA075215DC001B61EB68
:1003D00002014FF0004202EA0752CDE90042001C40
:1003E00041F5801132462B4600F0FDF903B0BDE81F
:1003F000F08F40462146F9E7001B61EB0201001C2B
:1004000041F5801300185B412018A2F5001747EB57
:10041000030140EAD570B6196D4111E06D084FEA4D
:10042000360645EAC0754FEA0752001B61EB020130
:10043000001C41F5801149084FEA30000019514174
:1004400032462B4603B0BDE8F04F00F0BDB900982E
:10045000012240000023D0EB020263EBE07300981E
:1004600021464FEAE074B8EB000061EB0401E9E7D4
:1004700083F000435BE781F0004158E72DE9FE4F30
:1004800081EA030404F0004421F0004100944FF09D
:10049000000B23F0004350EA01045ED052EA03044B
:1004A0005BD0C3F30A54C1F30A552C44A4F2F334CD
:1004B0000194A0FB0254C1F3130141F48011C3F372
:1004C000130343F4801301FB024400FB034E840A30
:1004D000970A44EA815447EA8357A4FB07680295C8
:1004E0008D0A05FB07854FEA932C04FB0C54270566
:1004F000029D4FEA065847EA1637B5EB08056EEB42
:10050000070C870E920E47EA811742EA8312A7FB77
:100510000201B6EB0B0164EB00042B0D43EA0C3334
:100520005E1844EB1C50DA465146E7FB0201C5F366
:1005300013044FEA0B3343EA14534FEA0432019C8D
:1005400043EA0603A4F10C040294009CCDE900B434
:1005500000F049F903B0BDE8F08F00200146F9E74B
:100560002DE9F04D81EA030404F0004B21F0004531
:1005700014464FF0000A23F0004150EA050220D053
:1005800054EA01021DD0C5F30A570246C5F313030E
:10059000C1F31300C1F30A5640F4801543F48013ED
:1005A000A7EB0608101BD64608F2FD3873EB0500D2
:1005B00002D308F1010801E092185B41B8F1000F85
:1005C00003DA00200146BDE8F08D00204FF48011D1
:1005D000064684460EE0171B73EB050705D3121B76
:1005E00063EB050306434CEA010C49084FEA30006F
:1005F00092185B4150EA0107EDD152EA030012D094
:1006000082EA040083EA0501084305D0101BAB41D0
:1006100006D20122002306E000224FF0004302E050
:100620006FF0010253101AEB06004CEB085110EB6F
:100630000A0041EB0B01BDE8F04D00F0C5B800F039
:10064000004230F000400AD0C10D01F56071C0F3E6
:10065000160042EA0151C2084007114370470020CA
:100660000146704730B5041E71F1000404DB4FF001
:100670000044404264EB0101141E73F1000405DBE9
:100680001C464FF00043524263EB0403994208BFFB
:10069000904230BD01F0004330B421F0004150EAF7
:1006A000010206D00A0DA2F56072C1F31301002AFF
:1006B00002DC30BC00207047440F44EAC104C10092
:1006C000E01830BC00EBC25000F047B830B50B4624
:1006D000014600202022012409E021FA02F59D4272
:1006E00005D303FA02F5491B04FA02F52844151E46
:1006F000A2F10102F1DC30BD202A04DB203A00FA2D
:1007000002F1002070479140C2F1200320FA03F368
:10071000194390407047202A04DB203A21FA02F066
:100720000021704721FA02F3D040C2F1200291402B
:10073000084319467047202A06DBCB17203A41FAB6
:1007400002F043EAE07306E041FA02F3D040C2F15E
:10075000200291400843194670470029A8BF7047FE
:10076000401C490008BF20F00100704710B4B0FAE7
:1007700080FC00FA0CF050EA010404BF10BC704782
:1007800049B1CCF1200421FA04F411FA0CF118BF9C
:10079000012121430843A3EB0C01CB1D4FEA00616B
:1007A0004FEA102042BF002010BC704700EBC3503E
:1007B00010440029A4BF10BC7047401C490008BF6A
:1007C00020F0010010BC704710B5141E73F1000436
:1007D00008DA401C41F1000192185B411A4301D133
:1007E00020F0010010BD2DE9F04D92469B4611B15D
:1007F000B1FA81F202E0B0FA80F220329046FFF7BF
:100800007BFF04460F4640EA0A0041EA0B015346CB
:100810005A46084313D0114653EA010019D0C8F1D3
:1008200040025046FFF777FF05460E4650465946B0
:100830004246FFF761FF084305D0012004E020464F
:100840003946BDE8F08D0020054346EAE0762C43AA
:1008500037430A986305E40AA0EB08000022FD0A6A
:1008600044EA47540A3002D500200146E9E7010571
:1008700010196941DDE9084500196941BDE8F04DED
:10088000A2E7C1F30A52C1F3130140F2FF3341F46E
:1008900080119A4202DA00200146704740F2334349
:1008A0009A42A2F2334202DC5242FFF734BFFFF712
:1008B00023BF0000064C074D06E0E06840F001034E
:1008C00094E8070098471034AC42F6D3FFF760FC79
:1008D00070A4010890A4010870B58C1810F8015B91
:1008E00015F0070301D110F8013B2A1106D110F8C9
:1008F000012B03E010F8016B01F8016B5B1EF9D1CD
:100900002B0705D40023521E0DD401F8013BFAE752
:1009100010F8013BCB1A921C03E013F8015B01F8BD
:10092000015B521EF9D5A142D8D3002070BDFEE76D
:1009300000B58BB000200121CDE90601059040F6FD
:100940001C12CDE900020290039004900E20CDE924
:10095000081069460A4800F0FDF808B100F07EF87A
:100960000221074800F07CF808B100F077F804484D
:1009700000F0E0FB002801D000F070F80BB000BDE3
:1009800040040020014800F0FCB9000040040020B1
:100990000C4C0D4D0D4F00260A200BF06FFE2088E9
:1009A000C82802D22088401C20806888401C80B261
:1009B00068803228F0D16E800421384600F03CFD7A
:1009C000EAE7000042000020480000200004024046
:1009D00070B504460021084604EB8102491CC2F8A8
:1009E00090051029F8D300224FF48065A118521CFD
:1009F00081F81C01AA42F9D3207060700121A17016
:100A0000C4F8D00521764022A271607684F81C05D6
:100A100084F81D1584F81F0584F81E05090204F1E9
:100A20001C00FFF779FC294604F58E70FFF774FC73
:100A3000122104F22650FFF76FFC3E2104F5A76057
:100A4000FFF76AFC002070BD7047012000F0F0BB8A
:100A5000022000F0EDBB102000F0EABB72B6FEE70A
:100A600090F82020012A07D0022A05D0416A41F4DB
:100A70008021416201207047006842690A43426157
:100A800000207047F0B590F820500468A468012D4C
:100A900005D0022D03D0416A41F4802157E014F0C3
:100AA000406F01D1E5004FD5C4F301640125A54095
:100AB0001D608D684FF4C0739DB1CE6835434E689C
:100AC00045EAC605066803EB0417F5514FF4C275F5
:100AD000076805EB04150E697E51097D012905D0D3
:100AE00009E00E88CD6845EA4655EBE701684E59A6
:100AF00046F480764E511179D579567941EA0561EF
:100B000095792D0445EA062529434FF4C6760568F4
:100B100006EB0416A9511178D57841EA056195785C
:100B200052782D0445EA022211434FF4C47502683D
:100B300005EB04155151006803EB0411425842F0D3
:100B4000010242500020F0BD416A41F400114162AF
:100B50000120F0BD10B590F82020012A07D0022A0C
:100B600005D0416A41F480214162012010BD3B481B
:100B7000D0F8002242F00102C0F80022D0F8002292
:100B800022F47C52C0F80022D0F800224B6A42EADC
:100B90000322C0F800220A7D02F01F0301229A40BE
:100BA000D0F81C329343C0F81C32CB69B3B9D0F8EB
:100BB0000C329343C0F80C328C894B6864F31F43AA
:100BC0004C6900EBC404C4F840320C890B6864F330
:100BD0001F434C6900EBC404C4F84432CB69012BB9
:100BE00016D1D0F80C321343C0F80C320C884B6885
:100BF00064F31F434C6900EBC404C4F840320C8911
:100C0000CB6864F31F434C6900EBC404C4F844325E
:100C10008B69002BD0F804320ED01343C0F8043295
:100C20000B69002BD0F8143208D01343C0F81432EB
:100C3000096A012904D008E09343EFE79343F5E7FD
:100C4000D0F81C121143C0F81C12D0F8001221F089
:100C50000101C0F80012002010BD00000064004037
:100C6000704770B590F82040012C05D0022C03D0BD
:100C7000416A41F4802128E0046809B32469A4078B
:100C800020D04FF4D874056804EB01142D5915F0E9
:100C90000405956005682D591AD0ED085560056862
:100CA0002C5904F00204D4604FF4DA74056804EBA4
:100CB00001142E5906F00F06082E0CD308250DE05E
:100CC000E468DCE7416A41F400114162012070BD33
:100CD0006D0D1560E3E72D5905F00F0515610568E9
:100CE0002D59C5F30725956105682C59240C5461CD
:100CF0004FF4DC72046802EB0112A4581C70046803
:100D0000A458240A5C700468A458240C9C700468DD
:100D1000A258120EDA704FF4DE72046802EB011270
:100D2000A4581C710468A458240A5C710468A4586F
:100D3000240C9C710468A258120EDA71006829B163
:100D4000016941F020010161002070BDC16841F0DE
:100D50002001C160F8E70246002092F82010012926
:100D600001D002290CD111688A68520100D50120F6
:100D70008A68120100D5401C8968C90000D5401C52
:100D800070472DE9F05F0546006800244669D0F8F9
:100D900004908768D0F80CB0D0F810A0D0F8188074
:100DA000F10748D0F90714D001218160B80703D5B5
:100DB000284600F0ECF90CE0780702D54FF4006407
:100DC00007E0380702D54FF4805402E0284600F0CF
:100DD000DDF9F80516D529684FF480708860B805EC
:100DE00003D5284600F0D5F90CE0780502D544F487
:100DF000005407E0380502D544F4804402E0284658
:100E000000F0C6F9F80316D529684FF480308860E1
:100E1000B80303D5284600F0BEF90CE0780302D5EC
:100E200044F4004407E0380302D544F4803402E07F
:100E3000284600F0AFF9300707D55FEACB6004D54C
:100E40002968102044F40074C86070074FF0080748
:100E500007D55FEA0B7004D52868C760284600F004
:100E600059F9B00706D52868C068800702D028461F
:100E700000F052F9700607D55FEACA6004D5296808
:100E8000102044F480640861B00607D55FEA0A7058
:100E900004D528680761284600F048F9F00606D511
:100EA00028680069800702D0284600F040F9B003A6
:100EB00008D55FEAC96005D5296810204860284632
:100EC00000F036F9F00307D55FEA097004D5286809
:100ED0004760284600F060F9300446D55FEA497063
:100EE00040D5F00504D55FEAC87001D044F0010494
:100EF000B00504D55FEA887001D544F0020470059E
:100F000004D55FEA487001D544F00404300529D5C2
:100F100018F0700F26D008F07000402815D006DCBD
:100F2000102809D020280AD0302816D10AE05028ED
:100F30000ED0602811D10EE044F008040DE044F01A
:100F400010040AE044F0200407E044F0400404E008
:100F500044F0800401E044F480742868816921F041
:100F600070018161296804204860002C05D0686AFE
:100F7000204368622846FFF773FEBDE8F09F70B516
:100F8000040003D094F8200010B104E0012070BDEB
:100F9000204600F081F82068016841F001010160FD
:100FA00000F058FA0546052604E000F053FA401B0D
:100FB0000A2811D820684068C007F6D02068016868
:100FC00021F00201016000F045FA05460BE000F057
:100FD00041FA401B0A2806D9606A40F4003060627A
:100FE00084F82060D2E7206840688007EFD4207E34
:100FF0000128206801683DD021F080010160607EF9
:1010000001282068016838D021F040010160A07EED
:1010100001282068016833D021F020010160E07EC2
:101020000128206801682ED041F010010160207F66
:1010300001282068016829D021F008010160607F43
:1010400001282068016824D021F004010160D4E95E
:1010500002010843D4E90412114308436168491EA0
:1010600008432168C86100206062012084F82000E4
:10107000002070BD41F08001C0E741F04001C5E7AC
:1010800041F02001CAE721F01001CFE741F008014B
:10109000D4E741F00401D9E710B586B00446142125
:1010A0006846FFF739F918492068884229D117485E
:1010B0000021026842F000720260006800F00070D7
:1010C000059012481038026842F00202026000687F
:1010D00000F0020005904FF4407000900220CDE92E
:1010E000010103200390092004906946084800F09C
:1010F000ABF800220521142000F070FC142000F051
:101100005FFC06B010BD00000064004040380240A3
:101110000004024070470000034910B5884201D125
:1011200008F00CFD10BD000040040020704770471F
:101130007047000070B5044690F82000012804D0E4
:10114000606A40F40020606218E0022084F8200009
:101150002068016821F00101016000F07BF905467B
:101160000EE000BF00F076F9401B0A2808D9606A3B
:1011700040F400306062052084F82000012070BD3A
:1011800020684068C007EDD1606270BD704770474D
:1011900070477047704770477047000070B504464D
:1011A00000F058F90546601C02D004480078044459
:1011B00000F050F9401BA042FAD370BD5800002047
:1011C00010B5114A01280CD0022815D0102819D1C9
:1011D0002021104600F030F90CA0BDE8104007F0C7
:1011E000C7BF2021104600F027F90BA007F0C0FF71
:1011F000BDE8104007F082BD2021104600F01CF928
:1012000008A0EAE710BD0000000802404B45595F06
:101210003320B0B4CFC20D004B45595F3120B0B47C
:10122000CFC20D004B45595F3220B0B4CFC20D0084
:10123000044910B50A68024202D00860FFF7C0FFF7
:1012400010BD0000143C01402DE9F84FDFF8BCA1AF
:101250000022012503264FF00F090AF1040BAAF121
:10126000040E00BF0B6805FA02F42340A34270D1BC
:101270000F7907F00307012F01D0022F16D18768DD
:101280004FEA420806FA08FC27EA0C07D1F80CC01E
:101290000CFA08FC4CEA070CC0F808C04768A743E2
:1012A0000C79C4F3001494403C4344600C79E4434B
:1012B000A4070AD0C4684FEA420C06FA0CF7BC43F4
:1012C0008F6807FA0CF72743C7600C7904F0030412
:1012D000022C12D1D40800EB840CDCF82040570714
:1012E000FF0E09FA07F824EA0804D1F8108008FA7A
:1012F00007F848EA0408CCF8208004684FEA420C5A
:1013000006FA0CF7BC430F7907F0030707FA0CF74E
:10131000274307604C6814F4403F70D03C4C27686A
:1013200047F480472760246822F0030704F48044D0
:101330000094384C07EB040CDCF8084897074FEA98
:10134000177809FA08F7BC43334FB84202D1002797
:1013500024E054E0314FB84201D101271EE0304F64
:10136000B84201D1022719E02E4FB84201D103271C
:1013700014E02D4FB84201D104270FE02B4FB842A3
:1013800001D105270AE02A4FB84201D1062705E01E
:10139000284FB84201D1072700E0082707FA08F7CD
:1013A0002743CCF80878DAF800405746D1F804C053
:1013B0009C435FEACC2C00D51C433C60DBF800402A
:1013C0005F46D1F804C09C435FEA8C2C00D51C43D7
:1013D0003C60DEF800407746D1F804C09C435FEAE9
:1013E0008C3C00D51C433C60084F083F3C68D1F85A
:1013F00004C09C435FEACC3C00D51C433C60521CBB
:10140000102AFFF42FAFBDE8F88F0000083C014020
:101410004438024000300140000002400004024015
:1014200000080240000C024000100240001402407C
:1014300000180240001C0240426921EA02030A40EF
:1014400043EA0241816170470AB181617047090432
:10145000FBE700000148806870470000580000204A
:10146000D0F8DC0305F0DBBCD0F8DC0305F0E8BC09
:10147000006806F069BB006806F06ABBC1EB0111A9
:1014800000EB8100002200F81A2F4270C2728272B3
:1014900010467047C1EB011100EB810090F84C0041
:1014A0007047C1EB011100EB8100806B704710B5F4
:1014B000044690F8D403012809D0012084F8D4030D
:1014C000206806F050FB002084F8D40310BD0220F1
:1014D00010BD2DE9FF4F83B00546DDE9117690F888
:1014E000D403DDF8408093468A4601281CD0CAEB1D
:1014F0000A11012305EB810485F8D4334FF000096C
:1015000084F819900698207584F815A084F8267040
:101510000BF07F00A07551462846FFF7AFFF5FEA4A
:101520000B6005D5E37505E0022007B0BDE8F08F3C
:1015300084F81790286806F00BFB012F06D1B8F14C
:10154000010F03D110B9BC2E00D9BC2684F8188035
:10155000B0B22085CDF80080CDE9017028685A46E8
:101560005146069B06F06AFB85F8D493DDE7D0F878
:10157000DC0305F0DBBC2DE9F0030E46DDE906C90E
:10158000DDE90874C1EB061100EB81010225CA7583
:1015900081F82630BCF1000F0AD081F82A500024CF
:1015A00063B1012B31D0022B28D0032B16D125E0BB
:1015B0004FF0030881F82A804C76F0E7BCF1010F68
:1015C0000CD11AB18A7E012A19D007E0D7B90122BD
:1015D00081F83D2000E0C2B181F82A50C1F82C907A
:1015E0004F6381F84C408C634E7581F84D40827991
:1015F0000068BDE8F003143106F0B0BB12B191F8F9
:101600003C20E8E791F83D20E5E781F82A40E5E74E
:101610002DE9F04106680446304606F0A0FA01289C
:1016200077D1206806F056FD002872D0206806F0B9
:1016300051FD800203D521684FF4001048612068F5
:1016400006F048FDC00203D521684FF480104861C0
:10165000206806F03FFD400103D521684FF080600F
:101660004861206806F036FD800702D52168022017
:101670004861206806F02EFD800018D521684FF0E3
:1016800000504861D6F84004C00710D11021304600
:1016900006F03CFA304606F01DFA607A022803D1C3
:1016A0000121206806F0F2FC2046FFF7DDFE2068ED
:1016B00006F010FDC00102D5204601F08CFB206829
:1016C00006F008FD000705D5204600F0C8F821689F
:1016D00008204861206806F0FDFC800124D52068C0
:1016E00006F038FB074600254FF0010815E000BF63
:1016F00005F00F0108FA01F038420DD006EB451055
:10170000D0F80005E9B20004204603D501F02AF81C
:1017100002E01CE001F0E4F96D1C6079A842E7D812
:1017200021684FF000704861206806F0D3FCC04388
:10173000C0060CD42068816921F010018161204627
:1017400001F093FB2068816941F010018161BDE8DF
:10175000F081F8B5040005D094F8D503256800267B
:1017600010B106E00120F8BD84F8D463204600F0F3
:1017700029F8032084F8D503B5F1A04F00D1A67154
:10178000206806F073F9207C8DF8000094E80F00C3
:1017900006F00CF9022560B90121206806F0D6FC9C
:1017A00038B9207C8DF8000094E80F0006F006FCA4
:1017B00010B184F8D553D5E7012084F8D503002073
:1017C000F8BD000010B586B0044614216846FEF747
:1017D000A3FD2068B0F1A04F2FD119480021026865
:1017E00042F001020260006800F0010005904FF431
:1017F000C05000900220CDE90101032003900A208F
:10180000049069460F48FFF71FFD0D48001D016851
:1018100041F0800101600A481430016841F48041C0
:1018200001600068002200F48040059005214320FB
:1018300000F0D4F8432000F0C3F806B010BD00005B
:101840003038024000000240D0F8DC0305F087BBCE
:10185000D0F8DC0305F087BB006806F05EBCD0F86A
:10186000DC0305F02BBB10B5044690F8D403012827
:101870000DD0012084F8D4030121206806F00EF970
:10188000206806F021F9002084F8D40310BD02205E
:1018900010BD10B5044690F8D403012809D00120EA
:1018A00084F8D403206806F07FFC002084F8D40379
:1018B00010BD022010BD000002488168027811446A
:1018C00081607047580000200B4810B5016841F452
:1018D00000710160016841F480610160016841F4B8
:1018E00080710160032000F099F80F2000F006F8E5
:1018F00000F04AF8002010BD003C024030B505461B
:101900001C4887B00024016841F0010101600068B3
:1019100006A900F00100009001A800F02BF900F0EA
:1019200059F915494000B0FBF1F11548134A491E19
:10193000026040F2E732C0E90324C0E90114846187
:1019400000F08AFB040012D10D4800F0DBFB04001C
:101950000DD1192000F034F8102D07D200222946AD
:10196000192000F03BF80748056000E0012407B0AB
:10197000204630BD4438024040420F000000014084
:10198000400500205C0000200C4882B0016841F452
:1019900080410160006800F4804000900748001F0B
:1019A000016841F0805101600068002200F0805021
:1019B00000900F21901E02B000F010B84438024091
:1019C000002809DB00F01F0201219140400980003E
:1019D00000F1E020C0F8001170470000F0B40E4B99
:1019E0001B680C46C3F30223C3F10705042D00D97D
:1019F0000425191D072901D2002300E0DB1E012662
:101A000006FA05F1491E214099409E40761E164077
:101A10003143F0BC07F0D0BB0CED00E0064900F00C
:101A2000070208684FF6FF03184040EA0220034A05
:101A300010430860704700000CED00E00000FA055C
:101A40002DE9F0470E46050065D0DFF81481D8F87F
:101A50000000F7B200F00700B04207D288F800702B
:101A6000D8F8000000F00700B04254D128683D4C7F
:101A7000810712D5400703D5206840F4E05020606C
:101A80002878000703D5206840F460402060206873
:101A9000A96820F0F000084320602878C0072DD006
:101AA000304968680839012812D0022813D0032869
:101AB00011D00968890700292DDA216821F0030176
:101AC00001432160FFF7C6FC814641F2883A0EE0EF
:101AD00009688903EFE709688901ECE7FFF7BAFCB9
:101AE000A0EB0901514502D90320BDE8F087206829
:101AF000696800F00C00B0EB810FEFD1D8F800104E
:101B0000404601F00701B14207D90770006800F0B4
:101B10000700B04201D00120E7E72878400705D54B
:101B20002068E96820F4E050084320602878000726
:101B300006D52068296920F4604040EAC100206091
:101B400000F058F82168084AC1F30311515CC840FD
:101B50000649086006480068FFF7D0FE0020C4E789
:101B6000003C02400838024080D400086400002095
:101B70005C0000200F2202600C4A136803F003038C
:101B80004360136803F0F0038360136803F4E053C9
:101B9000C36012684FF4E05303EAD20202610448C2
:101BA000006800F007000860704700000838024035
:101BB000003C02400448054900680968044AC1F332
:101BC0008221515CC8407047640000200838024000
:101BD00090D400080448054900680968044AC1F324
:101BE0004231515CC8407047640000200838024010
:101BF00090D40008154810B5006810F00C02144885
:101C000013D01449042A0FD0082A0ED10F4C241FD8
:101C10002268236802F03F025B0207D52068C0F308
:101C20008810A0FB010106E0084610BD2168C1F341
:101C30008811A1FB00010023FEF724FB2168C1F3FA
:101C40000141491C4900B0FBF1F010BD08380240C9
:101C50000024F40040787D012DE9F84F04006ED097
:101C60002078DFF84C93C007A9F104054AD009F1A8
:101C700004000168C1F38101012908D00068C0F3A4
:101C8000810002280AD1D9F80000400206D5286850
:101C9000800337D560680028E1D033E06068B0F594
:101CA000803F10D0B0F5A02F286810D020F48030ED
:101CB0002860286820F4802028606068A8B1FFF7B9
:101CC000C9FB06460DE0286840F48030F4E740F494
:101CD00080202860F7E700BFFFF7BCFB801B64286B
:101CE00073D828688003F7D50CE0FFF7B3FB0646EE
:101CF00005E000BFFFF7AEFB801B6428F0D8286822
:101D00008003F7D42078DFF8AC8280074FF0000A18
:101D10003ED5A748001D016811F00C0F08D00068DF
:101D2000C0F3810002280BD1D9F80000400207D48B
:101D30002868800716D5E068012800D112E033E159
:101D4000E068B8B10120C8F80000FFF783FB064641
:101D500005E000BFFFF77EFB801B0228C0D8286883
:101D60008007F7D52868216920F0F80040EAC10013
:101D700028600DE0C8F800A0FFF76CFB064604E001
:101D8000FFF768FB801B02281FD828688007F7D45C
:101D90002078000722D5864F87486169703771B176
:101DA00001210160FFF756FB064604E0FFF752FBF6
:101DB000801B022809D838688007F7D50EE0C0F8E4
:101DC00000A0FFF747FB064605E082E0FFF742FB75
:101DD000801B02287DD838688007F7D42078400718
:101DE00068D5DFF8CCB100270BF13C0BDBF8000025
:101DF000C0000BD4DBF8001041F08051CBF800108C
:101E0000DBF80000012700F0805000906B4E306836
:101E1000C00510D4306840F480703060FFF71AFBC2
:101E2000009005E0FFF716FB0099401A022850D8F1
:101E30003068C005F6D55E4EA0686C3601280FD01C
:101E40000528306810D020F001003060306820F0A4
:101E500004003060A068B8B1FFF7FCFA00900FE012
:101E6000306840F00100F4E740F004003060F7E72C
:101E7000FFF7F0FA0099411A41F28830814266D8A2
:101E800030688007F4D50EE0FFF7E4FA009007E031
:101E9000FFF7E0FA0099411A41F28830814256D8A2
:101EA00030688007F4D42FB1DBF8001021F08051A6
:101EB000CBF80010A069C8B33D49091D0968C1F3FA
:101EC000810102294AD00228504607D0C8F8600094
:101ED00000E03CE0FFF7BEFA04463BE04746C8F8A6
:101EE0006000FFF7B7FA064605E000BFFFF7B2FA59
:101EF000801B02282BD828688001F7D4D4E9070179
:101F00000843A16A2E4A490802EB0141626A41EA8C
:101F10008211084394F82C1040EA0161C9F80010BE
:101F200001203866FFF796FA044606E03EE000BF5F
:101F3000FFF790FA001B022809D828688001F7D51E
:101F400034E000BFFFF786FA001B022802D9032005
:101F5000BDE8F88F28688001F4D427E00128F7D085
:101F6000D9F80000E26900F4800191421CD1226A94
:101F700000F03F01914217D147F6C071626A0140FB
:101F8000B1EB821F10D1A26A4FF0FF3300F4403151
:101F900003EB5202B1EB024F06D194F82C1000F083
:101FA0007060B0EB016F01D00120D1E70020CFE7D6
:101FB0000438024000004742800E47420070004053
:101FC0000000FFFF7047704770B590F83C20012A71
:101FD00032D0012480F83C40022280F83D20036882
:101FE0005A689D6822F070060A6832435A60134BA3
:101FF00002689A4214D0B2F1804F11D0104B9A422D
:102000000ED0104B9A420BD00F4B9A4208D00F4B78
:102010009A4205D00E4B9A4202D00E4B9A4204D1FE
:10202000496825F080031943916080F83D40002104
:1020300080F83C10084670BD022070BD00000140D1
:102040000004004000080040000C00400004014073
:10205000004001400018004010B5040003D094F87F
:102060003D0010B107E0012010BD002084F83C00C5
:10207000204600F01FF8022084F83D00211D206852
:1020800001F02AFF012084F8460084F83E0084F81D
:102090003F0084F8400084F8410084F8420084F84E
:1020A000430084F8440084F8450084F83D00002093
:1020B00010BD000008B501681048B1F1804F14D080
:1020C0000F4A914219D1016841F010010160006886
:1020D000002200F01000009005213620FFF77EFC62
:1020E000BDE808403620FFF76BBC016841F00101F4
:1020F0000160006800F00100009008BD4038024017
:102100000010004090F83D10012901D001207047D7
:10211000022180F83D100168CA6842F00102CA60DD
:1021200000681149884214D0B0F1804F11D00F4996
:1021300088420ED00E4988420BD00E49884208D002
:102140000D49884205D00D49884202D00C49884289
:1021500004D1816801F00701062903D0016841F02C
:1021600001010160002070470000014000040040B0
:1021700000080040000C0040000401400040014005
:102180000018004070B5044690F83C000025012876
:1021900017D0012684F83C60022084F83D002068B6
:1021A000826822F0770222F47F4282600868502819
:1021B00038D00DDC20284FD005DC90B3102811D189
:1021C0004AE0022070BD302846D040280AD13BE0CA
:1021D00060282FD070280DD0B0F5805F03D0B0F507
:1021E000005F12D0012584F83D60002084F83C0097
:1021F000284670BDCB68D1E90121206801F0E5FED9
:102200002068816841F0770109E0CB68D1E90121BC
:10221000206801F0DAFE2068816841F48041816025
:10222000E1E719E0CA684968206801F0A3FF50217E
:10223000206806E0CA684968206801F0ACFF6021A8
:10224000206801F0CCFECEE7CA684968206801F03A
:1022500091FF40212068F4E7226801461046F0E72C
:1022600070472DE9F04104460068C66805694FF0E3
:102270000007A90713D5B10711D5F91E0161012087
:102280002077206880698007204602D0FFF7E8FFAA
:1022900004E000F0BBF8204600F04DF9277768070E
:1022A00016D5700714D521686FF00400086102206C
:1022B00020772068806910F4407F204602D0FFF725
:1022C000CFFF04E000F0A2F8204600F034F92777B1
:1022D000280715D5300713D521686FF0080008616D
:1022E000042020772068C0698007204602D0FFF7CD
:1022F000B7FF04E000F08AF8204600F01CF92777C9
:10230000E80616D5F00614D521686FF010000861B4
:10231000082020772068C06910F4407F204602D052
:10232000FFF79EFF04E000F071F8204600F003F98B
:102330002777E80708D0F00706D021686FF0010082
:102340000861204600F09AF9280608D5300606D51F
:1023500021686FF0800008612046FFF733FE6806B1
:1023600008D5700606D521686FF040000861204648
:1023700000F08EF9A8060AD5B00608D521686FF0DE
:10238000200008612046BDE8F041FFF71CBEBDE813
:10239000F081000070B586B0044614216846FDF750
:1023A000BBFF2068B0F1804F27D115480024016899
:1023B00041F001010160016801F00101059101682E
:1023C00041F0020101600068022500F00200059062
:1023D0002C200090CDE901540126CDE90346694641
:1023E0000848FEF731FF08200090CDE90154CDE9FF
:1023F000034669460448FEF727FF06B070BD00009B
:10240000303802400000024000040240704770B5BE
:10241000044690F83C0000260D4601280FD001200C
:1024200084F83C006AB1042A1DD0082A2FD00C2A57
:102430003FD00126002084F83C00304670BD0220C9
:1024400070BD206801F0D4FD2068816941F0080169
:1024500081612068816921F00401816120688169BE
:102460002A69114311E0206801F0F2FD20688169BA
:1024700041F4006181612068816921F4806181619A
:10248000206881692A6941EA02218161D2E72068D6
:1024900001F014FE2068C16941F00801C1612068A3
:1024A000C16921F00401C1612068C1692A69114331
:1024B00011E0206801F036FE2068C16941F4006136
:1024C000C1612068C16921F48061C1612068C1696E
:1024D0002A6941EA0221C161ACE710B5040003D0CA
:1024E00094F83D0010B107E0012010BD002084F8F1
:1024F0003C00204600F01EF8022084F83D00211D1B
:10250000206801F0E9FC012084F8460084F83E00D0
:1025100084F83F0084F8400084F8410084F84200C9
:1025200084F8430084F8440084F8450084F83D00B2
:10253000002010BD7047704710B50446022249B113
:1025400004290ED0082913D094F84100012816D090
:10255000012010BD94F83E000128F9D184F83E20F6
:102560000FE094F83F000128F2D184F83F2008E002
:1025700094F840000128EBD184F8402001E084F871
:1025800041200122206801F013FD16492068164AF7
:10259000884201D0904203D1436C43F4004343642A
:1025A0002068884213D0B0F1804F10D00F49884284
:1025B0000DD00F4988420AD00E49884207D0904278
:1025C00005D00D49884202D00C49884204D1816867
:1025D00001F00701062903D0016841F00101016003
:1025E000002010BD00000140000401400004004034
:1025F00000080040000C004000400140001800406E
:1026000030B504460D460068002201F0D1FC194B9C
:1026100041F2111120688A10984202D0164B98425C
:1026200009D1036A0B4206D1036A134203D1436CFA
:1026300023F4004343642068036A0B4206D1016A15
:10264000114203D1016821F00101016001203DB177
:10265000042D08D0082D09D084F84100002030BD99
:1026600084F83E00FAE784F83F00F7E784F840007A
:10267000F4E7000000000140000401400068034945
:10268000884201D1FFF718B97047000000000140EF
:10269000704770B5040004D094F84100002510B1D3
:1026A00006E0012070BD84F84050204600F024F878
:1026B000242084F841002068C16821F40051C160E1
:1026C000204602F033FF2068016921F49041016146
:1026D0002068416921F02A0141612068C16841F404
:1026E0000051C1606564202084F8410084F84200F4
:1026F0006563002070BD000010B586B0044614214B
:102700006846FDF709FE14492068884221D1134824
:102710000021026842F010020260006800F0100020
:1027200005900E481438026842F001020260006809
:1027300000F0010005904FF4C06000900220CDE948
:102740000101032003900720049069460448FEF726
:102750007BFD06B010BD000000100140443802406F
:10276000000002402DE9F05F054600680E4607466E
:1027700005F0A8FCC6EB061140074FF007084FF024
:10278000040905EB810401D5484633E03146286849
:1027900005F098FCC0054FF0080A08D507EB461174
:1027A0004FF48070C1F8080584F84DA028E0314648
:1027B000286805F087FC000705D507EB4611C1F82E
:1027C00008A506200CE03146286805F07BFC400592
:1027D00009D507EB46114FF48060C1F808050920C0
:1027E00084F84D000CE03146286805F06BFC0006CB
:1027F0000AD5802007EB4611C1F8080584F84D8002
:102800003146286805F0AFF93146286805F05AFCD2
:1028100080052868314604D505F0A5F94FF400700D
:1028200059E105F04FFCC0074FF0200B4FF0010AB3
:102830004FF000084ED007EB4617C7F808B5E07E0A
:10284000012807D184F81B80D7F8040520F48030D4
:10285000C7F80405A87930B1206BD7F81015C1F37B
:102860001201401AA06384F84DA0C4F84480524677
:10287000C7F808A594F8260030B1022804D0032830
:102880000AD0012808D013E03146286805F06BF91A
:102890001020C7F808050BE0D7F8000540F00050FD
:1028A000C7F8000584F84C2031462846FEF75FFE45
:1028B000A879012807D1208DA16B0144491EB1FBE5
:1028C000F0F0C00704D014F83C0F80F00100207035
:1028D000BDE8F09F3146286805F0F4FB80060CD572
:1028E00007EB4611C1F808B5A07E0128F0D184F8A5
:1028F0001BA0032084F84D00B4E03146286805F0A1
:10290000E1FB80074FF0050B75D507EB4610022160
:10291000C0F8081594F84D20012A16D0062A19D0BF
:10292000072A1CD0092A1AD0052A33D0032A63D0DB
:10293000042A7DD0082A7ED0022AC9D094F84C20DF
:1029400031462846FEF713FEC2E784F84D1084F89E
:102950004CA0F3E784F84D1084F84CB0EEE784F80F
:102960004D10626C521C6264022A10D9C4F8448073
:10297000A27E4146012A07D1E1762177D0F80415DD
:1029800021F48031C0F8041584F84C90D6E784F81F
:102990004C1022E084F84D10E27E012ACED194F84A
:1029A0002620032AF3D1A26C521CA264022A11D958
:1029B000C4F8488084F81B80616C032901D284F834
:1029C0001CA0D0F8041521F48031C0F8041584F857
:1029D0004C9002E084F84C10B0E794F8261009B14E
:1029E0000229ABD1D0F8001521F0804141F000411F
:1029F000C0F80015A2E724E084F84D10E27E012A19
:102A00009CD184F84C10D0F8041541F48031C0F802
:102A10000415D0F80C1541F04001C0F80C15D0F8A1
:102A20000C1521F02001C0F80C15D6E700E002E0FB
:102A300084F84D10ABE784F84D10606C401C606466
:102A4000A2E73146286805F03DFB400610D507EBAC
:102A500046114020C1F8080584F84DB0A07E08B9A1
:102A6000C4F8448031462868BDE8F05F05F07BB8C3
:102A70003146286805F026FBC0067FF565AF94F85F
:102A80002600032803D028B1022803D00FE0C4F8A1
:102A9000448006E0C4F84480A87910B1E07E0128A3
:102AA00018D184F84D903146286805F05CF8E07E36
:102AB00001280FD107EB461084F81B80D0F80415CD
:102AC00021F48031C0F80415D0F80C1541F0200134
:102AD000C0F80C15102007EB4611C1F80805F7E601
:102AE0002DE9F05F054600680F46064605F0EAFA54
:102AF000C7EB071140074FF0040A05EB810405D529
:102B000006EB4711C1F808A5072089E03946286877
:102B100005F0D8FA80064FF000084FF001094FF099
:102B2000020B28D506EB47112020C1F80805607E6E
:102B30000326012809D184F8198084F84CB084F860
:102B40004D603946286805F00EF8A07E012810D1A6
:102B5000E07E00280DD194F82600012801D084F8E9
:102B60001B9084F84D603946286804F0FCFFC4F8D7
:102B70004480BDE8F09F3946286805F0A3FA800537
:102B800006D506EB47114FF40070C1F8080549E07F
:102B90003946286805F096FAC00720D0C4F844806A
:102BA0003946286805F08EFA400606D506EB47112F
:102BB00084F819904020C1F80805E07E48B106EB82
:102BC000471084F81B80D0F8041521F48031C0F838
:102BD000041506EB47114846C1F8089520E0394630
:102BE000286805F06FFA40060ED5052084F84D00E0
:102BF000A07E08B984F81990C4F844803946286842
:102C000004F0B1FF402028E03946286805F05AFA60
:102C100000070DD506EB47110820C1F8080506206E
:102C200084F84D0039462868BDE8F05F04F09BBF8A
:102C30003946286805F046FAC00613D5C4F8448022
:102C400084F84DA0607E18B9207E08B984F81990E8
:102C50003946286804F087FF102006EB4711C1F8B9
:102C6000080586E73946286805F02CFA000626D5BF
:102C7000A87970B1606C401C6064022811D9C4F856
:102C80004480524684F84CA039462846FEF76FFC33
:102C900013E0072084F84D003946286804F063FFEC
:102CA0000BE006EB471084F84CB0D0F8001521F08B
:102CB000804141F00041C0F800158020CDE7394641
:102CC000286805F0FFF9400509D5092084F84D0072
:102CD0003946286804F047FF4FF48060BDE7394665
:102CE000286805F0EFF98007BBD506EB4712584678
:102CF000C2F808B594F84D10012917D003293AD02D
:102D000004293ED005294CD006294DD0072901D0F1
:102D10000929A6D184F84D00616C491C616402291F
:102D200048D9C4F8448084F84CA04DE084F84D00A4
:102D300084F84C9094F82600022801D0032843D14F
:102D4000A87928B994F83D0080F0010084F83D008E
:102D5000A879012838D1606B10B3218D0844401E3A
:102D6000B0FBF1F0C0072FD094F83D0080F00100D7
:102D700084F83D0028E084F84D00E17E012916D05A
:102D800022E084F84D0084F84C00E07E01281BD13D
:102D900084F81B80D2F8040520F48030C2F80405C2
:102DA00012E084F84D0002E084F84D00052084F81C
:102DB0004C0009E084F84C00D2F8000520F0804077
:102DC00040F00040C2F8000594F84C2039462846EF
:102DD000FEF7CDFBCDE67CB504680546D4F840048B
:102DE0000190D4F8400420F02E0000900198800754
:102DF00009D50198C00702D02846FEF731FB00989C
:102E000040F0020000900198000724D5009840F09F
:102E100008000090019840071AD5687A022803D06C
:102E2000E87901280CD00FE00198C0F34140022856
:102E3000286803D0012105F029F905E00221FAE70D
:102E40004EF66020C4F804042846FEF701FD02E0B7
:102E50002846FEF7F9FC01988006009802D540F05C
:102E600020000090C4F840047CBD2DE9F0410246EA
:102E700000680646016AC1F3434301F00F07C1F33E
:102E80000A15022B2ED1002D2CD0C7EB071102EB17
:102E90008104E16A002925D0A26B636B2A449A421F
:102EA00022D82A4605F01AF9E06A2844E062A06BAD
:102EB0002844A06306EB4710D0F81015228DC1F30B
:102EC000C941AA420ED100290CD0D0F8001521F03A
:102ED000804141F00041C0F8001514F83C0F80F02B
:102EE00001002070BDE8F081042084F84C00F9E76F
:102EF000FEE700007CB50D460021144647F6FF733F
:102F0000412829D007DC98B1012816D0082819D00B
:102F1000092808D11BE0422823D0432826D0442882
:102F200029D045282CD0CDE90031102319A22BE05F
:102F3000CDE9003110231AA226E0CDE9003110239B
:102F400019A221E0CDE90031102319A21CE0CDE93E
:102F50000031102318A217E0CDE90031102318A288
:102F600012E0CDE90031102317A20DE0CDE90031C8
:102F7000102317A208E0CDE90031102317A203E0C7
:102F8000CDE90031102318A22146284600F06CFC40
:102F90007CBD0000CEDED0A7D7B4CCAC00000000D2
:102FA000CAA7C4DC00000000CAB9C4DC00000000ED
:102FB000B3ACD1B900000000C7B7D1B90000000020
:102FC000B9FDB5E7C1F700004D4F53B9FDCEC200C2
:102FD000CFDFC8A6B9FDCEC200000000CDA8D1B693
:102FE000B6AACAA700000000B9FDD4D800000000AE
:102FF0007CB514460D4620B14FF4FC614FF6FF70CE
:1030000002E04FF2DE710020CDE90001102303A29F
:103010002146284600F028FC7CBD0000CAB9C4DC6B
:10302000000000007CB50D4614464FF6FF710128E4
:103030000BD0002808D11F20102306A2CDE90010D4
:103040002146284600F010FC7CBD4FF4FC601023A4
:1030500003A2F3E7C6C1C4BBBFD8D6C600000000B8
:10306000CAD6B1FABFD8D6C6000000007CB50D465E
:103070000021144647F6FF73B0F5397F04D2CDE93D
:103080000031102308A209E0CDE90031B0F53E7F00
:103090004FF0100301D906A200E007A221462846FE
:1030A00000F0E2FB7CBD0000B7B4D7AA000000002E
:1030B000D5FDD7AA00000000CDA3D6B900000000BE
:1030C0007CB514460D4601280CD0002809D148F2E1
:1030D0003041CDE90001102305A22146284600F029
:1030E000C3FB7CBD4FF4FC614FF6FF70F1E70000BD
:1030F000B7A2CBCD000000002DE9F843054698B2F9
:10310000009001F1080083B2164605F1080082B272
:103110000C46A1F1080081B2A5F1080080B200F0D0
:10312000EBF8B6B2AF1DA5F106082346BAB21FFAF6
:1031300088F01946009600F0C5FA601C83B281B28F
:10314000BAB21FFA88F0009600F0BCFAA71DA4F1ED
:1031500006082A46BBB21FFA88F11046009600F016
:10316000B1FA6D1CBBB2AAB21FFA88F1A8B20096E0
:1031700000F0A8FABDE8F883F8B5044698B20090CC
:1031800001F1080083B2164604F1080082B20D4630
:10319000A1F1080081B2A4F1080080B200F0ACF8FF
:1031A000B7B2A61DA41F2B46B2B2A0B21946009713
:1031B00000F088FA6D1CABB2B2B2A9B2A0B200970F
:1031C00000F080FAF8BD00002DE9FF4F07B2C2F110
:1031D00001000EB2002415B20FFA80F85BE000BFC8
:1031E00005EB060904EB070B1FFA89F11FFA8BF0B8
:1031F000039A00F06BF81FFA89F1A7EB04091FFA94
:1032000089F0039A00F062F8A6EB050A1FFA8AF12A
:103210001FFA89F0039A00F059F81FFA8AF11FFA91
:103220008BF0039A00F052F804EB060905EB070B4C
:103230001FFA89F11FFA8BF0039A00F047F8A7EB09
:10324000050A1FFA89F11FFA8AF0039A00F03EF886
:10325000A6EB04091FFA89F11FFA8BF0039A00F01C
:1032600035F81FFA89F11FFA8AF0039A00F02EF858
:10327000B8F1000F05DA08EB4400C01C0FFA80F823
:1032800007E0611B08EB4100401D6D1E0FFA80F83E
:103290002DB2641C24B2A542A2DCBDE8FF8FF8B5B4
:1032A0000546540820449EB282B2281B0F4680B2C5
:1032B0000B46009600F006FA381983B2381B81B22B
:1032C0002A461046009600F0FDF9F8BD30B5094CCD
:1032D0002A232380050AA31C1D80C0B218802B203E
:1032E0002080080A1880C8B218802C2020801A80FC
:1032F00030BD0000FEFF01602DE9F05F8346A2EBC8
:103300000B00DFF840A0401C1E460C4685B24FF073
:103310002C090AF102080A9F0FE02146584609F0DD
:103320007FF8AAF800900020414602E00F80401C80
:1033300080B2A842FAD3641CA4B2B442EDD9BDE86D
:10334000F09F0000FEFF0160F0B50025174C059EC0
:1033500028E000BF154F4FF02A0CBF1EA7F800C091
:103360004FEA102CA4F800C020804FF02B0CA7F8D7
:1033700000C001EB050C4FEA1C2EA4F800E0A4F8F5
:1033800000C04FF02C0CA7F800C0002706E000BFDB
:1033900036F802CBA4F800C07F1CBFB29742F7D327
:1033A0006D1CADB29D42D5D3F0BD0000000002609F
:1033B0002DE9F04387B0142101A8FCF7ADFFB14F10
:1033C0000020F871B0480068AF4940F01F00086065
:1033D0004FF400480120CDE9018003900320DFF87D
:1033E000AC92049001A94846FDF72EFF4CF6B3704D
:1033F00001900220029001200390032004900C20F1
:10340000059001A9A248FDF71FFF4FF680700190BB
:103410000220029001200390032004900C200590CC
:1034200001A99C48FDF710FF97480830006840F05C
:1034300001019548083001604FF0204500202860C8
:103440006860C5F80401286840F480502860286846
:1034500040F480402860286840F0100028606868C8
:103460006860686840F00F006860686840F47050F9
:103470006860D5F80401C5F80401D5F8040140F0EE
:103480000900C5F80401D5F8040140F40060C5F84E
:103490000401286840F001002860322006F056FD43
:1034A0007D4E00203080B41C2080322006F04EFD7E
:1034B000002008F017FED320308020882088208844
:1034C000B88080B24FF6FF7101EA002120880143E5
:1034D000B98072A005F04CFED5F8040120F00F0071
:1034E000C5F80401D5F8040140F40070C5F80401E2
:1034F000D5F8040120F47060C5F80401D5F8040182
:1035000040F00300C5F80401CF2030800020208067
:10351000C122228030202080ED2131806421218051
:10352000032121801221218081212180E821318005
:1035300085212180102121807A232380CB23338091
:10354000392323802C2323800023238034232380CA
:1035500002232380F723338020232380EA23338030
:10356000002323802380C02333801B2323803280C9
:1035700001222280C522328020802080C720308016
:10358000B720208036203080482020803A203080AC
:1035900055202080B1203080002020801A202080FB
:1035A000B62030800A232380A2202080F2203080A1
:1035B000002020802620308001202080E0203080E4
:1035C0000F2020802A22228028252580082525807A
:1035D0004FF00E0CA4F800C0258054252580A925A5
:1035E000258043252580238020800023238023807D
:1035F00023802380E123338000232380152323802D
:103600001723238007232380112323800625258069
:103610002B2525804FF0560CA4F800C04FF03C0C31
:10362000A4F800C04FF0050CA4F800C02180208051
:103630003F21218021802080358000202080208033
:103640000120208021803280002020802080208066
:10365000EF2020803380782006F078FC292030800D
:10366000002000F09FF8002000907B883A880146F7
:10367000FFF742FEC9F818800120F87107B0BDE8D5
:10368000F083000058010020303802400000024062
:10369000000C024000100240FEFF0160CFD4CABE01
:1036A000C6C1BCECB2E22020202020202020202017
:1036B0002020202020D0BEC6AC49443A2025780DD9
:1036C0000A0000002DE9FE4F161ACDE900104FF058
:1036D00000085D1A47464FF0FF30002E02DD4FF024
:1036E000010102E003D14FF000018B4602E0834666
:1036F000C6F10006002D02DD4FF0010002E003D10B
:103700004FF00000824602E08246C5F10005AE425D
:1037100001DD344600E02C46601C4FF000090290A9
:1037200019E000980C9A81B2019880B2FFF7CEFDA3
:10373000B0442F44A04504DD0198A8EB0408584488
:103740000190A74203DD00983F1B5044009009F10F
:1037500001001FFA80F902998945E2DDBDE8FE8F7C
:103760002DE9F8411E46079C1746884605460B463C
:103770000094FFF7A7FF3A463346414610460094AF
:10378000FFF7A0FF33463A46194628460094FFF754
:1037900099FF2A463346414610460094FFF792FFB0
:1037A000BDE8F88170B50023F02423494FF4A075DB
:1037B0001A46012803D078B103280DD000E0062076
:1037C00001268E710D804C8078B1032808D0052821
:1037D00008D0062808D008E08A710C804D80F3E7F5
:1037E000C02302E0602300E0A02343F00804134B51
:1037F00036201880981C0480A4060C884D8802D5B9
:10380000AC4202D303E0AC4201D90D804C802A24A3
:103810001C80028002800C88641E250A0580E4B2A8
:1038200004802B241C80028002804988491E0A0AD9
:103830000280C9B2018070BD58010020FEFF016006
:103840002DE9F0411E4615460F468046012407E04B
:103850003346224639464046FFF7B6FC641CA4B204
:10386000AC42F5D9BDE8F0812DE9FC5FDFF880803E
:103870000546DDE90CBA98F807001C4616460F46C7
:10388000002833D0A9460C2C2DD0102C2BD0182C6E
:1038900029D0202C27D0182425E000BFB8F800102C
:1038A000091BA94202DA39194D468FB2B8F8020055
:1038B000001BB8421ADB7F2A23460AD23946284623
:1038C000CDE900AB06F0E0FC05EB540085B2761CB8
:1038D00009E0324639462846CDE900AB06F046FD00
:1038E000281985B2B61C3278002AD7D1BDE8FC9FD2
:1038F000580100200F4810B50D49016002214160B8
:1039000000214FF470228160C0E903124FF440128D
:103910004261017641768176C17601774177FDF784
:103920002EFB002803D0BDE81040FDF797B810BD6E
:1039300000640040400400207CB511480025CDE91A
:1039400000502B4680220FA1134809F0DFFB0C4CDE
:10395000124E241F0023E06020784FF4807206EBA3
:103960008000CDE900500EA1124809F0CFFBE060C5
:103970002078401CC0B2207046F820507CBD00006A
:103980004C000020436F6D6D756E69636174696FE3
:103990006E5461736B0000009109000874010020EF
:1039A000546F7563685F4D616E6167655461736BD9
:1039B00000000000BD4100082DE9F04186B014214F
:1039C0006846FCF7A9FC39480024016841F08001F1
:1039D0000160016801F080010591016841F0010179
:1039E0000160016801F001010591016841F00401E5
:1039F0000160016801F004010591016841F00201D4
:103A0000016000682A4E00F002000590012220218A
:103A10003046FDF719FDDFF89C8000220421404666
:103A2000FDF712FD01254FF48810CDE9005002206A
:103A3000214F029069463846FDF706FC122000909F
:103A40004FF40410CDE9010569463846FDF7FCFB4B
:103A500020200090CDE90154694630460394FDF7DB
:103A6000F3FB04200090CDE90154694640460394DD
:103A7000FDF7EAFB002205210620FDF7AFFF062037
:103A8000FDF79EFF002205210720FDF7A7FF072075
:103A9000FDF796FF002205210A20FDF79FFF0A206F
:103AA000FDF78EFF06B0BDE8F0810000303802401F
:103AB00000080240000402400000024010B58EB031
:103AC00000240794089409940A940B941C216846D6
:103AD0000C94FCF721FC2A484FF080410160A7219B
:103AE000C0E9011440F2CF71C0E903148461FEF70C
:103AF000B3FA08B1FCF7B2FF4FF48050079007A962
:103B00001F48FEF73FFB08B1FCF7A8FF1C48FEF773
:103B1000E4FC08B1FCF7A2FF0B940BA918480C9425
:103B2000FEF752FA08B1FCF799FF6020CDE90004D6
:103B300002940022694612480494FEF768FC08B11A
:103B4000FCF78CFF042269460D48FEF760FC08B1C3
:103B5000FCF784FF082269460948FEF758FC08B1C3
:103B6000FCF77CFF0C2269460548FEF750FC08B1C3
:103B7000FCF774FF0248FEF70DFC0EB010BD00000C
:103B8000680400201CB500240F4800940D490194DE
:103B90000160A721C0E9011444F61F61C1608021C2
:103BA0008161FEF759FA08B1FCF758FF00946946A5
:103BB00005480194FEF708FA002801D0FCF74EFFF3
:103BC0001CBD000000100040B00400200C4810B5DF
:103BD0000A4901604FF4E1314160002181600C220B
:103BE000C160C0E904128161C161FEF752FD002885
:103BF00003D0BDE81040FCF731BF10BD00100140FC
:103C0000F804002010B501220F49104803F09AF87B
:103C100008B1FCF723FF0E490C4803F0C9FD08B1B9
:103C2000FCF71CFF0B49094803F0C2FD08B1FCF783
:103C300015FF064803F0A0FE002803D0BDE81040A1
:103C4000FCF70CBF10BD00008D790008E089002052
:103C50000C0100202C010020FEE7000008B509F04F
:103C6000BBFA00900F4800F5887500F5087600F55E
:103C70004C740C490C4806F0AFF929460A4806F086
:103C8000ABF9012008F0FAFC3146074806F0A4F928
:103C90002146054806F0A0F90221684608F014FD07
:103CA000E7E70000407F002040040020FEE700001E
:103CB0000148FDF7ADBC0000D08F00201E3000EBA6
:103CC0004002C2EB80100144224843F6602200EB20
:103CD000410041F64E51244B095E00EE101A204976
:103CE000F8EEC00AB8EE040A20EE801ADFED1A0AD8
:103CF00061EE201A9FED191A81EE812A81ED002ACA
:103D0000125E01EE902A174AF8EEE11A61EE801A6F
:103D100061EEA01A81EE812A82ED002AB0F93C0002
:103D200001EE900A1148F8EEE11A21EE800A20EE29
:103D3000200AC0EE010AC3ED000A91ED000A80EDF1
:103D4000540A92ED000A80ED980A93ED000A80ED86
:103D5000DC0A7047584B0108F2D2654000003B4333
:103D6000100000201400002018000020407F0020D8
:103D700010B5502080F31188BFF34F8FBFF36F8FC2
:103D800009F030FA18B104494FF080500860002063
:103D900080F3118810BD000004ED00E030B593B051
:103DA00030216846FCF7B8FA14210CA8FCF7B4FAE5
:103DB0001E480025016841F080510160006800F054
:103DC000805011901A48016841F4804101600068F8
:103DD000022400F480401190012000900004019022
:103DE0008001CDE90640192008904FF4A870CDE974
:103DF000090404200B906846FDF72EFF08B172B647
:103E0000FEE70CA90F2081E831004FF4A0500F907D
:103E10004FF48050109005210CA8FDF711FE0028EA
:103E200001D072B6FEE713B030BD0000403802404A
:103E30000070004070B5194C2068194A10F00C0150
:103E4000184804D0184D042903D0082903D0026073
:103E50001BE0056019E01149091F0B68C3F3805688
:103E60000B6803F03F0316B1B5FBF3F201E0B2FBC0
:103E7000F3F20B680968C3F388135A43C1F3014195
:103E8000491C4900B2FBF1F101602168074AC1F306
:103E90000311515C0268CA40026070BD08380240DC
:103EA0000024F4006400002040787D0180D40008E4
:103EB0000248016841F470010160704788ED00E03C
:103EC0000148FEF7CEB90000400500200148FEF78A
:103ED000C8B90000B0040020F0B50268294C2A4D92
:103EE0002A4E2B4F2B4B4FF0804CA04209D06045FF
:103EF00007D0A84205D0B04203D0B84201D09842C2
:103F000004D122F0700E4A6842EA0E02A0421BD091
:103F1000604519D0A84217D0B04215D0B84213D08E
:103F2000984211D01C4DA8420ED01C4DA8420BD077
:103F30001B4DA84208D01B4DA84205D01A4DA842DF
:103F400002D01A4DA84203D122F44075CA682A4310
:103F50004D6922F080022A4302608A68C2620A68C0
:103F60008262A04201D0984201D109690163012116
:103F700041610169C90703D0016921F001010161B3
:103F8000F0BD0000000001400004004000080040B7
:103F9000000C00400004014000400140004401408A
:103FA0000048014000180040001C00400020004074
:103FB00010B501F01F030121046A99408C4304628B
:103FC000016A9A401143016210BD10B5846842EA4B
:103FD000032224F47F440A432243826010BD826896
:103FE00022F070020A4342F007018160704700002E
:103FF000F0B5036A026A22F0010202624268846933
:10400000124E24F073050C682C4323F002058B68D4
:104010002B430D4DA84201D0B04205D123F0080733
:10402000CB683B4323F00403A84201D0B04205D142
:104030004D6922F4407215438A692A4342608461C3
:10404000496841630362F0BD000001400004014083
:10405000F0B5026A036A23F01003036243688469BF
:104060000D6824F4E64444EA05248D6822F0200219
:1040700042EA05120F4D104EA84201D0B04206D1BF
:10408000CF6822F0800242EA071222F04002A842E2
:1040900001D0B04207D14D6923F4406343EA850360
:1040A0008D6943EA850343608461496881630262E4
:1040B000F0BD00000000014000040140F0B5026ABC
:1040C000036A23F4807303624368C46922F40072B4
:1040D00024F073050C68124E2C438D6842EA0522C9
:1040E0000E4DA84201D0B04206D1CF6822F4006242
:1040F00042EA072222F48062A84201D0B04207D1EE
:104100004D6923F4405343EA05138D6943EA0513CF
:104110004360C4614968C1630262F0BD00000140B0
:104120000004014030B5046A026A22F4805202623F
:104130004268C3690D6823F4E64343EA05238D68AA
:1041400024F4005444EA0534084DA84202D0084D36
:10415000A84204D14D6922F4804242EA85124260AD
:10416000C36149680164046230BD00000000014081
:104170000004014010B5036A046A24F001040462DB
:10418000846924F0F00444EA021423F00A020A438A
:104190008461026210BD10B5036A046A24F0100441
:1041A0000462846923F0A00324F4704444EA0232D8
:1041B00043EA01118261016210BD00002DED048B04
:1041C000A0B00A2008F05AFAFE4801270770FE48FE
:1041D000407830B1FD4901EB800050F8040C08F044
:1041E000B9FA00244FF4A073F0222146204600942F
:1041F000FFF782F84FF6FF75CDE900541823F4A2BB
:1042000008210A20FFF730FB4FF6E070CDE90004EB
:104210001823F4A228213A20FFF726FB48F2304960
:1042200025234E46F02219460020CDF80090FFF7D6
:1042300049FA2623F022194600200096FFF742FA99
:10424000CDE900541023EAA248210E20FFF70CFB11
:10425000DFF8B08348228C21B8F80000FEF706FF93
:104260005A23B02246210C200096FFF779FA2B46FC
:10427000002269211620FEF77FFF2B4600226921CC
:104280003220FEF739FFCDE900541023DEA2612170
:104290005020FFF7E9FADE484822B5210078FEF702
:1042A000A7FEB8F800104FF2DE76A1F50070EE38E8
:1042B00006D0CDE9004610236121D6A2B52007E043
:1042C0004FF47840CDE900501023D2A26121B520EF
:1042D000FFF7CAFACB480288D0A102A804F058FF21
:1042E000CDE90054A346AA46102302AA61217820F2
:1042F000FFF7BAFA00214FF6FF70CDE90001102355
:10430000C7A276210E20FFF7AFFAC94876226E21A8
:104310000078FEF7EFFD8823B02274210C20CDF841
:104320000090FFF71DFAC2487622B5210078FEF70B
:104330005FFE4FF2DE710020CDE900011023BDA227
:104340008F21B520FFF790FA4FF6FF7300229721D7
:104350001620FEF711FF4FF6FF730022972132203F
:10436000FEF7CAFE00214FF6FF70CDE900011023D1
:10437000B2A28F215020FFF777FA9FEDB20BB3481E
:1043800053EC102B90ED000B51EC100BFCF776F872
:104390009FEDAF1B53EC112BFCF7E2F841EC100B37
:1043A000ADA153EC102B02A804F0F2FE00214FF651
:1043B000FF70CDE90001102302AA8F217820FFF7BA
:1043C00053FA00214FF6FF70CDE900011023A4A29B
:1043D000A4210E20FFF748FAA448A4226E210078F9
:1043E000FEF788FD48F230400090B623B022A221AB
:1043F0000C20FFF7B5F99D48A422B5210078FEF7FF
:10440000F7FD4FF2DE710020CDE90001102389A2F3
:10441000BD21B520FFF728FA4FF6FF730022C52112
:104420001620FEF7A9FE4FF6FF730022C5213220A9
:10443000FEF762FE00214FF6FF70CDE90001102368
:104440007EA2BD215020FFF70FFA9FED7E0B88481A
:1044500053EC102B90ED000B51EC100BFCF70EF809
:104460009FED7B1B53EC112BFCF77AF841EC100B02
:1044700079A153EC102B02A804F08AFE00214FF61C
:10448000FF70CDE90001102302AABD217820FFF7BB
:10449000EBF900214FF6FF70CDE90001102375A262
:1044A000D2210E20FFF7E0F97548D2226E21007864
:1044B000FEF720FD48F230400090E423B022D021E6
:1044C0000C20FFF74DF96E48D222B5210078FEF797
:1044D0008FFD4FF2DE710020CDE90001102355A2BF
:1044E000EB21B520FFF7C0F94FF6FF730022F3214F
:1044F0001620FEF741FE4FF6FF730022F321322013
:10450000FEF7FAFD00214FF6FF70CDE90001102300
:104510004AA2EB215020FFF7A7F99FED4A0B59481B
:1045200053EC102B90ED000B51EC100BFBF7A6FF9A
:104530009FED471B53EC112BFCF712F841EC100BCD
:1045400045A153EC102B02A804F022FE00214FF6E7
:10455000FF70CDE90001102302AAEB217820FFF7BC
:1045600083F900214FF6FF70CDE90001102346A228
:1045700019010E20FFF778F946484FF480726E213A
:104580000078FEF7B7FC48F2304000904FF4897392
:10459000B022FE210C20FFF7E3F83E484FF4807272
:1045A000B5210078FEF724FD4FF2DE710020CDE941
:1045B000000110231FA240F21911B520FFF754F992
:1045C0006AE0000009000020480000209C01002053
:1045D000CBAE20CFC220CAB820C1BF20CDC620BDDF
:1045E000F8000000B5F720CAD420C3E620B0E500EB
:1045F000C2DDD0FDBDB0B5E7BBFAD7B4CCACA3BA31
:10460000000000000A00002050574D3A0000000052
:1046100004000020B8B4CEBB0000000025640000F8
:10462000BBF9B5E7BBFAD7B4CCACA3BA0000000025
:1046300005000020B4E6C1E300000000504F533AEB
:104640000000000000000000008066402000002004
:1046500000000060B81E094025332E3166000000BE
:10466000B9D8BDDA31D7B4CCACA3BA00060000206B
:1046700028000020B9D8BDDA32D7B4CCACA3BA0038
:104680000700002030000020B9D8BDDA33D7B4CC01
:10469000ACA3BA00080000204FF6FF73002240F2DE
:1046A00021111620FEF768FD4FF6FF73002240F23D
:1046B00021113220FEF720FD00214FF6FF7010235C
:1046C000AFF28802CDE9000140F219115020FFF746
:1046D000CBF81FED240BFF4853EC102B90ED000B93
:1046E00051EC100BFBF7CAFE1FED271B53EC112BEF
:1046F000FBF736FF41EC100B53EC102BAFF2A80187
:1047000002A804F045FD00214FF6FF70CDE900013D
:10471000102302AA40F219117820FFF7A5F8EE48FD
:104720004FF49772B5210078FEF7CAFC4FF4FC6194
:104730004FF6FF70CDE900011023E8A24FF4977106
:104740000F20FFF791F848F230410020CDE9000139
:104750001023E4A24FF497714120FFF785F8E34856
:104760004FF4977273210078FEF75CFCDFEDE09A5E
:10477000E04D05F588701D9005F508701C9005F555
:104780004C709FEDDD9A9FEDDD8BDE4E1B9001207E
:1047900007F074FF04F076FA00287BD03078012807
:1047A00078D10A2007F06AFF04F06CFA0028F4D0F0
:1047B000D94686F800B004F0B3F9804604F0B6F9A3
:1047C000044601464FF4FC624046FEF77FFD234657
:1047D0004246CDA1D04804F0DBFCCDE900A90C2372
:1047E000CD4A05210820FFF73FF8A8F1B609B9F135
:1047F0001F0F62D2482C1FD9582C1DD2BB480078FD
:10480000D0B9C64800780028C44803D001780129EF
:1048100006D00BE007700C21C148FDF78DFE05E0C6
:1048200080F800B00C21BE48FDF7EAFEBB484822E4
:10483000B5210078FEF7DCFB612C3ED9712C3CD20F
:10484000AA48007838BBB74940F2EE2008800846F5
:104850000188B34800680164B2480288AFF244217D
:1048600002A804F095FC102302AA61217820CDE96A
:1048700000ABFEF7F9FFAB480188A1F50070EE38F8
:104880000AD04FF2DE701023AFF27822CDE900B0EB
:10489000612109E0F8E310E04FF478401023AFF213
:1048A0008C22CDE900A06121B520FEF7DDFF9D48F7
:1048B00048228C210088FEF7D9FBA8F10F001E903A
:1048C0000F2850D2612C4ED9712C4CD287480078D9
:1048D000E8BB944800889349401F08800846018837
:1048E0008F48006801641F23002269211620FEF70B
:1048F00043FC8C4848228C210088FEF7B7FB89488E
:104900000188A1F50070EE3808D04FF2DE70102358
:10491000AFF20032CDE900B0612107E04FF47840FA
:104920001023AFF21032CDE900A06121B520FEF7CF
:104930009BFF7C480288AFF21C3102A804F028FCDF
:104940001023612102AA7820CDE900AB00E00AE043
:10495000FEF78AFF322007F091FE534600226921BC
:104960001620FEF709FCA8F12B000F2850D2612C6D
:104970004ED9712C4CD25D480078E8BB694800885C
:104980006849401D08800846018865480068016440
:104990001F23002269213220FEF7AEFB6148482226
:1049A0008C210088FEF762FB5E480188A1F500704B
:1049B000EE3808D04FF2DE701023AFF2A832CDE906
:1049C00000B0612107E04FF478401023AFF2BC3211
:1049D000CDE900A06121B520FEF746FF51480288CD
:1049E000AFF2C83102A804F0D3FB1023612102AA60
:1049F0007820CDE900AB00E00AE0FEF735FF322079
:104A000007F03CFE5346002269213220FEF774FB7A
:104A1000B9F11F0F58D2762C15D9862C13D23348F2
:104A2000007880B940480078324900283F4812D0C9
:104A300005F0FFFAC82007F021FE3B487622B52199
:104A40000078FEF7D5FA8F2C3ED99F2C3CD2274810
:104A5000007818B138E005F00FFBEBE71F201023BA
:104A6000AFF23042CDE900B08F21B520FEF7FCFE59
:104A700095F83C2029882D4807F072FC9FED2C0BFF
:104A80002D4853EC102B90ED000B51EC100BFBF765
:104A9000E9FD02D2B8EE080A01E0B0EE080A2748A4
:104AA00085ED110A80ED009A90ED000A322085ED27
:104AB000100A07F0E3FD1023AFF28842CDE900BAF7
:104AC0008F21B520FEF7D0FE1E980F2857D28F2CCD
:104AD00055D935E0380000201C000020D2B3C3E6D1
:104AE000D2BB0000D2B3C3E6B6FE00000000002037
:104AF000CDCCCC3D407F002000000000BA168B5C7E
:104B0000A2B90E4040000020583A253364202059B5
:104B10003A25336400000000D80100200400002082
:104B2000680400200A000020050000204004002046
:104B30000000000000000000200000200C00002009
:104B40009F2C1CD2FE480078C8B9FE481F230022C3
:104B500090ED000A972130EE690A80ED000A90ED91
:104B6000000A162085ED100AFEF706FB322007F03A
:104B700085FD5346002297211620FEF7FDFAA8F185
:104B80002C001F900E2820D28F2C1ED99F2C1CD2B7
:104B9000EB480078C8B9EB481F23002290ED000ACB
:104BA000972130EE290A80ED000A90ED000A3220AC
:104BB00085ED100AFEF7A0FA322007F05FFD53469C
:104BC000002297213220FEF797FAB9F11F0F46D243
:104BD000A42C15D9B42C13D2D948007880B9DA485E
:104BE00000781D990028D94812D005F022FAC82073
:104BF00007F044FDD448A422B5210078FEF7F8F967
:104C0000BD2C2CD9CD2C2AD2CD48007818B126E065
:104C100005F032FAEBE71F201023AFF2E852CDE99E
:104C200000B0BD21B520FEF71FFE95F84C21B5F868
:104C30001011C64807F094FBC54880ED009A90ED2E
:104C4000000A502085ED540A07F018FD1023AFF23A
:104C50001C62CDE900BABD21B520FEF705FE1E9805
:104C60000F282BD2BD2C29D9CD2C27D2B4480078BF
:104C700020BBB74890ED000A10EE100AFBF7DFFCEE
:104C800053EC182BFBF7F4FBFBF704FD00EE100AC6
:104C9000AF481F23002280ED000A90ED000AC521D5
:104CA00085ED540A1620FEF767FA322007F0E6FC7D
:104CB00053460022C5211620FEF75EFA1F980E28E3
:104CC0002BD2BD2C29D9CD2C27D29D48007820BBD2
:104CD0009F4890ED000A10EE100AFBF7B0FC53EC71
:104CE000182BFBF724FBFBF7D5FC00EE100A9848C5
:104CF0001F23002280ED000A90ED000AC52185EDFA
:104D0000540A3220FEF7F8F9322007F0B7FC534678
:104D10000022C5213220FEF7EFF9B9F11F0F46D26C
:104D2000D22C15D9E22C13D28548007880B9894855
:104D300000781C990028854812D005F07AF9C8201F
:104D400007F09CFC8348D222B5210078FEF750F989
:104D5000EB2C2CD9FB2C2AD27948007818B126E00C
:104D600005F08AF9EBE71F201023AFF23872CDE986
:104D700000B0EB21B520FEF777FD95F85C22B5F881
:104D80002012724807F0ECFA734880ED009A90ED1B
:104D9000000A502085ED980A07F070FC1023AFF24E
:104DA0006C72CDE900BAEB21B520FEF75DFD1E98CF
:104DB0000F282BD2EB2C29D9FB2C27D26048007866
:104DC00020BB654890ED000A10EE100AFBF737FC97
:104DD00053EC182BFBF74CFBFBF75CFC00EE100AC6
:104DE0005D481F23002280ED000A90ED000AF321A8
:104DF00085ED980A1620FEF7BFF9322007F03EFC39
:104E000053460022F3211620FEF7B6F91F980E280C
:104E10002BD2EB2C29D9FB2C27D24948007820BB78
:104E20004D4890ED000A10EE100AFBF708FC53EC19
:104E3000182BFBF77CFAFBF72DFC00EE100A464816
:104E40001F23002280ED000A90ED000AF32185ED7A
:104E5000980A3220FEF750F9322007F00FFC534633
:104E60000022F3213220FEF747F9B9F11F0F4DD28E
:104E7000B4F5807F17D9B4F5887F14D23048007814
:104E800088B9364800781B990028304815D005F0BD
:104E9000D0F8C82007F0F2FB30484FF48072B521FB
:104EA0000078FEF7A5F8B4F58D7F2FD3B4F5947F85
:104EB0002CD82348007818B128E005F0DDF8E8E7A1
:104EC0001F201023AFF69402CDE900B040F2191173
:104ED000B520FEF7C9FC95F86C23B5F830131B48D4
:104EE00007F03EFA1E4880ED009A90ED000A50202F
:104EF00085EDDC0A07F0C2FB1023AFF6C802CDE94E
:104F000000BA40F21911B520FEF7AEFC1E980F282A
:104F100042D2B4F58D7F3FD3B4F5947F3CD8084896
:104F20000078C8BB0E4890ED000A10EE100AFBF79F
:104F300086FB53EC182BFBF79BFAFBF7ABFB11E05E
:104F4000000000200C00002006000020400400208B
:104F5000100000200700002014000020080000209E
:104F60001800002000EE100A79481F23002280ED6F
:104F7000000A90ED000A40F2211185EDDC0A1620AE
:104F8000FEF7FAF8322007F079FB5346002240F290
:104F900021111620FEF7F0F81F980E282FD2B4F535
:104FA0008D7F2CD3B4F5947F29D86A48007830BB24
:104FB000674890ED000A10EE100AFBF740FB53EC37
:104FC000182BFBF7B4F9FBF765FB00EE100A6048FD
:104FD0001F23002280ED000A90ED000A40F221110B
:104FE00085EDDC0A3220FEF787F8322007F046FB19
:104FF0005346002240F221113220FEF77DF8B9F12C
:105000001F0F2DD24FF497794C4529D9B4F59F7FC6
:1050100026D25048007818BB4F48007800284E48E8
:1050200003D0017801290ED014E007704B4900230A
:10503000CDE900B180224AA14C4808F067F8474901
:105040000839C86006E080F800B044480838806835
:1050500007F080FB40484A46B5210078FEF730F85B
:10506000A8F174003F2821D24FF497794C451DD9FF
:10507000B4F59F7F1AD2374800780028354804D00D
:105080000178012905D00BE05AE00770FEF7BAFD60
:1050900006E080F800B03648D0F8E80507F05AFB83
:1050A0002C484A4673210078FDF7BCFFA8F1420066
:1050B0002F2845D24FF49778444541D9B4F59F7FC6
:1050C0003ED22548017801290BD180F800B0424634
:1050D000B5210078FDF7F4FF20480838806807F014
:1050E00039FB1C4C207801280BD184F800B02048F3
:1050F000D0F8E80507F02EFB424673212078FDF733
:1051000091FF3770DFF85480DFF86890A8F1080845
:105110005C4698F80110002309EB8100CDE900B04E
:105120004FF4807214A1194807F0F0FFC8F80C0082
:1051300098F80100401CC0B288F8010049F82040EE
:1051400003F0A0FD00287FF422AB3770FFF71FBBF0
:1051500018000020000000201C000020500000204B
:105160004D6F746F725F5461736B00005D3C00089B
:10517000E08900209C010020696B5F546F756368B3
:105180005F4D616E6167655461736B00C1A4000877
:10519000F0B506464B4885B0016841F0100101604A
:1051A00048481438016841F001010160464C00256F
:1051B000E56014216846FBF7AFF84FF4C06000903B
:1051C0000220019001200290032003900720049008
:1051D00069463E48FCF738F8012211462520FCF7C5
:1051E000FDFB2520FCF7ECFBFEF724FE384F38686A
:1051F000400800EE100A3001B8EE401A00EE100A26
:10520000B8EE400AC1EE000ABCEEE00A10EE100A49
:1052100080B200EE100AB8EE400A30EEC00AF3EE9B
:10522000000A20EE200ABCEEC00A10EE101A89B265
:1052300041EA0010A060E06840F00400E060E0682F
:1052400040F00800E060E06820F48050E0602561F4
:10525000206920F4405020616561606920F04000C1
:105260006061606920F080006061E06820F080008B
:10527000E060E06840F02000E060E06840F010008E
:10528000E0606FF0F0002060E06840F40050E06003
:105290001049A1F54660416000F5666181600EA08D
:1052A00003F066FFFEF7C6FD1A493868B0FBF1F15E
:1052B00019A003F05DFF3146204803F059FF05B007
:1052C000F0BD0000443802400010014000000240E0
:1052D00064000020D84E00200D0D0D3D3D3D3D3DAC
:1052E0003D3D3D3D3D3D202053544D33324634300D
:1052F00037564520CDE2C9E820B3F5CABCBBAFB1F3
:10530000A8B8E6203D3D3D3D3D3D3D3D3D3D3D0D8B
:105310000000000040420F00CFB5CDB3CAB1D6D3D4
:10532000C6B5C2CA202020202020202020202020F6
:10533000202564204D487A0D00000000BCA2010821
:10534000F0B50E4B00224FF4006C16469D680AE043
:105350009C89875C2F55641CA4B29C81644500D154
:105360009E81521C92B28A42F2D30548C168090656
:1053700003D4C16841F08001C160F0BD78420020D3
:10538000001001402DE9F047264D2868264C000604
:105390004FF0000705F104064FF4007218D52148BC
:1053A0000C300168090613D5E189A3685B5C3360A2
:1053B000491C89B2E181914200D1E781E189A2894A
:1053C000914203D1016821F080010160BDE8F087BE
:1053D0002868DFF8588080060ED5B8F8060090429D
:1053E00003D313A003F0C4FE19E032681B4B1A5418
:1053F000401CA8F80600E9E72868C006E6D5278023
:10540000914616496068FAF76EFFB8F806102180D9
:10541000A8F8067049461148FAF77EFF28683068F8
:10542000D4E70000004C0040A8420020D00000203B
:10543000BEAFB8E6A3BA5541525434B5A5D6A1BD06
:10544000D3CAD5C1BFA3ACD2D1B3ACB3F6BDD3CA16
:10545000D5BBBAB4E6B4F3D0A10D2100D8480020E2
:105460002DE9F041224C2068224D00064FF0000744
:105470004FF4007116D5E068000613D5E889AA68D4
:10548000125C6260401C80B2E881884200D1EF81EA
:10549000E889A989884203D1E06820F08000E060B3
:1054A000BDE8F0812068144E80060CD53089884212
:1054B00003D312A003F05CFE17E061681A4A11548E
:1054C000401C3081ECE72068C006E9D52F80884673
:1054D0000A4615496868FAF706FF3089288037813F
:1054E00041461148FAF718FF20686068D8E70000C5
:1054F00000500040B8420020D0000020BEAFB8E607
:10550000A3BA5541525435B5A5D6A1BDD3CAD5C10C
:10551000BFA3ACD2D1B3ACB3F6BDD3CAD5BBBAB47A
:10552000E6B4F3D0A10D2100D84A002070B504469E
:1055300000680169E26821F4405111430161216969
:10554000A068E26908436169114308432168CA6899
:1055500049F20C639A430243CA6020684169A26918
:1055600021F440711143416131492068884202D0E1
:105570003049884202D1FCF72DFB01E0FCF71AFB11
:10558000E2690023192164253226B2F5004F6268D2
:1055900028D0A0FB0101930F9200FAF773FE014699
:1055A000B0FBF5F06FF01802504301EB800006EB02
:1055B0000010B0FBF5F000F0F002B1FBF5F002EBEB
:1055C0000012B1FBF5F06FF01803584301EB8000B7
:1055D00006EB0010B0FBF5F000F00F00216810445E
:1055E000886070BDA0FB010192185B41FAF74AFE8A
:1055F0000146B0FBF5F00201B1FBF5F06FF01803C6
:10560000584301EB800006EBC000B0FBF5F000F062
:10561000F80002EB4002B1FBF5F0584301EB8000CB
:1056200006EBC000B0FBF5F000F00700D6E7000085
:1056300000100140001401402DE9F041244C206885
:10564000244D00064FF0000717D5E068000614D57A
:10565000E889A968095C6160401C80B2E881B0F506
:10566000006F00D1EF81E889A989884203D1E06801
:1056700020F08000E060BDE8F0812068164E8006D2
:105680004FF400710DD53088884203D313A003F086
:105690006FFD1AE061680F4A60321154401C30807F
:1056A000E9E72068C006E6D588460A4609492F8002
:1056B00060316868FAF717FE30882880054837801F
:1056C00041466030FAF728FE20686068D3E70000A2
:1056D0000010014078420020D0000020BEAFB8E6A4
:1056E000A3BA5541525431B5A5D6A1BDD3CAD5C12F
:1056F000BFA3ACD2D1B3ACB3F6BDD3CAD5BBBAB499
:10570000E6B4F3D0A10D21002DE9F047264D28681D
:10571000264C00064FF0000705F104064FF4007216
:1057200018D521480C300168090613D5E189A36812
:105730005B5C3360491C89B2E181914200D1E78111
:10574000E189A289914203D1016821F080010160C1
:10575000BDE8F0872868DFF8588080060ED5B8F8D5
:105760000200904203D313A003F002FD19E0326857
:105770001B4B1A54401CA8F80200E9E72868C00631
:10578000E6D52780914616496068FAF7ACFDB8F86F
:1057900002102180A8F8027049461148FAF7BCFDB2
:1057A00028683068D4E700000044004088420020A8
:1057B000D0000020BEAFB8E6A3BA5541525432B56E
:1057C000A5D6A1BDD3CAD5C1BFA3ACD2D1B3ACB30A
:1057D000F6BDD3CAD5BBBAB4E6B4F3D0A10D21004F
:1057E000D84400202DE9F047264D2868264C0006B5
:1057F0004FF0000705F104064FF4007218D5214858
:105800000C300168090613D5E189A3685B5C33603D
:10581000491C89B2E181914200D1E781E189A289E5
:10582000914203D1016821F080010160BDE8F08759
:105830002868DFF8588080060ED5B8F8040090423A
:1058400003D313A003F094FC19E032681B4B1A54E5
:10585000401CA8F80400E9E72868C006E6D52780C0
:10586000914616496068FAF73EFDB8F804102180A9
:10587000A8F8047049461148FAF74EFD28683068C8
:10588000D4E700000048004098420020D0000020EB
:10589000BEAFB8E6A3BA5541525433B5A5D6A1BDA3
:1058A000D3CAD5C1BFA3ACD2D1B3ACB3F6BDD3CAB2
:1058B000D5BBBAB4E6B4F3D0A10D2100D846002080
:1058C0002DE9F047264D2868264C00064FF00007CA
:1058D00005F104064FF4007218D521480C30016818
:1058E000090613D5E189A3685B5C3360491C89B262
:1058F000E181914200D1E781E189A289914203D1FE
:10590000016821F080010160BDE8F0872868DFF8B8
:10591000588080060ED5B8F80A00904203D313A031
:1059200003F026FC19E032681B4B1A54401CA8F8FF
:105930000A00E9E72868C006E6D52780914616499F
:105940006068FAF7D0FCB8F80A102180A8F80A704D
:1059500049461148FAF7E0FC28683068D4E70000AF
:1059600000140140C8420020D0000020BEAFB8E6BD
:10597000A3BA5541525436B5A5D6A1BDD3CAD5C197
:10598000BFA3ACD2D1B3ACB3F6BDD3CAD5BBBAB406
:10599000E6B4F3D0A10D2100D84C002010B50022B0
:1059A0004FF6FF7300EB8204B4F8904524040BD447
:1059B0009A4207D002F00F0300EB830041F400414C
:1059C000C0F89015D0B210BD521CD2B2102AE9D343
:1059D0001A46F7E710B501F019FA002010BD8278D9
:1059E000012A07D10222027401224274002242825B
:1059F0008182C2820022114600F00FB87FB51C469A
:105A0000012501AE0023009586E80E002A462146B6
:105A100001F0E0FA04B0002070BD2DE9F041044629
:105A20000125807803262F46012802D002281DD1A7
:105A300005E0A160A28127760220A0700EE020463A
:105A400000F090FE050004D0032D02D0022D04D0FA
:105A500004E0A7700020207600E0A770C4F8EC6591
:105A600031460022D4F8E40505F030FE2846BDE8B2
:105A7000F0817FB51D4690F81D35089C03B10024C8
:105A80000123CDE90031CDE9022400231A4629463D
:105A900001F0A0FA04B0002070BD1FB50023144629
:105AA000CDE900310822CDE902231A46214601F052
:105AB00091FA04B0002010BD06F0E0BD70B50546B7
:105AC000002005F5A76500BF00EB800404EBC004CF
:105AD00005EB4404E67B0A348E4201D0FF2909D14C
:105AE000A679964201D0FF2A04D1E4799C4206D0DF
:105AF000FF2B04D0401CC0B20228E5D3FF2070BDAC
:105B0000102907D200EB8100B0F89015C1F30E0107
:105B1000C0F890150020704730B48578029C012DA4
:105B20000FD141F0800101740621417403214282AA
:105B3000B1EB122F02D140F2094100E00021818235
:105B4000C482224630BC1946FFF767BF0A88037833
:105B50001A440A800178084470470000F8B50D46E1
:105B6000064600F11C04B1F5807F0AD90DA003F0B0
:105B7000FFFA0E4803F0FCFA0DA003F0F9FA032037
:105B8000F8BD23464FF40072002130460095FFF720
:105B9000C3FF0028F4D12A4621463046BDE8F8402C
:105BA00001F033BA4552524F523A2000DCA30108AB
:105BB0000A000000F8B50C460546B1F5806F0AD919
:105BC0000EA003F0D5FA0F4803F0D2FA0EA003F0AE
:105BD000CFFA0320F8BD05F58E731E464FF4807290
:105BE000002128460094FFF797FF0028F2D12246B3
:105BF00031462846BDE8F84001F0ACBA4552524F54
:105C0000523A200054A301080A000000F8B51C46CF
:105C10001646B3F5806F17D8B6B141F4407200F55F
:105C20008E731D4600210094FFF776FF002815D1E2
:105C30006978032912D129788A1EA24200D8144615
:105C40000021A2B2AD1C0FE00AA003F091FA0B48AC
:105C500003F08EFA0AA003F08BFA0320F8BD6B5C08
:105C6000891C06F8013B89B29142F8D300213170BA
:105C7000F8BD00004552524F523A200098A3010847
:105C80000A00000001004FF0000004D0012901D0FB
:105C9000022901D00220704701207047F8B505465F
:105CA000D0F888050126C4696079062864D2DFE847
:105CB00000F003632D033D4805F11C00ED8B092D19
:105CC0000DD90921ADF8001005E06946FFF73EFF48
:105CD0004178212905D0BDF80010A942F5D3022052
:105CE0001DE0017884F82610417884F82710418857
:105CF0002185017984F82A10417984F82B10817963
:105D000084F82C10B0F80700E085E8E7E18D28461C
:105D100000F02EFA10B1032803D02DE004206071AA
:105D20002AE016A003F024FA16A01FE00022114674
:105D3000284600F0F9FC052108B103281CD1617147
:105D40001AE00021284600F0FCFC10B1032809D01D
:105D500012E001206071D5F8E02502212846904725
:105D6000002609E005A003F003FA16A003F000FAEC
:105D700022A003F0FDF902263046F8BD4552524FED
:105D8000523A2000436F6E74726F6C206572726FAE
:105D9000723A204849443A20446576696365204751
:105DA0006574205265706F72742044657363726904
:105DB00070746F72207265717565737420666169A5
:105DC0006C656400436F6E74726F6C206572726FE5
:105DD000723A204849443A20446576696365205305
:105DE00065742070726F746F636F6C20726571756B
:105DF000657374206661696C656400000A000000C8
:105E00002DE9F04F2DED028B9BB000F09FFBA64CCF
:105E1000A44E607901287CD171680A2088479FEDE3
:105E2000A38AA34D012801D002280DD1B0EE080AA3
:105E300085ED110A94ED020A30EE080A84ED020A9B
:105E400094ED020A85ED100A716808208847012840
:105E500001D002280DD1B8EE080A85ED110A94EDA3
:105E6000020A30EE480A84ED020A94ED020A85ED3A
:105E7000100A7168042088479FED8E8B012801D09D
:105E8000022813D194ED050A10EE100AFAF7D7FB99
:105E900053EC182BFAF74BFAFAF7FCFB00EE100A5A
:105EA00084ED050A94ED050A85EDDC0A716806208B
:105EB0008847012801D0022813D194ED050A10EE7D
:105EC000100AFAF7BCFB53EC182BFAF7D1FAFAF7E1
:105ED000E1FB00EE100A84ED050A94ED050A85ED5C
:105EE000DC0A716807208847012801D0022815D1F3
:105EF00094ED040A10EE100AFAF7A1FB53EC182BEC
:105F0000FAF715FAFAF7C6FB00EE100A84ED040A58
:105F100000E0C1E094ED040A85ED980A716805205F
:105F20008847012801D0022813D194ED040A10EE0D
:105F3000100AFAF784FB53EC182BFAF799FAFAF7E0
:105F4000A9FB00EE100A84ED040A94ED040A85ED25
:105F5000980A71680F208847012801D0022813D1C0
:105F600094ED030A10EE100AFAF769FB53EC182BB4
:105F7000FAF7DDF9FAF78EFB00EE100A84ED030A5A
:105F800094ED030A85ED540A71680D2088470128B5
:105F900001D0022813D194ED030A10EE100AFAF78B
:105FA0004EFB53EC182BFAF763FAFAF773FB00EE8B
:105FB000100A84ED030A94ED030A85ED540A716812
:105FC0000B208847DFF8F480002540F2EE294FF2DD
:105FD000DE7A4FF4784B4FF6FF77012801D0022884
:105FE00029D1E0883230E080E188D8F800000164EF
:105FF00048228C21E088FDF739F8E1884FF0100342
:1060000049452FA24FF061014FF0B50002D0CDE914
:10601000005A01E0CDE9007BFDF726FCE2882AA1C9
:1060200002A803F0B5F8CDE90075102302AA61219A
:106030007820FDF719FC716809208847012801D0F4
:10604000022829D1E0883238E080E188D8F80000C1
:10605000016448228C21E088FDF708F8E1884FF0C0
:106060001003494516A24FF061014FF0B50002D070
:10607000CDE9005A01E0CDE9007BFDF7F5FBE288B0
:1060800011A102A803F084F8CDE90075102302AA3B
:1060900061217820FDF7E8FB60791BB0BDEC028B35
:1060A000BDE8F08FF400002004000020CDCC4C3E71
:1060B000407F0020BA168B5CA2B90E406804002015
:1060C000B8B4CEBB0000000025640000002383802C
:1060D000C380837202810160704770B5837A0024A7
:1060E000BBB901238372002311E0C5888688B542BD
:1060F00012D00668755D01F8015BC5886D1CADB2F4
:10610000C5800689B54200D1C4805B1C9BB2934216
:10611000EBD38472104670BD8472184670BDF0B522
:10612000837A0024EBB901238372002317E085886A
:10613000C7886E1CBE4217D0B0F808C0664500D1B3
:1061400097B1076811F8016B7E5585886D1CADB25B
:1061500085800689B54200D184805B1C9BB2934246
:10616000E5D384721046F0BD84721846F0BD00007D
:1061700008B5B1F5806F0AD909A002F0F9FF0A4805
:1061800002F0F6FF09A002F0F3FF032008BD009122
:1061900000F58E734FF408520121FFF7BDFC08BDD6
:1061A0004552524F523A200028A401080A0000002C
:1061B00030B4A125029C0574012542EA01214574F1
:1061C000418200218182C482224630BC1946FFF7F9
:1061D00024BC000070B50646D0F888050025C469C7
:1061E000617839B13046FFF7F5FB61783046FFF74B
:1061F00087FC6570217839B13046FFF7EBFB2178D9
:106200003046FFF77DFC2570D6F88805C06920B1BF
:1062100004F02EF9D6F88805C561054800F1100193
:10622000041D0EC984E80E0005704580002070BD75
:10623000F00000202DE9FE4F0546002671A002F077
:1062400097FF77A002F094FFFF231A4619462846CD
:10625000FFF734FC0746FF2801D0022F09D371A0B5
:1062600002F086FFD5F88805016871A002F080FF72
:1062700061E00146284601F0DBFA10B10220BDE8DA
:10628000FE8F342005F02AF9D5F888150446C86138
:10629000200027D03421FAF73FF80720A070B5F886
:1062A0003005DFF8B481DFF8B4914FF0000B4FF008
:1062B000030A01281BD0062826D0B0F5937F31D0E1
:1062C000A0F500718E3931D1B5F82E05A0F58061A9
:1062D0005E392BD162A002F04BFF51A002F048FFC3
:1062E00004211CE04FA002F043FF66A021E0B5F8B6
:1062F0002E05B0F5016F19D16CA002F039FF48A04E
:1063000002F036FF01210AE0B5F82E0579280DD1FB
:106310006DA002F02DFF42A002F02AFF022188F8B2
:10632000001014E0B5F82E05792808D088F800B0E0
:106330006CA002F01DFF3AA002F01AFF9EE76FA0CA
:1063400002F016FF36A002F013FF88F800A007EB5A
:106350008700C4F8309000EBC70084F802B005EB6A
:10636000400784F805B097F84E05A076B7F85005B9
:10637000208397F85205A0830A2801D20A20A0831F
:1063800097F84605022801D8804636E04FF002080B
:1063900007EBC60999F84E15080614D52171284651
:1063A000FFF7FCFA60700146B9F8500595F81D3505
:1063B000CDE9003A029095F81C352279284600F084
:1063C0001AFE617813E0E1702846FFF7E7FA2070C3
:1063D0000146B9F8500595F81D35CDE9003A02900F
:1063E00095F81C35E278284600F005FE2178002259
:1063F000284600F0CEFD761CF6B24645C8D30020F4
:106400003DE7000073746172742066696E642069F0
:106410006E74657266616365206E6F7700000000C0
:106420000A0000004445425547203A200000000081
:1064300043616E6E6F742046696E642074686520D7
:10644000696E7465726661636520666F722025737C
:1064500020636C6173732E00F00000201D6500083E
:10646000576972656C65737320416E64726F6964FD
:10647000205053322064657669636520666F756EBF
:106480006421000043616E6E6F7420616C6C6F63F9
:10649000617465206D656D6F727920666F7220483A
:1064A00049442048616E646C65000000576972655C
:1064B000642050533220563120646576696365202C
:1064C000666F756E642100005769726564205053D1
:1064D000322056322064657669636520666F756E7A
:1064E0006421000050726F746F636F6C206E6F7464
:1064F00020737570706F727465642E0057697265D1
:106500006C65737320504320505332206465766964
:10651000636520666F756E642100000010B501464A
:10652000D0F88805C069028B402A01D94022028335
:10653000054A42614FF42072083001F58E71FFF771
:10654000C5FD002010BD00001C6D002070B5D0F806
:106550008805164DC469287830B3228B22B3A06811
:1065600010B3134904F10800FFF7B7FD218B8842EF
:106570001AD12878012806D0022808D003280AD08A
:1065800004280CD00EE00A4801F0E8FF0AE00848B1
:1065900002F0A0F806E0064802F000FA02E0044823
:1065A00002F054F9002070BD022070BDF000002000
:1065B0001C6D00202DE9F84F0646D0F8880500250F
:1065C0000227C4694FF004094FF00108A0784FF08A
:1065D000070A072879D2DFE800F0041E7878413AEC
:1065E0005000216B30468847050009D038A002F0E2
:1065F000BFFD39A002F0BCFD3DA002F0B9FD1AE0DC
:1066000084F80280C6F8EC7539460022D6F8E40515
:1066100005F05CF859E0207E009000220121304610
:106620006369FFF7C5FD05004FF0050107D0012D97
:1066300007D0032808D084F802A00225E2E7A17061
:10664000E0E784F8028000E0A1700025DAE7D6F8E0
:10665000D005C007D6D084F80290D3E76378227EB5
:106660003046616900F0C2FB0620A070D6F8D00564
:106670002062002084F8240027E06178304600F092
:1066800019FC01286178304604D000F013FC05287D
:1066900014D01AE000F0F9FB94F82410A9B9A0B1C5
:1066A000A06890B1228B04F108006169FFF737FD03
:1066B00084F824803046FFF7A3FBA3E7A17E304691
:1066C000FFF78DF908B984F802902846BDE8F88FE5
:1066D0004552524F523A200048494420436C61735E
:1066E0007320496E6974206661696C6564000000FE
:1066F0000A00000010B5D0F88815C9698A78062A02
:1067000010D1D0F8D0250B6AD21A8B8B9A4209D3BC
:1067100004228A700221C0F8EC15D0F8E4050022AA
:1067200004F0D4FF002010BD212303740A23437416
:1067300042EA0121418200218182C1820A46FFF79B
:106740006CB9212202740B224274002209B14282E8
:1067500001E0012141828282C28200221146FFF7BC
:106760005CB900002DE9F84F0126017E04460B2795
:10677000032530464FF009084FF007094FF0050B8D
:106780004FF00D0A0C2919D2DFE801F0C5060E30D2
:106790003C465265707F8BA2627904F1100120465D
:1067A000FFF77BF902202BE06179204600F082FBA5
:1067B000012804D0042817D0022815D0ABE0207C93
:1067C000E18A00F0800031B1802801D1257676E0A1
:1067D00084F818B073E0802803D100BF84F81880D3
:1067E0006DE084F818906AE0277668E0D4F8D00568
:1067F000E0812379A2892046A168FFF7FFF80420F1
:10680000207688E02179204600F054FB0128E5D06D
:1068100005284ED1032652E000906379A2892046D4
:10682000A168FFF726F9D4F8D005E0810620E7E754
:106830006179204600F03EFB0128D2D0052804D023
:106840000228C5D0042803D065E00C202076E1E7BB
:106850002776022633E00022237911462046FFF7EF
:10686000CDF8D4F8D005E0810820C9E72179204689
:1068700000F020FB012804D00428B5D00528C9D099
:1068800049E084F818A0002619E0009000226379FE
:1068900011462046FFF7EDF8D4F8D005E0810A2034
:1068A000AEE76179204600F005FB012804D00228FC
:1068B00094D0042898D02EE0002684F818A0C4F8BC
:1068C000EC5529460022D4F8E40504F0FFFE22E04E
:1068D000617E491CC9B26176022902D82076A07077
:1068E00019E0D4F8E025062120469047002565767A
:1068F0000AA002F03DFC0BA002F03AFC13A002F04B
:1069000037FC61792046FFF7FBF821792046FFF735
:10691000F7F8257002263046BDE8F88F4552524FF1
:10692000523A2000436F6E74726F6C206572726F02
:10693000723A20446576696365206E6F74207265D3
:1069400073706F6E64696E67000000000A000000DB
:106950002DE9FE4F01274178002505260446B9465A
:106960004FF00D0800F58E7A08290CD2DFE801F00F
:10697000042C4B8EB0C9DDF308212046FFF71AF92D
:1069800010B1032806D00BE194F82D05A07184F80E
:1069900001904FE086A002F0EBFB87A002F0E8FB3D
:1069A00092A002F0E5FB94F81E05401CC0B284F8EA
:1069B0001E05032872D861792046FFF7A1F82179D6
:1069C0002046FFF79DF89AE012212046FFF7F2F8E3
:1069D00010B1032812D0E3E0B4F8301584A002F01F
:1069E000C7FB82A002F0C4FBB4F82E1583A002F00E
:1069F000BFFB7EA002F0BCFB02204DE06CA002F0C9
:106A0000B7FB81A04EE00121204600F08BFF10B1C2
:106A1000032829D0C4E00220FFF74EF8494684F845
:106A20001C9588A002F0A4FB70A002F0A1FB03203B
:106A30006070A07994F81D150091CDE9015094F88B
:106A40001C3521798022204600F0D5FAA07994F8EF
:106A50001D150091CDE9015094F81C356179002293
:106A6000204600F0C8FA9BE051A002F081FB7BA019
:106A700002F07EFB5DA002F07BFB85A002F078FBBC
:106A80005AA002F075FB84F8008062E009212046DC
:106A9000FFF764F818B90420607081E00FE0032864
:106AA0001FD07DE002F064FB50A002F061FB94F87F
:106AB0001E05401CC0B284F81E05032816D974A018
:106AC00002F056FB49A002F053FB84F8008067E017
:106AD000B4F83A152046FFF741F80028DFD1667078
:106AE0005EE033A002F044FB7948DBE761792046A1
:106AF000FFF706F821792046FFF702F86570257048
:106B00004EE094F83415062569B1FF23524620461D
:106B1000FFF77CF810B1032805D041E051466DA085
:106B200002F026FB1BE070A017E094F8351507254E
:106B300091B1FF2352462046FFF768F810B10328B1
:106B40000AD02DE051466DA002F012FB27A002F002
:106B50000FFB657024E00FE06CA002F009FB23A09E
:106B600002F006FB6570C4F8EC6531460022D4F8EB
:106B7000E40504F0ABFD13E094F8361599B1FF235A
:106B800052462046FFF742F810B103280BD007E029
:106B9000514662A002F0ECFA14A002F0E9FA0027D4
:106BA0003846BDE8FE8F62A002F0E2FAF4E700008A
:106BB0004552524F523A2000436F6E74726F6C20F0
:106BC0006572726F723A2047657420446576696316
:106BD000652044657363726970746F7220726571A9
:106BE00075657374206661696C6564000A00000055
:106BF0005049443A20257868000000005649443A3C
:106C00002025786800000000436F6E74726F6C205E
:106C10006572726F723A204765742046756C6C20FD
:106C20004465766963652044657363726970746F47
:106C3000722072657175657374206661696C656434
:106C4000000000004164647265737320282325648A
:106C5000292061737369676E65642E00436F6E74DB
:106C6000726F6C206572726F723A20446576696348
:106C70006520536574204164647265737320726586
:106C80007175657374206661696C6564000000004D
:106C9000436F6E74726F6C206572726F722C204439
:106CA0006576696365206E6F7420526573706F6ED0
:106CB00064696E6720506C6561736520756E706CD9
:106CC000756720746865204465766963652E0000E9
:106CD00010A301084D616E7566616374757265720B
:106CE000203A2025730000004D616E756661637463
:106CF00075726572203A204E2F41000050726F6409
:106D0000756374203A2025730000000050726F6490
:106D1000756374203A204E2F41000000536572695C
:106D2000616C204E756D626572203A2025730000FB
:106D300053657269616C204E756D626572203A20F0
:106D40004E2F410070B58CB00E46040030D084F850
:106D5000D8250025C4F88855C4F88C5504F5A464DA
:106D6000F9F736FEE57025706570A570A4F5A4648A
:106D70000EB1C4F8E065144B07AD0FCB85E80F00EA
:106D8000002107A804F045FC0F49C4F8E4051C22C3
:106D900010316846F9F7A7FA2146684604F0C4FCAA
:106DA000C4F8E805204600F099F800200CB070BD4A
:106DB00006A002F0DDF907A002F0DAF90AA002F05D
:106DC000D7F90220F2E7000090A201084552524F85
:106DD000523A2000496E76616C696420486F737482
:106DE0002068616E646C65000A0000007FB51C4677
:106DF000012501AE0023009586E80E0003232A46F4
:106E0000214600F0E7F804B0002070BD10B5D0F8BE
:106E1000DC05FAF74CFBBDE81040FEF733BF10B5B8
:106E2000012180F82015002280F8212580F82225F4
:106E3000C0F8EC15D0F8E40504F048FC002010BDC3
:106E400070B50125044680F82155002084F82005FE
:106E500084F82305204600F0B4F821792046FEF797
:106E60004FFE61792046FEF74BFEC4F8EC55002238
:106E70002946D4F8E40504F029FC002070BD10B5C3
:106E8000C820FAF78BF9002010BDD0F8DC05FAF71E
:106E900008BB10B50124D0F8DC05FAF7ECFA20B1F4
:106EA000012805D0022803D101E0002400E00224DB
:106EB000204610BDD0F8DC05FAF7ECBAD0F8D015B2
:106EC000491CC0F8D01501780B2905D1D0F88815D8
:106ED000002901D0896908477047000010B50446B1
:106EE00090F8D80501281CD10F484FF0A04102228C
:106EF000C0F8DC43C4F8DC050160082141710121C0
:106F0000C1710021817142728172FAF722FC08B1CD
:106F1000F9F7A4FD0448FAF7ABFA0146204600F061
:106F200035F8002010BD0000D08F002010B50121E1
:106F3000C0F8EC15D0F8E405002204F0C7FB0020EF
:106F400010BDFEB508AF97E870008DE87000D0F86E
:106F5000DC05FAF7BEFABDE8FE40FEF793BE00215D
:106F600080F823157047012180F82315C0F8EC152F
:106F7000D0F8E405002204F0A9BB10B5D0F8DC0578
:106F8000FAF76AFCBDE81040FEF77CBEC0F8D015E9
:106F90007047D0F8DC05C1EB011100EB8100C17D29
:106FA00011B180F83C2001E080F83D2000207047BE
:106FB00010B5D0F8DC05FAF756FCBDE81040FEF736
:106FC00061BE10B5D0F8DC05FAF763FCBDE81040EF
:106FD000FEF758BE2DE9FF410DF1280898E8F000B2
:106FE0008DE8F000D0F8DC05FAF7C5FA04B0BDE88A
:106FF000F041FEF747BEFEB508AF97E870008DE898
:107000007000FFF79EFF0020FEBD2DE9F74F82B014
:107010004FF0000B029DD84605F5A765F9B1087839
:1070200009230C46092800D0237008782870487876
:1070300068704888FF2801D94FF48070688008790B
:107040002871487968718879A871C879E871207ABF
:107050002872092A7CD99946ADF8003061E00220F7
:1070600005B0BDE8F08F69462046FEF76FFD044687
:107070004078042852D12078092801D084F8009063
:1070800008EB880101EBC80005EB400A20788AF87C
:107090000A0060788AF80B00A0788AF80C00E07883
:1070A0008AF80D0020790AF10A06022800D302208E
:1070B000307161797171A179B171E179F171217AE0
:1070C000317200271BE069462046FEF73FFD04466B
:1070D0004078052813D17079012804D1B0790228AD
:1070E0002DD003282BD0072020700AEBC7012246A1
:1070F0001431029800F06BF87F1C8346FFB23079A0
:10710000B84204D96888BDF800108842DBD83079CD
:10711000B84211D808F1010000F0FF08B8F1020FE1
:1071200004D26888BDF8001088429CD828790228CB
:1071300000D3022040450BD9032091E708E0F07905
:107140000028D2D120780928CFD084F80090CCE74D
:10715000584685E770B500F22653002541B30C78F8
:107160001C704C785C704C885C800C791C714C797C
:107170005C718C799C71CC79DC7190F81D050826C6
:10718000C0B1012816D002281DD00325082A0DD928
:10719000088918814889588188899881887B9873E3
:1071A000C87BD873087C1874487C5874284670BD16
:1071B000022070BD082CE9D0102CE7D0202CE5D09F
:1071C000402C02D1E2E7082CE0D0DE71DEE770B59A
:1071D00013780B7053784B7093788B70D478CC7095
:1071E00093888B800546927900208A714FF48066DF
:1071F0000BB1B34200D9032095F81D1521B1012927
:107200001BD002292ED00EE004F00301022907D082
:10721000A5070AD001290BD0E143890708D002E075
:10722000B3F5007F00D9032070BD402BFBD870BDA3
:10723000002AF8D0102AF6D870BD04F00301022904
:10724000F3D0A507F1D0012907D0E1438907EAD19E
:10725000002AE8D0B342E6D270BD002AE3D0102A5B
:10726000E3D9E0E7A10707D0E1438907DBD1002A92
:10727000D9D0082BD7D870BD082BD4D170BD000051
:107280002DE9FE4F4FF0020A04468DF800A094F855
:1072900021150020012901D1032121702178012627
:1072A000052700254FF00D084FF008090C297CD266
:1072B000DFE801F006224EFA7B84F9ACB5C5E3F8AD
:1072C00094F82005002870D0B7A001F051FFBCA0B1
:1072D00001F04EFF2670C820FEF7EEFB2046FFF7B8
:1072E0004CFE84F81C55C4F8EC65C4F8D455002253
:1072F0003146D4F8E4057EE094F82305012815D042
:10730000D4F8D405B0F57A7F1AD994F81F05401C3B
:10731000C0B284F81F05032870D9AAA001F028FF85
:10732000A7A001F025FF404620700FE0B0A001F0BB
:107330001FFFA3A001F01CFF84F81F555046F3E780
:107340000A30C4F8D4050A20FEF7B6FB31464DE0FA
:10735000D4F8E02512B10421204690476420FEF7BE
:10736000ABFB2046FFF795FD84F81D052770002133
:107370002046FEF713FB607180212046FEF70EFBCE
:1073800020710146A07994F81D250092CDE90150A5
:1073900094F81C3580222046FFF72DFEA07994F842
:1073A0001D150091CDE9015000E026E094F81C3550
:1073B000617900222046FFF71EFEC7E72046FFF74F
:1073C000C7FA8DF800009DF80000002815D18FA0A5
:1073D00001F0CEFE7AA001F0CBFE84F8245594F89B
:1073E000370501280BD0072020703946C4F8EC156A
:1073F0000022D4F8E40504F069F9AAE039E088A095
:1074000001F0B6FE6EA001F0B3FE06E0D4F8E02570
:10741000002AF2D00121204690474846E4E794F83C
:107420003D15204600F08CFA00288FD109202070ED
:1074300085A001F09DFE62A001F09AFE86E794F817
:107440003F054FF00A05800613D50121204600F0C4
:1074500085FA8DF800009DF8000060B19DF80000ED
:107460000328AAD17FA000BF01F082FE54A001F042
:107470007FFE25706AE786A0F6E7D4F88C15A1B1E7
:10748000C4F8885594F8471504EB8002D2F87825A3
:1074900012798A420BD104EB8000D0F87805C4F849
:1074A000880509E04FE02DE056E081A03FE0401C58
:1074B000C0B20428E8D3284600B381682046884734
:1074C00058B184F80080D4F88805016880A001F0E4
:1074D0004FFE3BA001F04CFE87E706202070D4F859
:1074E0008805016882A001F043FE35A001F040FE4E
:1074F000D4F8E02503212046904776E784F8008001
:1075000080A014E0D4F88805B0B10169204688470E
:107510008DF800009DF8000060B19DF80000022881
:10752000DAD184F8008081A001F022FE81A001F070
:107530001FFECEE70B2057E784F800807BA001F008
:1075400017FE86A0F3E7D4F8880510B141692046FC
:1075500088470020BDE8FE8F84F821552046F9F7C2
:1075600037FAD4F8880520B1C16820468847C4F8A6
:107570008855D4F8E02512B10521204690477DA01A
:1075800001F0F6FD0EA001F0F3FD94F822050128AC
:1075900003D02046FFF70CFDD8E684F8225520469C
:1075A00000F0EAF9D2E600005553422044657669BE
:1075B000636520436F6E6E65637465640000000050
:1075C0000A000000555342205265736574204661DD
:1075D000696C65642C20506C6561736520756E70F4
:1075E0006C756720746865204465766963652E0054
:1075F000555342204465766963652052657365740E
:1076000020436F6D706C657465640000456E756D28
:1076100065726174696F6E20646F6E652E00000084
:1076200054686973206465766963652068617320B6
:107630006F6E6C79203120636F6E66696775726159
:1076400074696F6E2E00000044656661756C74206D
:10765000636F6E66696775726174696F6E207365BA
:10766000742E000052656D6F74652077616B6575CF
:1076700070206E6F7420737570706F727465642003
:10768000627920746865206465766963650000002E
:107690004465766963652072656D6F7465207761F6
:1076A0006B65757020656E61626C6564000000003A
:1076B0004E6F20436C61737320686173206265654F
:1076C0006E20726567697374657265642E000000D0
:1076D000446576696365206E6F7420737570706F92
:1076E0007274696E6720257320636C6173732E005A
:1076F000257320636C6173732073746172746564A5
:107700002E0000004E6F20726567697374657265A4
:107710006420636C61737320666F72207468697390
:10772000206465766963652E000000004552524F63
:10773000523A2000446576696365206E6F7420724A
:107740006573706F6E64696E6720506C65617365F8
:1077500020556E706C75672E00000000496E7661D2
:107760006C696420436C617373204472697665723E
:107770002E000000555342204465766963652064FD
:107780006973636F6E6E6563746564000EB504465D
:107790004FF0FF352A466846D4F8E41503F04CFF55
:1077A00000981028F6D12046FFF76AFDF2E70000A6
:1077B00010B502460020B1B1D2F88C35042B07D2A7
:1077C00002EB83045B1CC2F88C35C4F8781510BD3D
:1077D00007A001F0CDFC08A001F0CAFC0DA001F04B
:1077E000C7FC022010BD02A001F0C2FC0AA0F3E712
:1077F0004552524F523A20004D617820436C6173DC
:1078000073204E756D626572207265616368656490
:10781000000000000A000000496E76616C69642077
:10782000436C6173732068616E646C6500000000D6
:1078300070B5054690F83C050C460026A04227D9B5
:1078400085F82445214618A001F092FC1EA001F005
:107850008FFC04EB840000EBC40005EB40041BA08C
:1078600094F8471504F2475401F082FC16A001F089
:107870007FFC617819A001F07BFC13A001F078FC7B
:10788000A1781AA001F074FC0FA001F071FC09E0CE
:107890001AA001F06DFC1BA001F06AFC0AA001F027
:1078A00067FC0226304670BD537769746368696E61
:1078B0006720746F20496E74657266616365202865
:1078C00023256429000000000A000000436C617356
:1078D00073202020203A20257868000053756243E9
:1078E0006C617373203A20257868000050726F74C1
:1078F0006F636F6C203A2025786800004552524F24
:10790000523A200043616E6E6F742053656C65635C
:1079100074205468697320496E746572666163658A
:107920002E0000008278012A06D10022027405236D
:10793000437441828282C28200221146FEF76DB8F2
:107940008278012A06D100220274092343744182FD
:107950008282C28200221146FEF75FB88278012A35
:1079600006D1002202740323437441828282C282C0
:1079700000221146FEF751B810B50446FFF718FB78
:1079800001212046FFF77BFA002010BD01290AD013
:107990000548022906D0042903D0052903D1032173
:1079A00000E00121017070476A01002070B50D46AA
:1079B0000446C2F3072104981E4601291BD0E06843
:1079C00040F04000E060204600F032F8C6F30721A6
:1079D0000029A16B26D021F48031A163C5F30741B2
:1079E000012907D1A16841F00601A160A16841F019
:1079F0002001A16070BDA16B21F48031A163E16819
:107A00000A4A1140E160E16821F44011E160C0B22E
:107A1000012803D1E06840F48010E060204600F0C7
:107A200007F8DBE741F48031D7E70000BFFFBDFF77
:107A300008B500214FF070620091009B5B1C009321
:107A400093420CD80369002BF7DA0091016941F0E9
:107A5000010101610099491C0091914201D9032063
:107A600008BD0169C907F5D1002008BD816821F072
:107A7000010181600020704700EB4110064AC0F808
:107A80001025D0F8001521F0804141F00041C0F8E8
:107A900000150020704700000000088008B5D0F8ED
:107AA000402422F02E020092D20405D4012909D1EB
:107AB000009941F4805103E021B9009921F48051EB
:107AC000C0F84014002008BD816841F001018160C8
:107AD0000020704708B500214FF070620091009BB4
:107AE0005B1C009393420AD80369002BF7DA0091DC
:107AF000102101610099491C0091914201D9032094
:107B000008BD0169C906F5D4002008BD18B50022DA
:107B10004FF070630092009C641C00949C420CD84F
:107B20000469002CF7DA0092202242EA81110161F7
:107B30000099491C0091994201D9032018BD01699F
:107B40008906F5D4002018BDD0F8080480B270472B
:107B500008B5D0F840040090C0F3414008BD40692A
:107B600000F00100704738B5002200EB411100928F
:107B7000D1F80025D1F80035C2F38142D1F804458F
:107B8000DB0F8568E40FAD0605D524B93BB3012AA8
:107B900025D0032A23D04FF47A736AB1022A0BD07E
:107BA000D1F8002542F08042C1F80025D0F8100439
:107BB00010F47F0F2BD00CE0D1F8002542F080426A
:107BC000C1F800258268920603D4C06A10F47F0FC2
:107BD00007D0D1F8000540F00040C1F800050020B2
:107BE00038BDD1F8000520F00040C1F80005D1F8FB
:107BF000000540F00040C1F800050098401C0090CE
:107C00009842ECD8D1F800050028F6DBE7E7D1F878
:107C1000000520F00040C1F80005D1F8000540F053
:107C20000040C1F800050098401C00909842D6D84A
:107C3000D1F800050028F6DBD1E700002DE9F0437C
:107C40001E46DDE90785002700EB41147B1EDDF8A9
:107C50002490C4F8083515B3012D3CD0022D1ED058
:107C6000032D31D001270023C4F80435D4F80C3596
:107C700043F00203C4F80C35D0F8183401F00F0CAF
:107C8000012101FA0CF10B43C0F81834816941F06D
:107C90000071816111062BD54FF4004129E040F2BB
:107CA0009D43C4F80C35130605D500BFD4F80C3538
:107CB00043F4807319E0DFF898C06045D3D1D4F85D
:107CC0000C3543F0600310E040F29D63C4F80C35BE
:107CD0001306EBD4C7E740F22523C4F80C3513068E
:107CE000C1D5D4F80C3543F4C073C4F80C35BAE7E9
:107CF0000021FFF72DFFB8F1020F04D1022802D0B6
:107D00004FF4003000E000204FF0FE5303EA8653AA
:107D10004FF4F04606EAC22213434FF4402202EA2F
:107D200085421343C9F30A0213430B43034343F44D
:107D30008010C4F80005032D01D0012D05D1D4F821
:107D4000000540F00050C4F800053846BDE8F08357
:107D500000000440D0F8140480B27047F8B5964D86
:107D60004C784FF48073A84216D1012A02D00D79C5
:107D70007DB111E08D7C0DB1022D0DD18D795DB9F4
:107D800000EB4415D5F80C6526F07006C5F80C65B7
:107D900002E04D79012D10D08D79012D11D00E6AA0
:107DA00096B38D8A77197F1EB7FBF5F7BFB29F4256
:107DB00035D91F462B02CB6131E02146FFF75CFE2F
:107DC000F7E0CB7801270BB18B8A25E08B7C012B68
:107DD00002D0012A1BD01EE00B6ABC2B0CD98B8A67
:107DE000CB610B62CB68012B04D0022B02D00123A4
:107DF000CB601AE00223FBE7CB61CB68012B04D0F8
:107E0000022B02D00423F3E708E00323F0E78B8A78
:107E10000D6A9D4200D80B6ACB6106E00127CB7842
:107E200013B18B8A7B43F7E7CE61CB694FF0C04635
:107E3000C3F312056FF0604303EAC7431D438B7D14
:107E400006EA43731D4300EB4413C3F8105512B107
:107E50008C69C3F81445D0F80844D3F8005544F3AE
:107E6000000425F00055C3F80055D3F80055641CF4
:107E700045EA4474C3F800458D790024012D0DD0E6
:107E8000C3F80445D3F8005525F080450095CD781A
:107E9000002D009D58D045F4004557E04E7C0D7CE8
:107EA0004FF0004747EAC6163543C3F80455D3F8E8
:107EB0000C5545F06005C3F80C55CD79012D0DD159
:107EC000CD785DB9D3F8045545F48035C3F8045531
:107ED000D3F80C5545F04005C3F80C558D7C012DA9
:107EE00001D0032DCED1CD79012D08D1CD78012D32
:107EF00005D1D3F8045545F48035C3F804558D7C7D
:107F0000012DBFD1CD78002DBCD1CD68012D0CD075
:107F1000022D0FD0032D12D0042DB3D1D3F8045568
:107F200045F44045C3F80455ACE7D3F8045545F48F
:107F30000045F7E7D3F8045545F00E05F2E7D3F80E
:107F4000045545F48045EDE725F4004545F000452E
:107F50000095C3F8005562BBCA7852BB0A6A42B3A7
:107F6000CB7933BB8B7C33B1012B0FD0022B02D0EA
:107F7000032B17D10AE0D21CC36AC2F38F029BB253
:107F800093420FD2826942F020020AE0D21CD0F85C
:107F90001034C2F38F029BB2934203D2826942F043
:107FA0008062826100940A8C93B24A78896900F0F9
:107FB00041F90020F8BD000000000440F0B50025A4
:107FC0000E4604462F46C0F8005E806B40F4001059
:107FD000A063A06B20F40020A063A06B20F480209D
:107FE000A063E068400602D4300E012804D0D4F823
:107FF000000420F0040103E0D4F8000440F0040180
:108000002046C4F800141021FFF780FD00B10125BF
:108010002046FFF75FFD00B101250020411EC6F399
:10802000072206E004EB4013C3F80815C3F80C75EB
:10803000401C8242F6D8A76161610E48844205D196
:10804000401560620C48A0620C4804E08020606229
:108050000B48A0620B48C4F80001C6F3074018B9EA
:10806000A06940F01000A061A06907490843A06121
:108070002846F0BD00000440000200010003E000BB
:1080800080006000E0004000080020A3D0F8002439
:1080900022F00302C0F80024D0F8002401F003030A
:1080A0001A43C0F80024012903D0022904D001207A
:1080B00070474BF6803101E041F27071C0F8041452
:1080C0000020704700EB4110D0F80815D0F80C05DF
:1080D00008407047416980690840704730B50346E1
:1080E0000846940802F00301002203F5805303E0E0
:1080F0001D6840F8045B521CA242F9D300290BD042
:108100001C680022D50024FA05F3491E521C0904FC
:1081100000F8013B090CF5D130BD38B50446D0F864
:10812000400420F02E00009040F48070C4F8400419
:10813000642004F58864F9F731F8009820F4807021
:1081400020600A20F9F72AF8002038BD70B50446EF
:10815000C068002520F0C040E060012901D079B15D
:1081600020E0E06840F00050E0600A20F9F716F8DF
:1081700060690A3510F0010F10D1C82DF5D30DE05C
:10818000E06840F08040E0600A20F9F707F8606995
:108190000A3510F0010F01D0C82DF5D3C82D01D03C
:1081A000002070BD012070BD38B500250446009543
:1081B000806820F00100A06010212046FFF7A6FC97
:1081C00000B101252046FFF785FC00B10125002004
:1081D00004EB4011D1F8002522F0802242F08042C9
:1081E000C1F80025401C0F28F2D900204FF47A7303
:1081F00004EB4011D1F8002522F4004242F0404245
:10820000C1F80025009A521C00929A4203D8D1F876
:108210000025002AF6DB401C0F28E9D94FF0FF307B
:10822000C4F814046061A06840F00100A060284612
:1082300038BD000010B5029C74B9DB1C9C0800EB33
:108240000230002300F5805004E000BF51F8042BF9
:1082500002605B1CA342F9D3002010BDFEE70000C2
:1082600070B52B4886B0016841F0040101600168D7
:1082700041F00101016026481430016841F4805149
:10828000016014216846F8F747F801244FF40055BF
:108290000326CDE90054CDE9024669461D48F8F7AA
:1082A000D3FF1C4818300560E020009001A902208F
:1082B00081E851000520049069461748F8F7C4FF8B
:1082C00016480460016841F002010160016841F054
:1082D000040101600168016001680160016841F406
:1082E00000710160016841F4807101600168016002
:1082F000016841F04001016003F044FE01F0CCFD53
:1083000007480078002800D0012006B070BD0000AA
:1083100030380240000802400000024000300140B6
:10832000DC6E00202DE9F0410446134815460F4647
:10833000007800281DD0114E4FF00050306003200F
:1083400004F028F8C4F3074004F024F8C4F307202D
:1083500004F020F8E0B204F01DF8002404E0FF204F
:1083600004F018F83855641CAC42F8D34FF40050B0
:108370003060BDE8F0810000DC6E0020180802408B
:1083800030B413464A0700D0012202EBD10212FB9F
:1083900001F2D4B202784078812A09D3402807D369
:1083A000FF2805D0FF2A03D07F280DD240380CE0EB
:1083B0000020014604E000BF401C03F8011BC0B2CE
:1083C000A042F9D330BC70474138813AD2B2C2EBF7
:1083D0004215C0B205EB821200EB420060430C294B
:1083E0000CD010290FD0182911D02029EAD1194614
:1083F000094B2246184430BCFFF794BF2246194669
:1084000000F52000F7E719462246044BF2E719462B
:108410002246034BEEE7000000C2CE0060C4A80075
:10842000E074B4002DE9F05F8A46334915460A78B6
:10843000002A5ED04219B2F5200F02D94A78012AEB
:1084400036D0C0F30B07DFF8B0B0C7F580544FEA61
:1084500010390BF1180BA54200D82C464FF4805868
:108460004FEA0930064642465946FFF75BFF22486D
:108470000078D8B104F08AFA00F05CF81F484FF099
:1084800000510160202003F085FFC6F3074003F090
:1084900081FFC6F3072003F07DFF002003F07AFF81
:1084A00016484FF40051016000F044F800200CE041
:1084B000BDE8F05F12A000F05BBE00BF1AF800300C
:1084C0003A18401C0BF8023080B2A042F6D3304676
:1084D0004246594604F068FAAC420AD0281BA2442E
:1084E000002785B2444609F10109A542B8D82C46B7
:1084F000B6E7BDE8F09F0000DC6E002018080240DF
:10850000D2AAD0B4C8EBB5C4CAFDBEDDD4DAD7D682
:10851000BFE2CAFDBEDDB4E6B4A2C7F8C4DAA3ACBC
:10852000D2D1CCF8B9FDB1BEB4CEB2D9D7F72121A2
:108530000D00000010B5084C4FF0005020600520E1
:1085400003F028FFFF2003F025FFC007FAD14FF406
:108550000050206010BD00001808024010B504460D
:10856000C1785B4800220170217941706178817087
:10857000A178C170A079C0F300115548801E03F0A6
:10858000B9FBA0790122C0F380115148801E03F08D
:10859000B1FBA0790222C1094D48801E03F0AAFB5D
:1085A000A0790322C0F340114948801E03F0A2FBCA
:1085B000607900F00F000F280CD0C107C0F3410014
:1085C0001DD0002870D0012872D0022877D003284F
:1085D00029D176E03E4804220021801E03F08AFB68
:1085E0003B4805220021801E03F084FB3848062208
:1085F0000021801E03F07EFB072200210FE030B136
:10860000012806D0022806D003280CD105E0042258
:1086100004E0052202E0062200E0072201212C48A6
:10862000801E03F067FBA0790822C0F38001284870
:10863000801E03F05FFBA0790922C0F3C00124482B
:10864000801E03F057FBA0790A2200F001012048A8
:10865000801E03F04FFBA0790B22C0F340011C48A1
:10866000801E03F047FB60790C22C0F3001118480C
:10867000801E03F03FFB60790D22C0F340111448C7
:10868000801E03F037FB60790E22C0F38011104882
:10869000801E03F02FFB60790F22C1090C48BDE852
:1086A0001040801E03F026BB042202E000E006E03A
:1086B000062207480121801E03F01CFBA9E70622C1
:1086C00000E0042202480121801E03F013FBA4E70E
:1086D000F400002010B5044601785B4800220170C8
:1086E00061784170E17881702179C170A079C0F31F
:1086F00000115548801E03F0FDFAA0790122C0F355
:1087000080115148801E03F0F5FAA0790222C109B8
:108710004D48801E03F0EEFAA0790322C0F3401109
:108720004948801E03F0E6FA607900F00F000F2838
:108730000CD0C107C0F341001DD0002870D0012823
:1087400072D0022877D0032829D176E03E4804224F
:108750000021801E03F0CEFA3B4805220021801E36
:1087600003F0C8FA384806220021801E03F0C2FA3E
:10877000072200210FE030B1012806D0022806D0E0
:1087800003280CD105E0042204E0052202E00622C1
:1087900000E0072201212C48801E03F0ABFAA079EB
:1087A0000822C0F380012848801E03F0A3FAA079B4
:1087B0000922C0F3C0012448801E03F09BFAA0796F
:1087C0000A2200F001012048801E03F093FAA079EC
:1087D0000B22C0F340011C48801E03F08BFA607925
:1087E0000C22C0F300111848801E03F083FA607950
:1087F0000D22C0F340111448801E03F07BFA60790B
:108800000E22C0F380111048801E03F073FA6079C5
:108810000F22C1090C48BDE81040801E03F06ABA5F
:10882000042202E000E006E0062207480121801E43
:1088300003F060FAA9E7062200E0042202480121C1
:10884000801E03F057FAA4E7F400002010B5044698
:10885000807910B9E17901B980204F490870207AF8
:1088600010B9627A02B98020C0F1FF004870A07A86
:1088700010B9E27A02B980208870207B10B9627B3F
:1088800002B98020C0F1FF00C870A078042200F077
:1088900001014148801E03F02DFAA0780522C0F3A3
:1088A000C0013D48801E03F025FAA0780622C0F3DF
:1088B00040013948801E03F01DFAA0780722C0F35A
:1088C00080013548801E03F015FAA0780022C0F31D
:1088D00040113148801E03F00DFAA0780322C0F346
:1088E00000112D48801E03F005FAA0780122C0F384
:1088F00080112948801E03F0FDF9A0780222C109E9
:108900002548801E03F0F6F9E0780A2200F0010104
:108910002148801E03F0EEF9E0780B22C0F34001FD
:108920001D48801E03F0E6F92079FF282FD0002192
:1089300019480822801E03F0DDF96079FF2828D04D
:10894000002115480922801E03F0D4F9E0780E2298
:10895000C0F300111048801E03F0CCF9E0780D221E
:10896000C0F340110C48801E03F0C4F9E0780F22D8
:10897000C0F380110848801E03F0BCF9E0780C2297
:10898000C1090548BDE81040801E03F0B3B90121BC
:10899000CEE70121D5E70000F400002010B5044621
:1089A000C1785A4800220170217941706179817043
:1089B000A179C170607800F001015448801E03F075
:1089C00099F960780322C0F340015048801E03F0FB
:1089D00091F960780122C0F380014C48801E03F0B9
:1089E00089F960780222C0F3C0014848801E03F074
:1089F00081F920780A22C0F300114448801E03F058
:108A000079F920780B22C0F340114048801E03F012
:108A100071F920780822C0F380113C48801E03F0D1
:108A200069F920780922C1093848801E03F062F9EB
:108A300020780C2200F001013448801E03F05AF91E
:108A400020780D22C0F340013048801E03F052F917
:108A500020780E22C0F380012C48801E03F04AF9D2
:108A600020780F22C0F3C0012848801E03F042F98D
:108A7000A07800F00F000F2811D0C107C0F341000B
:108A800022D070B3012837D002283CD003283CD133
:108A900004221E480121801E03F02CF91BE01B4814
:108AA00004220021801E03F025F918480522002128
:108AB000801E03F01FF9154806220021801E03F0D6
:108AC00019F9072200210FE038B1012807D0022848
:108AD00008D0032819D1072205E0042203E005226B
:108AE00001E007E0062201210848BDE81040801E91
:108AF00003F000B9042200E0062204480121801E90
:108B000003F0F8F8EBE70622C3E710BDF4000020FD
:108B1000024900B101200870704700001C7F00204E
:108B200001484088704700001C7F00200148808871
:108B3000704700001C7F0020F0B58BB00D46064644
:108B4000174614216846F7F7E7FB444C4248206279
:108B500066814348A5812777016841F01F010160C4
:108B6000012503204FF40057CDE90250CDE90075EF
:108B700069463C48F8F768FB3A4E1836376000956E
:108B8000394D69462846F8F75FFB04200090694696
:108B90002846F8F759FB08200027CDE90007694669
:108BA0002846F8F751FB1020CDE900076946284612
:108BB000F8F74AFB4FF48030A8618000A861C0023A
:108BC0003060142105A8F7F7A7FB217F002011B121
:108BD000012902D003E0206A01E0206A1430142247
:108BE00005A9FFF79FFB9DF814004F2803D19DF8BE
:108BF00015004B2818D0207F28B3DFED1C0A9FED0D
:108C00001C0A6FF02C014FF4A97000BF03F08AFE1C
:108C100042F2107001F090F91749164808600120DF
:108C2000FFF776FF0BB0F0BD0C48DDF816102838C2
:108C30008163BDF81A102183DDF81E10C163BDF8F1
:108C400022006083EBE76FF01201481CDFED0B0A96
:108C50009FED0B0ADAE700009CFF9F001C7F0020BD
:108C600030380240000C02400010024065A79F3DD2
:108C70009C16BC3D0400FA050CED00E0355EBA3DE3
:108C8000713D8A3D2DE9F041194C2078002825D00E
:108C900018480069184F40F30010401C78700128F4
:108CA00024D103F0E9F800F0F1FE6688A58803F00E
:108CB000E3F800F0EBFE6088A188864201D9321A01
:108CC00000E0821BD3B28D4201D96A1A00E04A1B30
:108CD000D2B2032B01D8032A02D90020BDE8F081CB
:108CE00030444008608068184008A0807878F5E734
:108CF0001C7F002000100240600100202DE9F04F91
:108D0000DFF89C831E242DED028B9BB0B8F80A700F
:108D1000B8F80C60E3A000F02BFAE9A000F028FA04
:108D2000002533463A46294628460095FAF7E4FAE4
:108D30004FF6FF79CDE900951023E9A25A211420BE
:108D4000FAF792FDCDE900951023EBA273211420D0
:108D5000FAF78AFDA8F80650A8F808500120FFF796
:108D6000D7FE4FF6E07B21465B4614220846FAF711
:108D700096FA454603F080F80028FBD0E8880028E2
:108D8000F8D00020FFF7C4FEE8880F90288921461C
:108D90001190A846002314220846FAF780FADDA1B4
:108DA00003A80F9A00F0F4F90025A4F11000CDE912
:108DB00000B581B2A4F10C09DA461FFA89F00C2340
:108DC00003AAFAF751FDD5A103A8119A00F0E0F922
:108DD000CDE900A51FFA89F00C2303AA2146FAF772
:108DE00043FDD04801F0A8F8A7EB04091FFA89F069
:108DF0000C90A8F80650A8F808500120FFF788FE4C
:108E00005346142221460C98FAF749FA4FEA08050E
:108E100003F032F80028FBD0E8880028F8D00020C2
:108E2000FFF776FEE888109028891290AA46002362
:108E3000142221460C98FAF732FAB6A103A8109A28
:108E400000F0A6F9A4F1100081B200250C98CDE93C
:108E500000B5A0F10C081FFA88F00C2303AAFAF75A
:108E600003FDAEA103A8129A00F092F9CDE900B576
:108E70001FFA88F00C2303AA2146FAF7F5FCA9484B
:108E800001F05AF8A6EB04081FFA88F00290AAF83D
:108E90000650AAF808500120FFF73AFE5B4614225C
:108EA00020460299FAF7FBF94FEA0A0502F0E4FFBF
:108EB0000028FBD0E8880028F8D00020FFF728FE23
:108EC000E888159028891490AA4600231422204689
:108ED0000299FAF7E4F98FA103A8159A00F058F95E
:108EE0000298002510384FF6E07B81B2CDE900B53D
:108EF000A4F10C00179080B20C2303AAFAF7B4FC7B
:108F000086A103A8149A00F043F9CDE900B517989B
:108F10000C2380B203AA0299FAF7A6FC814801F05B
:108F20000BF81FFA89F00C901FFA88F00290AAF84B
:108F30000650AAF808500120FFF7EAFD5B4614220C
:108F400002990C98FAF7ABF94FEA0A0502F094FF80
:108F50000028FBD0E8880028F8D00020FFF7D8FDD3
:108F6000B5F806A0B5F808B00023142202990C98B1
:108F7000FAF795F9524667A103A800F009F9002114
:108F80004FF6E070CDE9000102980C23103881B251
:108F90000C9803AA0C381A9080B2FAF765FC5A466E
:108FA0005EA103A800F0F4F800214FF6E070CDE9CF
:108FB00000011A980C2380B203AA0299FAF754FC14
:108FC000594800F0B9FF15990F98109A084402EB20
:108FD0000A014A08DDE911131944DDF850C04008C0
:108FE0000CEB0B03A4EB090C00EE10CAA0EB020C77
:108FF000A4EB0804F8EEC00A00EE10CA49085B08AA
:10900000B8EEC00A1044C0EE808A00EE104ACC1AB6
:10901000F8EEC00A00EE104AB8EEC00A80EE808A70
:1090200000EE100AB8EE401A00EE107AF8EE400A90
:10903000B6EE000A48EEC10A60EE800AFDEEE00AD4
:1090400010EE900A04B2C81800EE900AB8EE601A4A
:1090500000EE906AF8EE600A48EE410A20EE800ABF
:10906000F0EE480ABDEEC00A10EE100AB0EE680A33
:1090700006B23146204603F055FCC5ED048A2C8328
:1090800085ED058A6E8329A0296A00F071F83749B9
:10909000354808601BB00020BDEC028BBDE8F08FA6
:1090A0001C7F00200D0DB4A5C3FEC6C1BFAACABC5B
:1090B000D6D8D0C2D0A3D7BC2E2E2E2E0D000000A5
:1090C000C7EBCAB9D3C3B1CABCE2A3ACD2C0B4CE59
:1090D000B5E3BBF7BBC6C9ABB9E2B1EA210D0D00E0
:1090E000506C6561736520757365207468652070C8
:1090F000656E202C20000000616E6420636C696343
:109100006B206F6E207468652072657469636C658E
:1091100020210000583A256400000000593A2564D7
:109120000000000000350C00801A06003E3E3ED0D4
:10913000A3D7BCCDEAB3C92120B1C8C0FDCFB5CA01
:10914000FDA1A2C6ABD2C6D6B5D2D1B4E6C8EBC497
:10915000DAB2BF464C4153482C20B5D8D6B73A3086
:109160007825580D0D0000000400FA050CED00E014
:109170000FB4054B10B503A9044A029800F0FEF89D
:1091800010BC5DF814FB000061A40008E0000020A2
:109190000FB4084B10B504A902AA039800F0EEF82A
:1091A000044602A9002000F06CFC204610BC5DF8CB
:1091B00014FB0000839A00080907090E002804DB4D
:1091C00000F1E02080F80014704700F00F0000F17B
:1091D000E02080F8141D704702E008C8121F08C183
:1091E000002AFAD170477047002001E001C1121F28
:1091F000002AFBD1704700002DE9FF5F82B00021FB
:10920000DDE90430020DDDF840B0034318D044F628
:109210001050A2F2FF3242431514119801281FD0BA
:10922000A5EB0B00401C5FEA000A4FF000064E4F12
:10923000DFF83891B046504615D5CAF1000413E066
:10924000119801244AA3012801D16FEA0B01029869
:10925000119AC0E90031C0E9024206B0BDE8F09FB2
:10926000CBF10000DFE704460021404A491842EBF9
:109270000450CDE9001012E0E00707D032463B462B
:1092800040464946F7F7FAF88046894632463B465B
:1092900010461946F7F7F2F806460F466410002C00
:1092A000EAD1DDE90401DDE90023BAF1000F06DAB5
:1092B000F7F7E4F842464B46F7F7E0F805E0F7F732
:1092C0004FF942464B46F7F74BF904460E4600224B
:1092D000284BF7F7C7F903D84FF0FF30014607E0F6
:1092E0000022254B20463146F7F721F8F7F7C9FA57
:1092F000102409E0002C0ADB0A220023F6F7C2FF43
:10930000039B30321A55641E50EA0102F2D1641CEC
:10931000039AC4F111031444119A012A03D00122C3
:1093200008430DD10AE0084304D000204FF0110B90
:10933000119072E7A3EB0B056D1E0DE05B4504DD9C
:109340004FF0000205F1010504E003DA4FF00002DE
:10935000A5F10105002AECD002981199C0E902316B
:10936000C0E9004579E70000000014400000F03F2C
:10937000300000000000F0430000E03F2DE9FF4F07
:1093800095B09A46884606460025EEE1252877D115
:1093900000242746F94A0121039400E0044316F80B
:1093A000013F203B01FA03F01042F7D130782A2820
:1093B00011D06FF02F033078A0F13002092A16D8AF
:1093C000039A44F0020402EB820203EB42021044CF
:1093D000761C0390EFE758F8042B0392002A03DA77
:1093E000504244F40054039044F00204761C307858
:1093F0002E2816D116F8010F44F004042A280DD0A7
:109400006FF02F023078A0F13003092B09D807EB59
:10941000870302EB4303C718761CF3E758F8047B75
:10942000761C30786C280FD006DC4C2817D06828C2
:109430000DD06A2814D104E0742810D07A280FD1F6
:109440000DE044F400140AE044F4801401E044F414
:1094500040147278824202D104F58014761C761C86
:10946000307866280BD013DC582877D009DC002828
:1094700075D04528F6D04628F4D047281AD193E174
:1094800018E0632835D0642879D0652812D18BE1A3
:10949000702873D008DC6728F1D069286FD06E2857
:1094A0000DD06F2806D1ACE073282CD0752874D06D
:1094B000782853D05246179990476D1C54E1C4F355
:1094C0000250022809D003280DD0D8F80010042833
:1094D0000DD00D6008F1040846E1D8F80010EA1735
:1094E000C1E90052F6E7D8F800100D80F2E70D70E0
:1094F000F0E718F8041B8DF8001000208DF801002B
:10950000EB46012003E058F804BB4FF0FF30610741
:109510004FF0000102D40DE009F101018946B94282
:109520000FDA8145F8DB1BF809100029F4D108E0B7
:1095300009F1010189468142FADB1BF80910002973
:10954000F6D103985346A0EB090721463846179AEF
:1095500000F080FA284400EB090507E044E008E148
:109560000DE01BF8010B524617999047B9F101091C
:10957000F7D2534621463846179AF2E039E00A21DD
:10958000C4F302524FF0000B0091022A06D058F8A3
:10959000040BC117032A09D00AE023E008F10700F1
:1095A00020F00702F2E80201904605E000B2C11780
:1095B000042A01D140B2C117002906DA0A46002167
:1095C000404261EB02012D2202E0220504D52B224C
:1095D0008DF80420012203E0E20701D02022F7E702
:1095E000914657E00A2100E010214FF0000B009156
:1095F0000BE010214FF0000B44F004040827009109
:1096000003E008204FF0000B0090C4F30252022A3E
:1096100005D058F8040B0021032A08D008E008F10F
:10962000070020F00702F2E80201904603E080B252
:10963000042A00D1C0B24FF0000922072AD532789F
:10964000702A07D0DDF800C08CF0100C5CEA0B0C1F
:1096500005D00EE040228DF80420012208E050EAF7
:10966000010306D030238DF804308DF80520022246
:109670009146009B83F0080353EA0B030AD150EA9A
:10968000010201D1620705D530228DF804204FF088
:1096900001097F1E3278582A04D039A20C920CAAF4
:1096A00002920BE03BA2F9E75B46009AF6F7EAFD6F
:1096B0000C9B9B5C029A521E0292137050EA0102AC
:1096C000F2D1029804A9081A00F1200B600702D514
:1096D00024F4803400E001275F4502DDA7EB0B0096
:1096E00000E0002000EB0B01009003984944401A71
:1096F0000390E00306D453462146179A039800F0DE
:10970000A9F90544002706E001A85246C05D179953
:1097100090476D1C7F1C4F45F6DBE0030CD553468C
:109720002146179A039800F095F9054404E030208B
:109730005246179990476D1C0099481E00900029C9
:10974000F5DC08E00298029952460078491C029123
:10975000179990476D1CBBF10001ABF1010BF1DCD7
:109760005BE100F065F90544761C307800287FF451
:109770000DAE19B02846BDE8F08F000009280100A1
:109780003031323334353637383961626364656677
:109790000000000030313233343536373839414239
:1097A0004344454600000000600700D4062708F146
:1097B000070020F00700F0E80223804603F0004C89
:1097C0005FEA0C0001D097A009E0200501D596A022
:1097D00005E0E00701D095A001E0AFF24C00139046
:1097E000307823F0004365280CD006DC452809D0EA
:1097F00046281DD047287FD13BE0662818D067282F
:109800007AD136E00021112F01DB112000E0781C15
:10981000CDE9000104A90CA8FFF7EEFCDDE90D017C
:109820000C9A4FF0000B07F10109109200914EE0E5
:109830004FF000400097CDE9011004A90CA8FFF7F4
:10984000DBFCDDE90D020C9B0F994FF0000B9146FC
:109850001093009211B9791C00EB0109B7EB0900D4
:1098600003D4C0F1FF3B07F10109A9EB0700019008
:1098700042E0012F00DA01270021112F01DD112024
:1098800000E03846CDE9000104A90CA8FFF7B4FCBC
:10989000DDE90D010C9A00914FF0000BB9461092D2
:1098A00021070FD4009A4A4503DA914601E0A9F155
:1098B0000109B9F1010F05DD109AA9F10101515C0F
:1098C0003029F4D0B84202DA10F1040F03DA012192
:1098D000CDE9011010E0002803DC8344A9EB00016E
:1098E00002E0411C494500DD8946A0EB0B00401C0D
:1098F00001904FF000400290200705D401984845A0
:1099000002DB4FF0FF30019000208DF84B000298F1
:109910000DF14B07B0F1004F25D002200C902B2009
:109920000D90029800280CDA404202902D200D90F4
:1099300007E00A210298F6F7C9FE3031029007F8D5
:10994000011D0C99481E0C900029F2DC0298002899
:10995000EFD1791E0D980870307800F0200040F0AB
:10996000450007F8020D11A8C01BC01D02901398F6
:10997000007800B1012000EB0901019801EBE071D2
:10998000029801440398401A401E0390E00306D455
:1099900053462146179A039800F05CF80544139843
:1099A000007818B15246179990476D1CE00323D5F3
:1099B00053462146179A039800F04CF805441BE0E3
:1099C000BBF1000F07DB0098584504DD109817998C
:1099D00010F80B0001E0179930205246904701988B
:1099E0000BF1010B401E05F10105019004D12E2061
:1099F0005246179990476D1CB9F10001A9F1010970
:109A0000DEDC05E017F8010B5246179990476D1CF4
:109A10000299481E02900029F4DC53462146179A09
:109A200003989EE62D0000002B000000200000009F
:109A30002DE9F041044600251E461746880404D44B
:109A400005E039462020B0476D1C641EF9D5284634
:109A5000BDE8F0812DE9F041044600251E46904600
:109A6000C80301D5302700E02027880404D505E08D
:109A700041463846B0476D1C641EF9D52846BDE8FE
:109A8000F0810A68531C0B601070704730B5224893
:109A90000023B0F9181090ED041A00EE101AC188D6
:109AA00000EE901AB8EEC00AF8EE600A00EE810AE5
:109AB000BDEEC00A10EE101A0CB21849002CCC8072
:109AC000B0F91A2090ED051A00EE102A028900EE76
:109AD000902AB8EEC00AF8EE600A00EE810ABDEEE8
:109AE000C00A10EE102A12B20A8100DACB80448933
:109AF000B1F90650AC4200DACC80002A00DA0B81C2
:109B00008289B1F908309A4200DA0A81CA88428013
:109B10000989818030BD00001C7F00206001002089
:109B200010B5F6F705FF0448F7F704FBBDE8104051
:109B300002210148F6F794BF400400202DE9F041CE
:109B40002DED068B86B004A9834800F037F98348D1
:109B50000088C8287ED38248007801287AD1BDF8D1
:109B6000100000257F4C9FED808B814F4FF6FF76D4
:109B7000112843D09FED7F9B9FED80AB122873D0BF
:109B8000132869D0142865D104F54C7039468046F5
:109B900000F08EFA3946404602F0DEFA794894F831
:109BA000381301704FF480726E210078F9F7A2F932
:109BB000D4F85003F6F743FD41EC100B724853EC18
:109BC000192B80ED000B90ED000B51EC100BF6F70C
:109BD00055FC53EC1A2BF6F7C3FC53EC182BF6F795
:109BE000BFFC41EC100B69A153EC102B02A8FFF74E
:109BF000CFFA102302AA40F219116BE039465948F6
:109C000000F056FA3946574802F0A6FA6148217A20
:109C1000017076226E210078F9F76CF9206AF6F768
:109C20000EFD41EC100B5C4880ED000B9FED5B0BD3
:109C300053EC102B90ED000B51EC100BF6F71EFCC3
:109C400053EC182BF6F78CFC41EC100B4FA153ECA6
:109C5000102B02E043E007E046E002A8FFF798FA85
:109C6000102302AA8F2135E04E483946804600F085
:109C70001FFA3946404602F06FFA4B4894F8181123
:109C80000170A4226E210078F9F734F9D4F830017C
:109C9000F6F7D5FC41EC100B444853EC192B80ED42
:109CA000000B90ED000B51EC100BF6F7E7FB53ECBB
:109CB0001A2BF6F755FC53EC182BF6F751FC41EC38
:109CC000100B32A153EC102B02A8FFF761FA1023FE
:109CD00002AABD21CDE900657820F9F7C5FD06B0DF
:109CE000BDEC068BBDE8F08131483946804600F076
:109CF000DFF93946404602F02FFA2E4894F8281230
:109D00000170D2226E210078F9F7F4F8D4F84002FD
:109D1000F6F795FC41EC100B274853EC192B80ED1E
:109D2000000B90ED000B51EC100BF6F7A7FB53EC7A
:109D30001A2BF6F715FC53EC182BF6F711FC41EC37
:109D4000100B12A153EC102B02A8FFF721FA1023DD
:109D500002AAEB21BEE700004004002042000020E0
:109D600009000020407F002000000060B81E09406C
:109D7000F56C00200000000000606740333333338F
:109D800033F333400800002038000020252E3266CF
:109D9000000000000500002020000020000000005E
:109DA000008066405080002006000020280000202F
:109DB00060810020070000203000002070B50C4CAE
:109DC0000D460021C4F81D10C4F8211004F11D0334
:109DD00084F8251003F10B02F6F743FF08B10020C9
:109DE00070BD208D288094F83800207770BD000069
:109DF000D86C00202DE9F04117468046082B00D989
:109E00000823134C0025134EC4E90115E560C4E98D
:109E1000045325760EE00120F7F7C0F93078411C95
:109E20003170052806D335700BA0FFF7A1F9032088
:109E3000BDE8F0811748F6F78EFF0028EBD0054B00
:109E40003A461B1D211D4046F6F71CFEB060EFE7A9
:109E5000D86C0020E40000200DB7A2CBCDCAA7B07B
:109E6000DCA3BAB5C8B4FDB3ACCAB1A3A1C7EBBCFF
:109E7000ECB2E943414E31B5C4CFDFC2B7CAC7B770
:109E8000F1D2D1C1ACBDD3B5BDCAD5B7A2C6F70D0D
:109E900000000000400400202DE9F843144E307803
:109EA000002822D013A0FFF763F90025184FDFF830
:109EB00064808DF800502C460122694604F520008C
:109EC000FEF730FA9DF800003C442844C5B24445F2
:109ED000F2D3922D04D00020707018B10EA002E0D1
:109EE0000120F9E70FA0FFF743F9BDE8F883000070
:109EF000DC6E002047424BD7D6BFE220B2E2CAD484
:109F00002E2E2E2020202020202020202000000087
:109F100040420F0000845D00D7D6BFE2BFC9D3C363
:109F20000D00000020B4EDCEF3A3ACD7D6BFE2B253
:109F3000BBBFC9D3C3210D00002104E00B22521E78
:109F4000D2B2FCD2491C8142F8D3704744F274016A
:109F50004843044988608868002802D08868401E09
:109F6000F8E770474C01002001B5009800EB800035
:109F70008000009000E000BF401E0090FBD108BDB3
:109F80001CB51144FF228DF800208DF801208DF8BA
:109F900004208DF802208DF805208DF803208DF81F
:109FA0000620FD228DF8072089B208236A46FFF7B4
:109FB00021FF1CBD9FED070A80ED150A80ED140AF4
:109FC00080ED100A80ED110A80ED120A80ED130A6F
:109FD000704700000000000091F83C20012A0ED0DC
:109FE000022A19D0032A1ED0042A21D191ED131A76
:109FF000D1ED110A91ED100A098801F085BE91EDAD
:10A00000122AD1ED151A91ED141AD1ED110A91ED24
:10A01000100A0A8801F098BAD1ED110A91ED100AE0
:10A02000098801F0ABBB91ED110A098802F00ABA68
:10A03000704710B50C4691F83C10012906D0022952
:10A0400007D003290FD0042908D110E0218800226D
:10A0500002E021884FF48072FFF792FF2046BDE8AE
:10A060001040FFF7A7BF21884FF40072F4E7218862
:10A070004FF44072F0E7000091F83C20012A0BD029
:10A08000022A0CD0032A0ED0042A10D109884FF4DA
:10A09000407200BF00F0B6B909880022FAE70988CB
:10A0A0004FF48072F6E709884FF40072F2E77047C8
:10A0B00010B5024608780B4600F00F005060087893
:10A0C00000099060B1F8010040BAD060C9781C79ED
:10A0D000090141EA141111611C79597904F00F0446
:10A0E00041EA04215161D2ED2C0A1021B1EE600A3F
:10A0F00002F0BEF982ED080AD2ED2D0A0C2110699A
:10A10000B1EE600A02F0B4F982ED090AD2ED2E0A2E
:10A110000C215069B1EE600A02F0AAF982ED0A0A38
:10A12000987900EE100AB8EE400A82ED0D0AD8794F
:10A1300000EE100AB8EE400A82ED0E0A10BD0000D3
:10A1400010B54FF4887421464548F6F7E5F82146E6
:10A150004448F6F7E1F821464348F6F7DDF8214692
:10A160004248F6F7D9F83E48012111220180428089
:10A1700080F858109FED3E0A80F83C1080ED110ADF
:10A18000DFED3C0A80ED100A9FED3B1AC0ED130A8B
:10A1900080ED141A9FED391AF2EE041A80ED151AAB
:10A1A000B2EE091A80ED2C1AB3EE0E1A80ED2D1ABC
:10A1B000C0ED2E1A0222A0F810211222A0F81221BE
:10A1C00080F8681180F84C1180ED550A80ED540A32
:10A1D000C0ED570AB1EE0C2ADFED292A80ED582A8E
:10A1E0009FED283AC0ED592A80ED703A80ED711A42
:10A1F000C0ED721A0322A0F820221322A0F8222216
:10A2000080F8781280F85C1280ED990A80ED980A47
:10A21000C0ED9B0A80ED9C2AC0ED9D2A80EDB43AEA
:10A2200080EDB51AC0EDB61A0422A0F8302314222E
:10A23000A0F8322380F8881380F86C1380EDDD0AD3
:10A2400080EDDC0AC0EDDF0A80EDE02AC0EDE12AF6
:10A2500080EDF83A80EDF91AC0EDFA1A10BD000051
:10A26000407F00205080002060810020708200200C
:10A27000000000008FC2F53C0000A042CDCC4C3F56
:10A280009A99993F00009B432DE9FF4F324CDDF82E
:10A2900038B01D460F46A180580700D0012000EBC2
:10A2A000D500690810FB01F0203ADFF8AC9060702F
:10A2B00002F0FF0A002609F10C0948E00C2D12D02B
:10A2C000102D14D0182D16D0202D43D1234901EB89
:10A2D0008A104FF00008805D20702078000610D5AD
:10A2E0001FFA8BF20FE00AEB4A001D4906E01D49F8
:10A2F00001EB0A10EDE71C490AEBCA0001EB8000F4
:10A30000E7E70D9882B239460098F8F7DFFF20782A
:10A310007F1C40002070B9F80200BFB2B84219D9C2
:10A32000A088381AA84209D10098A788401C80B29A
:10A330000090B9F8001081420CD906E008F1010044
:10A3400000F0FF08B8F1080FC7D3761CF6B26078AA
:10A350008642B3D3BDE8FF8F4C01002058EC0008C3
:10A3600098D400080CD90008FCDE00082DE9FF5F36
:10A370001F46DDF83CB013460D46780700D001209B
:10A3800000EBD70010FB07F11C4C1D4A1846E1708A
:10A390003946FDF7F5FFE5800026A94694F803A0AD
:10A3A00028E017484FF00008805DA070A0780006F4
:10A3B00002D51FFA8BF201E00E9882B2294600986E
:10A3C000F8F784FFA0786D1C4000A070ADB2A5EB3B
:10A3D0000900B84205D100984D46401C80B200905B
:10A3E00006E008F1010000F0FF08B8F1080FDDD326
:10A3F000761CF6B25645D4D3BDE8FF9F4C01002031
:10A400005C6E00201CB51144FF228DF800208DF8F1
:10A4100001208DF804208DF802208DF805208DF89C
:10A4200003208DF80620FC228DF8072089B208232E
:10A430006A46FFF7DFFC1CBD012131EE601A814046
:10A4400070EE600A491E00EE101AB8EEC00A20EE47
:10A45000800AC0EE010ABDEEE00A10EE100A704755
:10A4600003B501216846FAF76BFF00980CBD0000A8
:10A4700010B5002821D0114B0022001F196803E0FD
:10A48000814203D80A4649680029F9D152B11368BC
:10A49000841A9C4204D1006818441060104602E0FF
:10A4A000506000E0186039B102680B1A934203D182
:10A4B0000B681A4402604968416010BD6C010020BD
:10A4C000A2B00A2002F0DAF8FE4902200870FF4923
:10A4D000FD48097800EB810050F8040C02F03AF9CD
:10A4E00000248DF808408DF80C4014211DA8F5F7C4
:10A4F00013FF00264FF4A073F0223146304600943B
:10A50000F8F7FAFE4FF6FF75CDE900541823F0A2D4
:10A5100008210A20F9F7A8F94FF6E070CDE9000408
:10A520001823F0A228210A20F9F79EF948F2304BAF
:10A5300025235F46F02219460020CDF800B0F9F738
:10A54000C1F82623F022194600200097F9F7BAF83F
:10A55000CDE900541023E8A248210E20F9F784F930
:10A56000DFF8A88348228C21B8F80000F8F77EFDB8
:10A570005A23B02246210C200097F9F7F1F82B4618
:10A58000002269211620F8F7F7FD2B4600226921E9
:10A590003220F8F7B1FDCDE900541023DCA261218F
:10A5A0005020F9F761F9DC484822B5210078F8F726
:10A5B0001FFDB8F800104FF47847A1F50070EE3891
:10A5C00008D04FF2DE70CDE9004010236121D3A204
:10A5D000B52005E0CDE900571023D0A26121B520B8
:10A5E000F9F742F9C9480288CEA104A8FEF7D0FDC8
:10A5F000CDE90054A146AA46102304AA612178207F
:10A60000F9F732F94FF478433C22C8217820F8F763
:10A61000DBFD4FF478433D22C8217820F8F7D4FDC4
:10A620004FF61F033E22C8217820F8F7CDFDBE4823
:10A630002B4605220188BD480088F9F701F92B4611
:10A640000022C8212C20F8F797FD2B4600227C2100
:10A650007820F8F791FD2B460022C821C420F8F796
:10A660004BFD2B4600224FF48A717820F8F744FD09
:10A670002B4600228E213E20F8F77EFD4FF4817795
:10A680002B46002239463E20F8F776FD2B46002265
:10A690008E21B220F8F730FD2B4600223946B22039
:10A6A000F8F72AFDA2484FF497773A46B52100788B
:10A6B000F8F706FDCDE9004B10239EA239460F2086
:10A6C000F9F7D2F84FF4FC60CDE9005010239BA2BB
:10A6D00039464120F9F7C8F89A483A46732100787C
:10A6E000F8F7A0FCDFF860B2012001F0C7FFFEF729
:10A6F000C9FA18B19BF80000012801D0012EF3D14E
:10A700000A2001F0BBFFFEF7BDFA08B9012EEBD11C
:10A710004E468BF80090FEF703FA0546FEF706FA60
:10A72000044601464FF4FC622846F8F7CFFD664820
:10A7300023462A4685A15030FEF72AFD624ACDE91C
:10A7400000A60C23503205210820F9F78DF8A5F159
:10A75000B6061F2E56D2482C1DD9582C1BD279482C
:10A760000078C0B96C4F387818B13878012807D014
:10A770000CE0012038700C217848F7F7DDFE05E089
:10A7800087F800900C217548F7F73AFF4822B52169
:10A790003878F8F72DFC612C34D9712C32D2694805
:10A7A000007878BB594F40F2EE28A7F8008039882E
:10A7B0006A48006801643A885AA104A8FEF7E8FCD8
:10A7C000CDE900A9102304AA61217820F9F74CF8FB
:10A7D0003988414507D04FF2DE70CDE90090102353
:10A7E0004EA2612106E04FF47841CDE900A110238B
:10A7F0004AA26121B520F9F737F848228C21388820
:10A80000F8F734FCA5F10F000F2849D2612C47D985
:10A81000712C45D24B480078F0BB3C4F3888401F24
:10A82000388039884D48006801641F23002269215F
:10A830001620F8F7A1FC48228C213888F8F716FC7E
:10A840003988A1F50070EE3807D04FF2DE70CDE9FF
:10A850000090102331A2612106E04FF47841CDE948
:10A8600000A110232DA26121B520F8F7FDFF3A8841
:10A870002CA104A8FEF78CFCCDE900A957461023B3
:10A8800004AA61217820F8F7EFFF322001F0F6FEEC
:10A8900000223B46692100E002E01620F8F76CFC3C
:10A8A000A5F12B000F280BD2612C09D9712C07D2EE
:10A8B0002448007820B9154F3888401D38804FE073
:10A8C0008EE00000090000207401002048000020F4
:10A8D000CBAE20CFC220CAB820C1BF20CDC620BD7C
:10A8E000F8000000C4E620D4CB20B6AF20D1A720CA
:10A8F000BFD820D6C6000000C2DDD0FDBDB0B5E790
:10A90000BBFAD7B4CCACA3BA000000000A00002008
:10A9100050574D3A0000000004000020B8B4CEBBF0
:10A9200000000000256400004600002044000020D4
:10A930001C000020D2B3C3E6D2BB0000D2B3C3E6F2
:10A94000B6FE00000000002040000020583A2533E9
:10A95000642020593A253364000000006804002078
:10A960003988FE48006801641F23002269213220D3
:10A97000F8F7C2FB48228C213888F8F777FB398832
:10A98000A1F50070EE3808D04FF2DE711023AFF25F
:10A990007402CDE90091612107E04FF47840102363
:10A9A000AFF28802CDE900A06121B520F8F75CFF85
:10A9B0003A88AFF2900104A8FEF7EAFBCDE900A9BE
:10A9C0005746102304AA61217820F8F74DFF322062
:10A9D00001F054FE3B46002269213220F8F78CFB3F
:10A9E000A5F125000F285BD2C02C59D9D02C57D205
:10A9F000DB480078F0BB9DF908001D303C2822D8C8
:10AA00009DF90C001E303C281DD8DFF85883002328
:10AA10000522B8F80010D44F3888F8F711FF3888AD
:10AA2000401E3880388878388DF808009DF90C1061
:10AA30009DF90800F9F742F9B8F8001053460522CD
:10AA40003888F8F7FDFE4FF48C784F464FF4927338
:10AA5000682241460820CDF80090F8F74DFC9DF99A
:10AA60000C309DF90820C1A11DA8FEF791FB0C2315
:10AA70001DAA00E014E0CDE900A741460820F8F740
:10AA8000F3FE1F230022C8212C20F8F775FB32208B
:10AA900001F0F4FD53460022C8212C20F8F76CFB8E
:10AAA000A5F1BD000F285BD2C02C59D9D02C57D2AC
:10AAB000AB480078F0BB9DF908001F303C2822D835
:10AAC0009DF90C001E303C281DD8DFF89882002329
:10AAD0000522B8F80010A44F3888F8F7B1FE38887E
:10AAE000401C3880388878388DF808009DF90C10A3
:10AAF0009DF90800F9F7E2F8B8F80010534605226E
:10AB00003888F8F79DFE4FF48C784F464FF49273D7
:10AB1000682241460820CDF80090F8F7EDFB9DF93A
:10AB20000C309DF9082091A11DA8FEF731FB0C23E4
:10AB30001DAA00E014E0CDE900A741460820F8F77F
:10AB400093FE1F230022C821C420F8F7D5FA322033
:10AB500001F094FD53460022C821C420F8F7CCFA36
:10AB6000A5F171000F287CD2742C5CD9842C5AD2A8
:10AB70007B480078E8BB9DF908001E303C2825D8AA
:10AB80009DF90C001D303C2820D8DFF8D881002327
:10AB90000522B8F80010744F3888F8F751FEB8F85D
:10ABA0000000401EA8F80000B8F80000C8388DF872
:10ABB0000C009DF90C109DF90800F9F77FF8B8F822
:10ABC0000010534605223888F8F73AFE4FF48C7887
:10ABD0004F464FF49273682241460820CDF800900A
:10ABE000F8F78AFB9DF90C309DF908205FA11DA89C
:10ABF00000E018E0FEF7CCFACDE900A70C231DAA6F
:10AC000041460820F8F730FE1F2300227C217820DF
:10AC1000F8F7B2FA322001F031FD534600227C21D0
:10AC20007820F8F7A9FAB4F5867F5FD9B4F58E7F5E
:10AC30005CD24B480078A0B99DF908001E303C2832
:10AC400027D89DF90C001F303C2822D8DFF814814A
:10AC500000230522B8F80010434F3888F8F7F0FDBC
:10AC600000E043E0B8F80000401CA8F80000B8F885
:10AC70000000C8388DF80C009DF90C109DF90800F3
:10AC8000F9F71CF8B8F80010534605223888F8F791
:10AC9000D7FD4FF48C784F464FF4927368224146AB
:10ACA0000820CDF80090F8F727FB9DF90C309DF9AE
:10ACB00008202EA11DA8FEF76BFACDE900A70C23F2
:10ACC0001DAA41460820F8F7CFFD4FF48A771F23CD
:10ACD000002239467820F8F70FFA322001F0CEFC36
:10ACE0005346002239467820F8F706FAA5F13708CE
:10ACF000B8F10F0F76D2862C74D9962C72D21848E0
:10AD00000078E8BB9DF908001D303C283ED89DF92D
:10AD10000C001D303C2839D8124800230522018838
:10AD2000114F3888F8F78CFD3888401E38800D4860
:10AD300000880C49401E0880388878388DF8080053
:10AD400008460088C8388DF80C009DF90C109DF954
:10AD50000800F8F7B3FF5346052212E0680400200C
:10AD6000000000204600002044000020C4A9B6CB0B
:10AD7000583A2564B6C820593A2564B6C800000080
:10AD800030E0FE4801883888F8F75AFD4F464FF406
:10AD9000927368224FF48C710820CDF80090F8F778
:10ADA000ABFA9DF90C309DF90820AFF240011DA8C7
:10ADB000FEF7EEF9CDE900A70C231DAA4FF48C7124
:10ADC0000820F8F751FD1F2300228E213E20F8F7BE
:10ADD000D3F9322001F052FC534600228E213E204E
:10ADE000F8F7CAF9A5F1AB070F2F67D2862C65D902
:10ADF000962C63D2E2480078F0BB9DF908001F3022
:10AE00003C282ED89DF90C001D303C2829D8DB4861
:10AE1000002305220188DB480088F8F711FDD94896
:10AE20000088D849401C0880D4480088D349401E77
:10AE30000880D448008878388DF8080008460088D3
:10AE4000C8388DF80C009DF90C109DF90800F8F732
:10AE500035FFCA48534605220188CA480088F8F7DA
:10AE6000EFFC4FF4927368224FF48C710820CDF8F8
:10AE70000090F8F741FA00E020E09DF90C309DF9D0
:10AE80000820AFF218111DA8FEF782F9CDE900A93C
:10AE90000C231DAA4FF48C710820F8F7E5FC1F2342
:10AEA00000228E21B220F8F727F9322001F0E6FBCC
:10AEB000534600228E21B220F8F71EF9B8F10F0F89
:10AEC0006CD2FA2C6AD9B4F5857F67D2AC48007889
:10AED000E8BB9DF908001D303C2830D89DF90C00D6
:10AEE0001F303C282BD8DFF8948200230522B8F8C5
:10AEF0000010A4480088F8F7A3FCA2480088A149E4
:10AF0000401E0880B8F80000401CA8F80000084661
:10AF1000008878388DF80800B8F80000C8388DF837
:10AF20000C009DF90C109DF90800F8F7C7FEB8F861
:10AF300000105346052293480088F8F781FC6822E8
:10AF40004FF48C784FF492734146082000E025E0DE
:10AF5000CDF80090F8F7D0F99DF90C309DF9082054
:10AF6000AFF2F8111DA8FEF713F9CDE900A90C23E3
:10AF70001DAA41460820F8F777FC4FF481781F237B
:10AF8000002241463E20F8F7F7F8322001F076FB28
:10AF90005346002241463E20F8F7EEF80F2F69D2C3
:10AFA000FA2C67D9B4F5857F64D275480078E0BB88
:10AFB0009DF908001F303C282CD89DF90C001F304B
:10AFC0003C2827D8DFF8B48100230522B8F8001008
:10AFD0006C4F3888F8F734FC3888401C3880B8F853
:10AFE0000000401CA8F80000388878388DF8080068
:10AFF000B8F80000C8388DF80C009DF90C109DF9C8
:10B000000800F8F75BFEB8F80010534605223888B0
:10B01000F8F716FC68224FF48C784F464FF4927381
:10B0200041460820CDF8009000E023E0F8F764F9ED
:10B030009DF90C309DF90820AFF2D0211DA8FEF734
:10B04000A7F8CDE900A70C231DAA41460820F8F770
:10B050000BFC4FF481771F2300223946B220F8F70A
:10B060004BF8322001F00AFB534600223946B22049
:10B07000F8F742F81F2E2BD24FF49776B44227D917
:10B08000B4F59F7F24D23E48007808BB3E4F387805
:10B0900018B1387801280FD015E0012038703B49ED
:10B0A0000023CDE90091802239A13C4802F02EF81E
:10B0B00036490839C86006E087F8009033480838F8
:10B0C000806801F047FB3246B5213878F7F7F8FF82
:10B0D000A5F174003F281ED24FF49776B4421AD9D6
:10B0E000B4F59F7F17D2264F387818B138780128E9
:10B0F00005D00BE001203870F8F784FD06E087F8F2
:10B1000000902748D0F8E80501F024FB324673216F
:10B110003878F7F787FF103D2F2D58D24FF49775E9
:10B12000AC4254D9B4F59F7F51D217480178012918
:10B130000BD180F800902A46B5210078F7F7C0FFC0
:10B1400012480838806801F005FB0D4C2078012872
:10B150000BD184F800901248D0F8E80501F0FAFA13
:10B160002A4673212078F7F75DFF01208BF8000055
:10B17000064C0C4D083C207816E0000046000020EC
:10B1800000000020440000201C000020500000208F
:10B190004D6F746F725F5461736B00005D3C00080B
:10B1A000E08900207401002005EB8000CDE90090CB
:10B1B0004E4600234FF480720CA1114801F0A6FF07
:10B1C000E0602078401CC0B2207045F8206032203A
:10B1D00001F054FAFDF756FD10B10126FFF784BACD
:10B1E000002601208BF80000F8E70000546F75631B
:10B1F000685F4D616E6167655461736B00000000AC
:10B20000BD410008EFF30580002800D00120704701
:10B210001CB5F6F759FBF8F7C1FDF8F7CDFBF8F7C9
:10B22000D5FCF8F767FBF8F749FCF8F7ABFC01220F
:10B2300020218348F6F708F94FF4E130F9F7A8FF29
:10B24000FDF70EF8F8F7B4F80020F8F7ABFA7D48F0
:10B25000827941880088FDF76FFC4FF6FF75002169
:10B260004FF4A073F02208460095F8F745F87648A9
:10B2700000903C23982296212D20F8F765F80024B1
:10B280000C2372A240F21D110A20CDE90045F8F707
:10B29000EBFA40F2CF16CDE9006550210C2375A2E0
:10B2A0000846F8F7E1FACDE900650C2375A26421A0
:10B2B0004420F8F7D9FA182377A208212320CDE9F2
:10B2C0000045F8F7D1FACDE900652821102376A2D0
:10B2D0000846F8F7C9FA4FF4FA60F5F75FFF7849C6
:10B2E00040F2EE20096808640C217548F7F724F94C
:10B2F000744F01263E704FF47A70F5F74FFFFEF75A
:10B300000FFCFEF71DFF0120F5F748FF6E4D00947E
:10B3100001942888002301220A2101F085FB0120E5
:10B32000F5F73CFF28880A2101F004F80120F5F721
:10B3300035FF00940194B5F81001002301220A2181
:10B3400001F072FB0120F5F729FFB5F810010A2181
:10B3500000F0F0FF0120F5F721FF00940194B5F80B
:10B360002002002301220A2101F05EFB0120F5F7F3
:10B3700015FFB5F820020A2100F0DCFF0120F5F7E7
:10B380000DFF00940194B5F83003002301220A2137
:10B3900001F04AFB0120F5F701FFB5F830030A215F
:10B3A00000F0C8FF0920F5F7F9FE29464748FEF7E7
:10B3B00063FE0120F5F7F2FE29464448FEF75CFEE5
:10B3C0000120F5F7EBFE05F588710C463F48FEF7C6
:10B3D00053FE0120F5F7E2FE21463C48FEF74CFE05
:10B3E0000120F5F7DBFE05F508710C463748FEF73E
:10B3F00043FE0120F5F7D2FE21463448FEF73CFE1D
:10B400000120F5F7CBFE05F54C710C462F48FEF7F1
:10B4100033FE0120F5F7C2FE21462C48FEF72CFE34
:10B420000120F5F7BBFE7E70BE70FE703E71C82035
:10B43000F5F7B4FEF8F780FA00F0E6F8FEE7000052
:10B44000000802405801002018040108C8E7B9FBB1
:10B45000B7A2CFD6D7F8B1EAB2BBB6D4A3ACB0B4DA
:10B46000CFC2D7F331B0B4BCFCBDF8C8EBD0A3D782
:10B47000BC000000D7F7D5DFA3BAC1D6B3FEC8BB66
:10B4800000000000D6B8B5BCC0CFCAA6A3BAD2B6D9
:10B49000C4DDBCD100000000BBF9D3DABBECC1AA0B
:10B4A000BBFAB9B9B5C40000B4C5F1EEBACFCBAEA2
:10B4B000CFC2CAB8C1BFCDC6BDF8C6F700000000F4
:10B4C0006804002004000020407F00204004002089
:10B4D00001460020842900D0C81C7047F0B50B300D
:10B4E000154D20F007010024144A0FE003688B4239
:10B4F0000BD38B4205D95E1A43184768C3E900672E
:10B5000000E04368136002C004E0021D10680028D8
:10B51000ECD12046002802D1286808B10020F0BDF7
:10B52000064A07481060074A121A22F00702C0E9CB
:10B53000002401202860D7E7700100206C01002062
:10B54000B4930020B09500202DE9FC41F0EE412A93
:10B5500091ED2C1AB0EE603A06460B461546F1EE18
:10B56000410A1020FEF768FF93ED2D1A07460C20C4
:10B57000F1EE410AB0EE430AFEF75EFF93ED2E1A9C
:10B5800002460C20F1EE410AB0EE420AFEF754FFEB
:10B590009FED1C2A04460C209FED191AF0EE420A7A
:10B5A000B0EE620AFEF748FF03460C20B1EE041A23
:10B5B000F0EE420AB0EE610AFEF73EFF390A8DF85E
:10B5C00000108DF8017011098DF80210110141EA87
:10B5D00013218DF803108DF8043001098DF8051042
:10B5E000010141EA14208DF806008DF80740082378
:10B5F0006A4629463046FEF7FDFBBDE8FC810000A7
:10B600000000FA430000000010B501F01FF900200F
:10B6100010BD38B5D0E9011204683AB1C3682BB146
:10B6200000200090204601F0C6FA38BD2046BDE853
:10B630003840002201F09EBA2DE9FF410D004FF085
:10B640000006CDE9016507461ED000240396501C74
:10B650001FD002B11446FFF7D5FD69464FF0100820
:10B66000E8B103AA2846091D01F0C8FC012813D03F
:10B6700000960398E8B114494FF080500860BFF37A
:10B680004F8FBFF36F8F14E0802031462A46009021
:10B6900011E04FF0FF34DEE7CDF80080E9E7224605
:10B6A0002846091D01F00EFC012808D054B14020A5
:10B6B00000909DE8070087E80700BDE8FF81CDF80E
:10B6C0000080F6E70020F3E704ED00E037B505461B
:10B6D00082B000200090140000D10124FFF792FDF9
:10B6E0004FF0000388B16A4603A9284601F08AFB9F
:10B6F000012811D1009890B10A494FF0805008609C
:10B70000BFF34F8FBFF36F8F09E0224603A928468E
:10B7100001F0C8FA012802D0FF2005B030BD00209A
:10B72000FBE7000004ED00E07FB50D4604464169EB
:10B73000B0F9080081B1A16971B1FFF7C9FED4E980
:10B7400005128DE80700D4E900102B46226901F0AC
:10B750000AFD039004B070BDFFF7BAFE03A9CDE95E
:10B760000001208A2B4682B2D4E9001001F0CEFC01
:10B77000012801D00020EDE70398EBE71CB510EE9F
:10B78000103A10EE902A8DF800301C0A8DF8014016
:10B790001C0C8DF802401B0E8DF803308DF8042030
:10B7A000130A8DF80530130C8DF80630120E01F5D2
:10B7B00080718DF8072089B208236A46FEF71AFBCC
:10B7C0001CBD00002DE9F041184C0F460546E66807
:10B7D0002068001D00F060FE38B9206890F82C1039
:10B7E00001208840216981432161681C07D137B15C
:10B7F0002168BDE8F0410E48091D00F091BE2068A7
:10B800003544B5424560216805D2A06BBDE8F041E2
:10B81000091D00F06DBE606B091D00F069FEA06A95
:10B82000854200D2A562BDE8F081000068000020DA
:10B83000640600202DE9F041054600F07DFE2E4C07
:10B84000A068401CA06020682C4F10B1606940B314
:10B850002DE02560A068012829D1002606EB86008E
:10B8600007EB800000F036FE761C072EF6D3234847
:10B870008C3000F02FFE2148A03000F02BFE1F4836
:10B88000B43000F027FE1D48C83000F023FE1B48EE
:10B89000DC3000F01FFE19488C3060631430A06368
:10B8A00005E02068E96AC06A884200D82560606ABD
:10B8B000401C6062E96A01202269884010432061CF
:10B8C00001EB810007EB8000291D00F029FE00F04C
:10B8D00053FE606900280CD02068E96AC06A88427B
:10B8E00007D207494FF080500860BFF34F8FBFF376
:10B8F0006F8FBDE8F08100006800002088050020FF
:10B9000004ED00E030B4026C0B46002A0BD0C16895
:10B910001144C1608468A14201D30168C16030BC98
:10B920001846F4F7E0BC30BC70472DE9F041856B58
:10B93000174604460026026C82B1C7B1E068F4F7EE
:10B94000D2FCE168206C091AE1602268914202D2BF
:10B95000A168081AE060022F16D017E02068A8B985
:10B96000A06801F0A5FC06460020A0600EE060681B
:10B97000F4F7B9FC216C606808446060A1688842F3
:10B9800004D32068606001E005B16D1E6D1CA563E5
:10B990003046BDE8F08110B5044690F8510058B12A
:10B9A00001280CD002280FD0502080F31188BFF35B
:10B9B0004F8FBFF36F8FFEE7206B00F0F1FD204645
:10B9C000BDE8104000F0ECBD10BD000010484FF481
:10B9D0007051420706D0C01D0D4920F00700411AE2
:10B9E000C1F570510B4A00230144C2E90003083934
:10B9F000183A21F0070111604B600B600B1AC0E987
:10BA0000001393604FF00040536050617047000096
:10BA100078060020BC000020144E154CA6F1C80783
:10BA20004FF08058DFF84C9012E000BF00F084FD2A
:10BA3000F068C568281D00F02FFDA068401EA060BA
:10BA40006068401E606000F097FD2846FFF7A3FF86
:10BA500060680028EAD138680128F9D9C9F800805F
:10BA6000BFF34F8FBFF36F8FF2E700005006002047
:10BA70006800002004ED00E00346009829B1026050
:10BA8000C0E90F31012101F0C9B80060F8E72DE9E4
:10BA9000F0479A46DDE9098481466FF00303206B85
:10BAA00003EB82021044089E20F00707780707D0B6
:10BAB000502080F31188BFF34F8FBFF36F8FFEE7E5
:10BAC000002561B1002023180A5C83F834200A5C49
:10BAD00012B1401C1028F6D384F8435001E084F8DA
:10BAE0003450072E00D30626E662C4E91165201DF6
:10BAF00000F0FBFC04F1180000F0F7FC2461C6F133
:10BB000007006462A061E56484F8505052464946DB
:10BB1000384600F09BF92060B8F1000F01D0C8F85A
:10BB20000040BDE8F087000030B5114900E0114643
:10BB30000A688242FBD34B685C18844203D1406898
:10BB400018444860084643681C18944209D1084CC0
:10BB5000183C2468A24209D052681A4442600A681C
:10BB600012680260814200D0086030BD0460F9E7CD
:10BB7000BC00002010B5044600F0DEFCA06B28B12C
:10BB80005FF0000400F0F8FC204610BD0124F9E746
:10BB90000648416B096829B1416BC968C9684968A1
:10BBA000816270474FF0FF31FAE700006800002023
:10BBB00008484068401C4FF0500080F3118804D0C2
:10BBC000BFF34F8FBFF36F8FFEE7BFF34F8FBFF30E
:10BBD0006F8FFEE7C40000202DE9F041044600F01D
:10BBE000ABFC94F9455004F1240609E0606A48B1C1
:10BBF000304601F0A9FB08B100F00AFE6D1E6DB2DF
:10BC0000002DF3DC4FF0FF3684F8456000F0B4FC03
:10BC100000F092FC94F9445004F1100709E0206907
:10BC200048B1384601F090FB08B100F0F1FD6D1EFF
:10BC30006DB2002DF3DC84F84460BDE8F04100F003
:10BC40009BBC000070B52549002601EB0014244977
:10BC500001254988C14001F001002070217B0529A0
:10BC60003AD2DFE801F00337091D330088B3F5F756
:10BC7000F1FB606002200AE0F5F7ECFB6168401A16
:10BC8000A060217829B1B0F57A7F25D904202073EE
:10BC900022E032281FD3F5F7DDFB60600320F6E7D2
:10BCA000F5F7D8FB6168401AA06022784FF4C8719C
:10BCB000012A04D088420FD32573012070BD884229
:10BCC000FAD2322808D92573022070BD25730320CB
:10BCD00070BD01E000B926730020F9E75C6D00201B
:10BCE000F000002002494988C14001F0010070477E
:10BCF000F0000020012393400288012902D09A43DA
:10BD0000028070471A43FBE77CB510EE102A9FEDC6
:10BD1000160A8DF80020150A20EE800A8DF80150D1
:10BD2000150C8DF80250BCEEC00A120E8DF80320DF
:10BD300010EE103A9FED0D0A8DF804301A0A21EE2C
:10BD4000000A8DF8052001F5407189B2BCEEC00AE9
:10BD5000082310EE104A8DF80640220A8DF80720BD
:10BD60006A46FEF747F87CBD0000C84200401C460A
:10BD70002DE9F0410546002700F09EFD324E306867
:10BD800008B9FFF723FE706905424ED1C5B30835E7
:10BD900068070ED005F00700C0F1080005446807E9
:10BDA00007D0502080F31188BFF34F8FBFF36F8F00
:10BDB000FEE72DB37068854237D823481830014616
:10BDC0000C6801E020460C466168A94202D2216855
:10BDD0000029F7D131688C4227D0076821680160BB
:10BDE00060680837411B10290FD96019420708D035
:10BDF000502080F31188BFF34F8FBFF36F8FFEE7A2
:10BE000013E041606560FFF78FFE61687068401A5B
:10BE10007060B268904200D2B06070690143002047
:10BE2000C4E90001F068401CF06001F0C7FA78072F
:10BE300007D0502080F31188BFF34F8FBFF36F8F6F
:10BE4000FEE73846BDE8F081A400002010B5031FCE
:10BE50004FF080741C601B1F21F001011960191F35
:10BE6000044B0B6014390A60091F6FF0020244385A
:10BE70000A6010BDB1BB00082DE9F0473E4C002020
:10BE8000142120706080A0803C48F4F745FADFF868
:10BE9000EC903A4D09F12809394F24E099F81C003B
:10BEA0004E4610B9D02000F093FA307F012802D11D
:10BEB000902000F08DFA00F021F9217825F811008A
:10BEC000307F10B9902000F083FA307F012802D132
:10BED000D02000F07DFA00F011F9217805EB410245
:10BEE000491C908221703869C00602D42078042849
:10BEF000D4D3B5F90030B5F914001E46014601222D
:10BF000094F800C014E000BF35F91270B74200DAAF
:10BF10003E469F4200DD3B4605EB4207B7F91470F1
:10BF20008F4200DA3946874200DD3846521CD2B2D1
:10BF30006245E9D300220EE035F81270B4F80280B1
:10BF40004744678005EB4207B4F80480BF8A521C5F
:10BF50004744A780D2B26245EED36288921BD21AC0
:10BF60005308A9F80630A388591A081A4008A9F8F6
:10BF700008000120BDE8F08760010020F47E002069
:10BF80000010024070B5284C4FF000500025206092
:10BF9000902000F0FFF9002000F0FCF9002000F0F4
:10BFA000F9F9002000F0F6F9FF2000F0F3F945EA76
:10BFB0000026FF2000F0EEF940EA06054FF400509D
:10BFC00020601A4C01202070A5F56F401438052818
:10BFD00012D2DFE800F003050B0D0F0014A200E001
:10BFE00015A217A1A01CFDF7D3F810E015A2F8E7E1
:10BFF00016A2F6E717A2F4E718A211A1A01CFDF7FC
:10C00000C7F800202070294619A0FDF7B1F8207864
:10C01000012804D01DA0FDF7ABF8284670BDA11C77
:10C0200027A0FDF7A5F8F8E718080240DC6E00200D
:10C030005732355131360000573235513332000016
:10C0400025730000573235513634000057323551D0
:10C05000313238005732355132353600466C617313
:10C0600068C9E8B1B8CAA7B0DC20212121000000CE
:10C07000B6C1C8A1B5BDB5C4B4EDCEF3D0CDBAC577
:10C08000CAFDBEDDA3BA25640D0A0000CAFDBEDDEF
:10C09000B4E6B4A2BCECB2E2A3BA20202020202057
:10C0A0002020202020D0CDBAC5B6C1C8A1B4EDCE85
:10C0B000F3A3ACC9E8B1B8B2BBBFC9D3C3210D006B
:10C0C000466C617368B4E6B4A220BCECB2E22E2EDA
:10C0D0002E2020202020202020D0CDBAC53A257344
:10C0E0000D000000044910B508800520FDF73CFF55
:10C0F0000148801C008810BDFEFF01602DE9F0475B
:10C10000144C00260127A7610520FDF715FF4FF409
:10C110008038C4F818800520FDF70EFF0025B946C9
:10C120004FF6FF7A0AEA4607C4F818900120FDF797
:10C1300003FF2069C4F81880C0F3C0063E43012005
:10C14000FDF7FAFE6D1CEDB20C2DEBD33046BDE8C9
:10C15000F08700000010024090F85830002B43D0C8
:10C160008B78332B40D10B7963F307024B7963F360
:10C170000F228B7963F31742CB79C97863F31F627F
:10C18000522931D2DFE801F0292C3134373A3D40D1
:10C1900043464A4E52565A5E62666A6E72767A7E9E
:10C1A00082868A8E92969A9EA2A6AAAEB23030302D
:10C1B00030303030303030303030B6BABEC2C6CA1F
:10C1C000303030303030303030303030303030306F
:10C1D0003030303030303030CED20221C26501E014
:10C1E0000321026680F85810704704214266F9E77F
:10C1F00005218266F6E70621C266F3E7072102679A
:10C20000F0E708214267EDE709218267EAE70A21A2
:10C21000C267E7E70B21C0F88020E3E70C21C0F8F4
:10C220008420DFE70D21C0F88820DBE70E21C0F86D
:10C230008C20D7E70F21C0F89020D3E71021C0F859
:10C240009420CFE71121C0F89820CBE71221C0F845
:10C250009C20C7E71321C0F8A020C3E71421C0F831
:10C26000A420BFE71521C0F8A820BBE71621C0F81D
:10C27000AC20B7E71721C0F8B020B3E71821C0F809
:10C28000B420AFE71921C0F8B820ABE71A21C0F8F5
:10C29000BC20A7E71B21C0F8C020A3E71C21C0F8E1
:10C2A000C4209FE71D21C0F8C8209BE71E21C0F8CD
:10C2B000CC2097E71F21C0F8D02093E72021C0F8B9
:10C2C000D4208FE72121C0F8D8208BE72221C0F8A5
:10C2D000DC2087E72321C0F8E02083E72421C0F891
:10C2E000E4207FE72521C0F8E8207BE72621C0F87D
:10C2F000EC2077E72721C0F8F02073E72821C0F869
:10C30000F4206FE72921C0F8F8206BE72A21C0F854
:10C31000FC2067E72B21C0F8002163E72C21C0F83F
:10C3200004215FE72D21C0F808215BE70021C0F858
:10C330000C2157E708B508A2C0F302211268009249
:10C340008DF800008DF8011004236A4640F2FF7159
:10C350000248FDF74FFD08BD0000AA01400400207F
:10C360001CB51144FF228DF800208DF801208DF8B6
:10C3700004208DF802208DF805208DF803208DF81B
:10C380000620FE228DF8072089B208236A46FDF7B1
:10C3900031FD1CBD10B500214FF47A730B4A03E048
:10C3A000491C89B2994209D89468A407F8D5D0608D
:10C3B000002005E0401C80B2984201D9002010BD49
:10C3C0009168C907F6D0D068C0B210BD00300140F6
:10C3D0002DE9F0470024114D06464FF004094FF4B3
:10C3E000802A01274FF48038C4F1070026FA00F0B4
:10C3F000C00701D0484600E05046A8610120FDF783
:10C400009BFDAF610120FDF797FDC5F81880641C06
:10C41000E4B2082CE8D3BDE8F08700000010024029
:10C42000074B10B52A221A80040A9A1C1480C0B245
:10C4300010802B201880080A1080C8B2108010BD10
:10C44000FEFF016008B510EE102A01F500718DF8AD
:10C450000020130A8DF80130130C8DF80230120EF3
:10C460008DF8032089B204236A46FDF7C3FC08BD9A
:10C4700001EE100A70EEC00A0120B8EEC11A884021
:10C48000401E21EE201A00EE900AF8EEE01AC1EEEE
:10C49000210A30EE800A7047D0E9013201699A60C2
:10C4A000D0E901235A604A68824201D182684A6019
:10C4B000002202610868401E08600868704700009A
:10C4C000034B036003F15400086080201060704744
:10C4D000EC01002000F108014FF0FF32C0E9011229
:10C4E000C160016100210160704700210161704756
:10C4F00030B50B685A1C02D000F1080202E0026954
:10C5000004E02246546825689D42FAD953684B607E
:10C5100099608A60516008610168491C016030BD02
:10C5200042684A6093688B609368596091600861C3
:10C530000168491C01607047502080F31188BFF3E7
:10C540004F8FBFF36F8F0A494868401C486001282D
:10C550000CD10848006810F0FF0F07D0502080F37E
:10C560001188BFF34F8FBFF36F8FFEE77047000056
:10C57000C400002004ED00E00849486828B1401ECE
:10C58000486001D180F311887047502080F31188F2
:10C59000BFF34F8FBFF36F8FFEE70000C400002092
:10C5A00070B500282AD0164DA0F1080460686969AA
:10C5B000084207D1502080F31188BFF34F8FBFF39B
:10C5C0006F8FFEE722683AB1502080F31188BFF3E5
:10C5D0004F8FBFF36F8FFEE78843606000F06CF908
:10C5E00060686968084468602046FFF79DFA28691A
:10C5F000401C2861BDE8704000F0E0BE70BD000046
:10C60000A40000204FF0E020002101618161054974
:10C610004FF47A720968B1FBF2F1491E41610721BA
:10C62000016170476400002010B5F3F715FE114951
:10C6300010280ED300F1E02090F8F0030A78904221
:10C6400007D2502080F31188BFF34F8FBFF36F8F55
:10C65000FEE709480068896800F4E060884207D96D
:10C66000502080F31188BFF34F8FBFF36F8FFEE729
:10C6700010BD0000C40000200CED00E010B5020069
:10C6800014D00F48006B38B1502080F31188BFF3ED
:10C690004F8FBFF36F8FFEE700F00EF900211046B9
:10C6A000FFF790F800F08AFE002807D105494FF007
:10C6B00080500860BFF34F8FBFF36F8F10BD000035
:10C6C0006800002004ED00E070B50D4604000BD0BA
:10C6D00095B11E4A106BB8B1502080F31188BFF39A
:10C6E0004F8FBFF36F8FFEE7502080F31188BFF3A9
:10C6F0004F8FBFF36F8FFEE7502080F31188BFF399
:10C700004F8FBFF36F8FFEE700F0D6F8D268236833
:10C710005919934204D98B420AD9914202D807E0B1
:10C720008B42FAD9881A21600021FFF74BF800E00C
:10C73000216000F043FE002807D105494FF08050EA
:10C740000860BFF34F8FBFF36F8F70BD680000208C
:10C7500004ED00E070B50546FFF7EEFE254C05B987
:10C760002568281DFFF798FE58B9E86A224A00EBB1
:10C77000800152F8211021B90121814020698843AC
:10C780002061A86A18B105F11800FFF785FE606AFC
:10C79000401C60622068854208D11748291DC830B6
:10C7A000FFF7BEFE6068401C606007E0A068401EA6
:10C7B000A0602846FFF7EFF8FFF7EAF9FFF7DCFE85
:10C7C0006069002814D02068854211D1206B38B1EF
:10C7D000502080F31188BFF34F8FBFF36F8FFEE7B8
:10C7E00006494FF080500860BFF34F8FBFF36F8F43
:10C7F00070BD0000680000208805002004ED00E006
:10C8000002490A6A0260C9684160704768000020F6
:10C8100001490120C86170476800002010B50C462E
:10C8200050B1094909681831FFF762FE2046BDE89A
:10C8300010400121FEF7C6BF502080F31188BFF3DE
:10C840004F8FBFF36F8FFEE76800002010B586B0F2
:10C850000024039405AA04A903A80494FFF730FE5A
:10C86000DDE903010094CDE9011000230EA1104879
:10C87000059A00F078FC0F490028C86211D05020BA
:10C8800080F31188BFF34F8FBFF36F8F4FF0FF30EE
:10C89000886201204861CC6006B0BDE8104000F01D
:10C8A000EFB806B010BD000049444C450000000040
:10C8B00019BA0008680000200248016B491C016396
:10C8C00070470000680000201448016B11B101217D
:10C8D000C16170470021C1610169B1FA81F1C1F103
:10C8E0001F0101EB81020E4951F822306BB101EBBF
:10C8F000820101F108034A6852684A609A4201D1F4
:10C9000052684A60D16801607047502080F31188F6
:10C91000BFF34F8FBFF36F8FFEE70000680000206A
:10C920008805002033B5184800242DED020B81B096
:10C93000017F006A11B1012924D000E0044644F6C9
:10C940004F30ADF800000025022269462046FBF773
:10C9500069FD042201A9A01CFBF764FD042203A9C0
:10C96000A01DFBF75FFD042202A904F10A00FBF7FA
:10C9700059FD042204A904F10E00FBF753FD05B094
:10C98000284630BD1430D9E71C7F002010B5054C77
:10C990004FF0005020600620FFF7FCFC4FF40050E1
:10C9A000206010BD180802402DE9F04705461C48DC
:10C9B00088460078002831D0DFF868904FF48077FF
:10C9C00000264FF0005A00BFFFF7E0FFFBF7B2FD73
:10C9D000C9F800A00220FFF7DDFCC5F30740FFF710
:10C9E000D9FCC5F30720FFF7D5FCE8B2FFF7D2FC6E
:10C9F0005FF0000418F80400FFF7CCFC641CA4B23C
:10CA0000BC42F7D34FF40051C9F80010FBF792FD78
:10CA1000761CF6B2B8443D44102ED5D3BDE8F0875D
:10CA2000DC6E0020180802402DE9FC4100F00F04E4
:10CA3000DDE90856C0F303100FF2380CDCE9007C86
:10CA4000CDE9007C8DF804208DF800408DF80100C0
:10CA50008DF805308DF803108DF806508DF80760BD
:10CA600008236A4640F2FF710448FDF7C3F9BDE8A8
:10CA7000FC81000000005500000000004004002080
:10CA80001CB537480168374A914207D1502080F3DE
:10CA90001188BFF34F8FBFF36F8FFEE700683149F6
:10CAA000491E884207D1502080F31188BFF34F8F71
:10CAB000BFF36F8FFEE72C4908780190FF200870C4
:10CAC00008788DF800009DF800009DF8002000F027
:10CAD000F000904207D0502080F31188BFF34F8FB1
:10CAE000BFF36F8FFEE79DF80000204C00F0500070
:10CAF00020700720A06005E09DF8002052008DF80E
:10CB00000020401E9DF800201206F5D4A0600328E6
:10CB100007D0502080F31188BFF34F8FBFF36F8F82
:10CB2000FEE74FF44070A060019808700C48203078
:10CB3000016841F470010160016841F070410160D9
:10CB4000FFF760FD00206060F3F74EFB08480168C6
:10CB500041F040410160F3F733FB00201CBD0000B1
:10CB600000ED00E071C20F4100E400E0C4000020CD
:10CB700034EF00E0F8B517460E46050013D005FB6C
:10CB800006F04830FFF7F4F804000AD0002084F8DB
:10CB9000460004F148023B46314628460094FEF721
:10CBA0006BFF2046F8BD502080F31188BFF34F8FF4
:10CBB000BFF36F8FFEE738B5049D18B153B1CAB10A
:10CBC00081B120E0502080F31188BFF34F8FBFF375
:10CBD0006F8FFEE7502080F31188BFF34F8FBFF3B4
:10CBE0006F8FFEE7502080F31188BFF34F8FBFF3A4
:10CBF0006F8FFEE739B1502080F31188BFF34F8F5C
:10CC0000BFF36F8FFEE748241C46012384F84630AB
:10CC10002B460094FEF730FF204638BD70B50D4618
:10CC2000040025D0FFF788FCD4E90F20216802FB1F
:10CC30000011A1600021A163216861600A46D4E966
:10CC40000F01401E00FB0121E16021464FF0FF3043
:10CC500001F8440F487004F110008DB1FFF73AFC61
:10CC600004F12400FFF736FCFFF786FC012070BDBD
:10CC7000502080F31188BFF34F8FBFF36F8FFEE713
:10CC800021690029F0D000F05FFB0028ECD00449B6
:10CC90004FF080500860BFF34F8FBFF36F8FE3E713
:10CCA00004ED00E02DE9FF4782B01D468A464FF0B3
:10CCB0000008040003D0BAF1000F08D011E05020A2
:10CCC00080F31188BFF34F8FBFF36F8FFEE7206CA7
:10CCD00038B1502080F31188BFF34F8FBFF36F8FAF
:10CCE000FEE7022D0AD1E06B012807D0502080F327
:10CCF0001188BFF34F8FBFF36F8FFEE700F05EFA2E
:10CD00003F4F4FF000094FF0805648B9049838B1B2
:10CD1000502080F31188BFF34F8FBFF36F8FFEE772
:10CD2000FFF70AFCA06BE16B884207D3022D05D008
:10CD30000498D0B1B8F1000F1AD01EE02A4651462F
:10CD40002046FEF7F2FD616A19B104F1240000F0FB
:10CD5000FBFA20B13E60BFF34F8FBFF36F8FFFF739
:10CD60000BFC012006B0BDE8F087FFF705FC22E0D0
:10CD70006846FFF745FD4FF00108FFF7FDFBFFF7A1
:10CD80009BFDFFF7D9FB94F94400401C01D184F8C6
:10CD9000449094F94500401C01D184F84590FFF778
:10CDA000EBFB04A9684600F077F930B12046FEF7A6
:10CDB00013FF00F003FB0020D4E7FFF7BDFBA06BDF
:10CDC000E16B884213D1FFF7D7FB04F110000499FF
:10CDD000FFF724FD2046FEF7FFFE00F0EFFA0028E3
:10CDE0009ED13E60BFF34F8FBFF36F8F98E7FFF781
:10CDF000C3FB2046FEF7F0FE00F0E0FA90E70000EB
:10CE000004ED00E02DE9F0471F46904689460400F6
:10CE100003D0B9F1000F08D011E0502080F3118841
:10CE2000BFF34F8FBFF36F8FFEE7206C38B15020F8
:10CE300080F31188BFF34F8FBFF36F8FFEE7022F90
:10CE40000AD1E06B012807D0502080F31188BFF38E
:10CE50004F8FBFF36F8FFEE7FFF7E6FB5020EFF336
:10CE6000118680F31188BFF34F8FBFF36F8FA06BD4
:10CE7000E16B884206D3022F04D0002086F311888C
:10CE8000BDE8F08794F94550A06B3A4649462046E4
:10CE9000FEF74BFD681C04D06D1C84F84550012042
:10CEA000ECE7606A0028FAD004F1240000F04CFAA4
:10CEB0000028F4D0B8F1000FF1D00121C8F800101B
:10CEC000EDE700002DE9F747002683B08A4604000D
:10CED00003D0BAF1000F08D011E0502080F3118880
:10CEE000BFF34F8FBFF36F8FFEE7206C38B1502038
:10CEF00080F31188BFF34F8FBFF36F8FFEE700F011
:10CF00005DF9DFF8F4804FF000094FF0805748B921
:10CF1000059838B1502080F31188BFF34F8FBFF3CD
:10CF20006F8FFEE7FFF708FBA56BC5B151462046A2
:10CF3000FEF7E8FC6D1EA563206950B104F11000F6
:10CF400000F002FA28B1C8F80070BFF34F8FBFF3AA
:10CF50006F8FFFF711FB012006B0BDE8F087059841
:10CF600008B11EB106E0FFF707FB27E06846FFF7B0
:10CF700047FC0126FFF700FBFFF79EFCFFF7DCFAFA
:10CF800094F94400401C01D184F8449094F9450080
:10CF9000401C01D184F84590FFF7EEFA05A96846D8
:10CFA00000F07AF8002820460AD0FEF715FE00F0BF
:10CFB00005FA2046FEF7DEFD0028B3D00020CBE7BF
:10CFC000FEF7D8FD90B104F124000599FFF726FC87
:10CFD0002046FEF701FE00F0F1F90028A2D1C8F8C2
:10CFE0000070BFF34F8FBFF36F8F9BE72046FEF7B4
:10CFF000F3FD00F0E3F995E704ED00E02DE9F047DB
:10D0000090468946040003D0B9F1000F08D011E022
:10D01000502080F31188BFF34F8FBFF36F8FFEE76F
:10D02000206C38B1502080F31188BFF34F8FBFF3CD
:10D030006F8FFEE7FFF7F8FA5020EFF3118680F3C9
:10D040001188BFF34F8FBFF36F8FA76BF7B194F9C0
:10D05000445049462046FEF755FC7F1EA763681CD6
:10D0600004D06D1C84F84450012010E02069002891
:10D07000FAD004F1100000F067F90028F4D0B8F1FC
:10D08000000FF1D00121C8F80010EDE7002086F371
:10D090001188BDE8F08700002DE9F0410C4605003D
:10D0A00011D0C4B1FFF748FA174BDA686E682068F0
:10D0B000911B471C17D02F681B6A9F4219D09642BC
:10D0C00017D8012410E0502080F31188BFF34F8F50
:10D0D000BFF36F8FFEE7502080F31188BFF34F8FAF
:10D0E000BFF36F8FFEE70024FFF746FA2046BDE846
:10D0F000F081884205D9401A20602846FFF780FB5E
:10D10000F1E700202060DCE7680000202DE9FF5FE8
:10D110008346DDE90E87994616468A469000FEF75B
:10D1200027FE05001CD05420FEF722FE040014D078
:10D130000020256384F85100CDE90240CDE9008745
:10D140004B46324651465846FEF7A1FC2046FEF7B4
:10D1500071FB012004B0BDE8F09F2846FFF720FADC
:10D160004FF0FF30F6E7F0B585B0DDE90B640A9DBE
:10D17000A6B1DCB1542700972663022684F85160DB
:10D18000002604AFCDE90246CDE90057FEF77FFC4B
:10D190002046FEF74FFB049805B0F0BD502080F309
:10D1A0001188BFF34F8FBFF36F8FFEE7502080F3DE
:10D1B0001188BFF34F8FBFF36F8FFEE705484169BA
:10D1C00019B1006B18B10020704701207047022090
:10D1D00070470000680000200148C06870470000E8
:10D1E000680000202DE9F0412F4C0026206B28B16B
:10D1F000A069401CA0613046BDE8F081E5686D1C67
:10D20000E56013D1606B006838B1502080F311885D
:10D21000BFF34F8FBFF36F8FFEE7606BA16B61634E
:10D22000A063206A401C2062FEF7B2FCA06ADFF80F
:10D230007C80854209D3606B0068A0B1606BC068D8
:10D24000C7687868854211D2A0622068C06A00EB86
:10D25000800158F82100012800D90126E069002842
:10D26000C9D00126C7E74FF0FF30EDE7381DFFF7C3
:10D2700013F9B86A18B107F11800FFF70DF9F96A48
:10D280000120226988401043206101EB810108EBF5
:10D290008100391DFFF744F9F86A2168C96A88429C
:10D2A000C9D30126C7E700006800002088050020D8
:10D2B00070B504004FF0000140D0214D2868844231
:10D2C00007D0502080F31188BFF34F8FBFF36F8FCB
:10D2D000FEE7A06C38B1401EA064636CE26A9A421B
:10D2E0002CD040B12AE0502080F31188BFF34F8F3B
:10D2F000BFF36F8FFEE7201DFFF7CEF8114A012123
:10D3000050B9E06A00EB800352F8233023B92B694F
:10D3100001FA00F083432B61606CE062C0F107000A
:10D32000A061E06A2B6981401943296100EB80000C
:10D3300002EB8000211DFFF7F3F80121084670BDC4
:10D3400068000020880500202DE9F041C068C4680D
:10D35000ACB104F118000746FFF79EF8154D286B95
:10D360000126A0B139461448FFF7DAF8E06A2968C7
:10D37000C96A88421CD90120EE61BDE8F0815020C5
:10D3800080F31188BFF34F8FBFF36F8FFEE7201D2F
:10D39000FFF782F8E16A2A6906FA01F01043286172
:10D3A00001EB81000449B43901EB8000211DDBE76A
:10D3B0000020E2E7680000203C0600202DE9F0474D
:10D3C0002C4D00242746286B38B1FFF7B5F8286BA1
:10D3D000401E2863286B40B146E0502080F311883E
:10D3E000BFF34F8FBFF36F8FFEE7A968224E012076
:10D3F000D1B3A6F1B40980463068E8B1F068C468DA
:10D4000004F11800FFF748F8201DFFF745F8E06A1F
:10D410002A6908FA00F11143296100EB800109EB48
:10D420008100211DFFF77CF8E06A2968C96A8842FB
:10D43000E2D3C5F81C80DFE70CB1FEF7A9FBAC69AD
:10D4400044B14646FFF7CEFE00B1EE61641EF9D14D
:10D450000020A861E86938B1084901273807086049
:10D46000BFF34F8FBFF36F8FFFF786F83846BDE8E5
:10D47000F0870000680000203C06002004ED00E07A
:10D480000000000000000000010203040607080974
:10D490000000000001020304000000000000000082
:10D4A00000000000000000003F40000000000000FD
:10D4B00000003000400030004000000009000BC0B8
:10D4C0003D000BC03D00090018C024407FE0224011
:10D4D00031800000180024C01B000D803240018004
:10D4E00003801C4027401C80074000401000600063
:10D4F00000000000000000000000000000001F808D
:10D50000204040200000402020401F8000000000FC
:10D51000090006001F800600090000000400040046
:10D520003F800400040000000010006000000000C4
:10D5300000000000040004000400040004000000D7
:10D54000000000400000000000000000002001C0BA
:10D5500006003800400000001F802040204020408E
:10D560001F800000000010403FC00040000000008D
:10D5700018C0214022402440184000001080204064
:10D58000244024401B80000002000D0011003FC019
:10D59000014000003C8024402440244023800000BF
:10D5A0001F802440244034400380000030002000CD
:10D5B00027C03800200000001B8024402440244065
:10D5C0001B8000001C0022C0224022401F8000005F
:10D5D0000000000008400000000000000000000003
:10D5E0000460000000000000000004000A001100B8
:10D5F00020804040090009000900090009000000DE
:10D6000000004040208011000A00040018002000A3
:10D6100023402400180000001F802040274029409C
:10D620001F400000004007C039000F0001C000404B
:10D6300020403FC0244024401B8000001F80204029
:10D64000204020403080000020403FC0204020404B
:10D650001F80000020403FC024402E4030C000000A
:10D6600020403FC024402E00300000000F001080FA
:10D67000204022403380020020403FC004000400CC
:10D680003FC02040204020403FC0204020400000BC
:10D690000060202020203FC02000200020403FC00C
:10D6A00024400B0030C0204020403FC020400040BC
:10D6B000004000C03FC03C0003C03C003FC0000031
:10D6C00020403FC00C4023003FC020001F8020406E
:10D6D000204020401F80000020403FC02440240004
:10D6E000180000001F802140214020E01FA0000002
:10D6F00020403FC02440260019C0004018C02440EC
:10D700002440224031800000300020403FC02040B3
:10D710003000000020003F80004000403F8020009B
:10D7200020003E0001C0070038002000380007C07C
:10D730003C0007C038000000204039C0060039C056
:10D74000204000002000384007C038402000000082
:10D75000304021C02640384020C0000000000000BA
:10D760007FE0402040200000000070000C0003809B
:10D77000004000000000402040207FE0000000004A
:10D7800000002000400020000000000000100010F9
:10D790000010001000100010000000004000000009
:10D7A00000000000000002800540054003C000406A
:10D7B00020003FC0044004400380000000000380BC
:10D7C0000440044006400000000003800440244060
:10D7D0003FC00040000003800540054003400000BA
:10D7E000000004401FC0244024402000000002E04C
:10D7F000055005500650042020403FC0044004005E
:10D8000003C000400000044027C0004000000000AA
:10D8100000100010041027E00000000020403FC06E
:10D820000140070004C00440204020403FC00040A9
:10D830000040000007C0040007C0040003C000004F
:10D84000044007C00440040003C0004000000380FF
:10D850000440044003800000041007F0045004401A
:10D8600003800000000003800440045007F0001013
:10D87000044007C00240040004000000000006400D
:10D880000540054004C00000000004001F80044063
:10D8900000400000040007800040044007C0004032
:10D8A0000400070004C0018006000400060001C057
:10D8B000070001C006000000044006C0010006C0C9
:10D8C000044000000410071004E00180060004007A
:10D8D0000000044005C006400440000000000000B5
:10D8E00004007BE040200000000000000000FFF08A
:10D8F00000000000000040207BE004000000000069
:10D900004000800040002000200040000000000097
:10D910000000000000000000000000000000000007
:10D9200000001FCC000C00000000000000000800F8
:10D93000300060000800300060000000022003FC9E
:10D940001E20022003FC1E200220000000000E18F2
:10D9500011043FFF10840C78000000000F001084B9
:10D960000F3800C0077818840078000000780F8412
:10D9700010C411240E9800E4008400080800680018
:10D980007000000000000000000000000000000027
:10D99000000007E0181820044002000000004002C8
:10D9A0002004181807E000000000000002400240B8
:10D9B00001800FF0018002400240000000800080E2
:10D9C00000800FF800800080008000000001000D42
:10D9D000000E0000000000000000000000000080B9
:10D9E0000080008000800080008000800000000C2B
:10D9F000000C000000000000000000000000000615
:10DA0000001800600180060018002000000007F0E8
:10DA1000080810041004080807F0000000000804BB
:10DA200008041FFC000400040000000000000E0CAD
:10DA300010141024104411840E0C000000000C1867
:10DA400010041104110412880C700000000000E0A2
:10DA50000320042408241FFC0024000000001F9859
:10DA6000108411041104108810700000000007F0E9
:10DA700008881104110418880070000000001C00C0
:10DA8000100010FC13001C001000000000000E38F5
:10DA900011441084108411440E3800000000070067
:10DAA000088C10441044088807F0000000000000B3
:10DAB0000000030C030C0000000000000000000048
:10DAC00000010106000000000000000000000080CE
:10DAD0000140022004100808100400000220022067
:10DAE0000220022002200220022000000000100478
:10DAF00008080410022001400080000000000E0011
:10DB00001200100C106C10800F00000003E00C18C5
:10DB100013E4142417C4082807D000000004003CB4
:10DB200003C41C40074000E4001C000410041FFC58
:10DB30001104110411040E880070000003E00C1899
:10DB400010041004100410081C10000010041FFC26
:10DB5000100410041004080807F0000010041FFC53
:10DB60001104110417C410040818000010041FFC4D
:10DB70001104110017C010000800000003E00C1889
:10DB80001004100410441C780040000010041FFC16
:10DB900010840080008010841FFC1004000010041A
:10DBA00010041FFC1004100400000000000300011A
:10DBB000100110011FFE10001000000010041FFCD7
:10DBC000110403801464181C1004000010041FFCCE
:10DBD0001004000400040004000C000010041FFCEA
:10DBE0001F0000FC1F001FFC1004000010041FFC9D
:10DBF0000C04030000E010181FFC100007F00808D8
:10DC0000100410041004080807F0000010041FFCA2
:10DC100010841080108010800F00000007F008189A
:10DC200010241024101C080A07F2000010041FFC26
:10DC30001104110011C011300E0C000400000E1C64
:10DC400011041084108410441C38000018001000C7
:10DC500010041FFC100410001800000010001FF832
:10DC600010040004000410041FF8100010001E002F
:10DC700011E0001C007013801C0010001FC0103C3D
:10DC800000E01F0000E0103C1FC000001004180C52
:10DC9000163401C001C01634180C100410001C000A
:10DCA000130400FC13041C00100000000804101CE6
:10DCB0001064108413041C041018000000000000FD
:10DCC00000007FFE400240024002000000003000E1
:10DCD0000C0003800060001C0003000000004002F4
:10DCE000400240027FFE0000000000000000000033
:10DCF0002000400040004000200000000001000122
:10DD000000010001000100010001000100004000CD
:10DD1000400020000000000000000000000000980B
:10DD2000012401440144014400FC000410001FFCD4
:10DD300000880104010400880070000000000070E9
:10DD40000088010401040104008800000000007044
:10DD500000880104010411081FFC0004000000F801
:10DD6000014401440144014400C8000000000104D2
:10DD700001040FFC1104110411001800000000D66A
:10DD800001290129012901C90106000010041FFC15
:10DD9000008401000100010400FC000400000104F3
:10DDA000190419FC00040004000000000000000336
:10DDB00000010101190119FE0000000010041FFC00
:10DDC0000024004001B4010C010400000000100414
:10DDD00010041FFC0004000400000000010401FC0A
:10DDE0000104010001FC0104010000FC010401FC2C
:10DDF000008401000100010400FC0004000000F8A0
:10DE0000010401040104010400F80000010101FF04
:10DE1000008501040104008800700000000000700B
:10DE2000008801040104010501FF0001010401044F
:10DE300001FC00840104010001800000000000CC0E
:10DE400001240124012401240198000000000100A4
:10DE5000010007F80104010400000000010001F8BE
:10DE6000000400040004010801FC0004010001801A
:10DE70000170000C001001600180010001F0010C34
:10DE8000003001C00030010C01F00100000001046D
:10DE9000018C00740170018C0104000001010181FA
:10DEA0000171000E00180160018001000000018472
:10DEB000010C013401440184010C00000000000049
:10DEC0000000000001003EFC400240020000000093
:10DED00000000000FFFF0000000000000000400202
:10DEE00040023EFC01000000000000000000600055
:10DEF0008000800040004000200020000000000062
:10DF00000000000000000000000000000000000011
:10DF10000000000000000000000000000000000001
:10DF20000000000000000000000000000000000FE2
:10DF300080380FFE380F803800000000000000001D
:10DF400000000000000000000000010000060000CA
:10DF50000C00003800003100000600000C00003802
:10DF60000000300000000000000000006180006739
:10DF7000F807F980006180006180006180006180A5
:10DF80000067F807F98000618000000000000000D1
:10DF9000000001C0E003E0F00630080418081FFF8D
:10DFA000FE040E080787F00381E000000000000077
:10DFB00001F000060C00040408060C7001F9C00012
:10DFC0000E00003BE000EC18070808040C180003E2
:10DFD000E00000000001E00007F003F818041C084E
:10DFE00004170807E1D003C0E00023B0003C08009C
:10DFF00020080000100000000000000100003100B7
:10E00000003200001C0000000000000000000000C2
:10E010000000000000000000000000000000000000
:10E020000000000000000000000000007F0001FF71
:10E03000C00780F00C00181000042000020000004F
:10E040000000002000021000040C00180780F001FE
:10E05000FFC0007F00000000000000000000000082
:10E0600000000000000000004200006600006600A2
:10E07000003C0000180003FFC0001800003C000036
:10E080006600006600004200000000000800000872
:10E090000000080000080000080001FFC0000800A0
:10E0A0000008000008000008000008000000000050
:10E0B000000100003100003200001C0000000000E0
:10E0C0000000000000000000000000000000000050
:10E0D0000000000008000008000008000008000020
:10E0E0000800000800000800000800000800000800
:10E0F00000000000000000000000000038000038B0
:10E1000000003800000000000000000000000000D7
:10E1100000000000000000000000000000060000F9
:10E120001C000070000180000E0000380000C000DC
:10E130000700001C0000300000000000000000008C
:10E140007F8001FFE00380700600180400080400CF
:10E150000806001803807001FFE0007F80000000C7
:10E160000000000000000100080100080100080391
:10E17000FFF807FFF8000008000008000008000092
:10E180000000000000000001C03802C058040098E0
:10E19000040118040218040418061C1803F81801D6
:10E1A000E0F800000000000000000001C0E003C033
:10E1B000F004000804080804080806180803F41806
:10E1C00001E7F00001E00000000000000000000096
:10E1D0000300000D00001100006100008108030130
:10E1E0000807FFF80FFFF800010800010800000011
:10E1F0000000000000E007FCD00608080610080632
:10E200001008061008061838060FF00607C00000B0
:10E2100000000000000000003F8001FFE0038430A8
:10E220000208180410080410080410080718100346
:10E230000FF00007C000000000000000000003C055
:10E24000000700000600000600F80607F8061800A0
:10E2500006E00007000006000000000000000001CA
:10E26000E1E003F7F0063410041808041808040C61
:10E2700008040C0806161803F3F001C1E0000000C2
:10E2800000000000F80003FC300306380402080414
:10E2900002080402080404100308F001FFC0007F14
:10E2A000000000000000000000000000000000006E
:10E2B0000000000070380070380070380000000066
:10E2C000000000000000000000000000000000004E
:10E2D0000000000000000000301A00301C000000A8
:10E2E000000000000000000000000000000000002E
:10E2F000000000080000140000220000410000801F
:10E300008001004002002004001008000800000006
:10E310000000000021000021000021000021000079
:10E320002100002100002100002100002100002127
:10E3300000000000000000000000080008040010B9
:10E340000200200100400080800041000022000007
:10E35000140000080000000000000003C00004C01A
:10E3600000040000080038080F38080838081000BA
:10E370000C300007E00003C00000000000000000B7
:10E380003F8000FFE0038070020F1006708804C019
:10E3900088048308047F8802C09003012000FE40A7
:10E3A0000000080000180001F8003E0801C2000744
:10E3B000020007E20000FE00001FC80001F8000094
:10E3C0003800000804000807FFF807FFF8040808F1
:10E3D00004080804080804080806180803F41801CB
:10E3E000E7F00001E0000000000000003F8001FFB6
:10E3F000E00380700200180400080400080400080C
:10E400000400100600200780C00000000400080778
:10E41000FFF807FFF80400080400080400080400DF
:10E420001802001003807001FFE0007F80000000F0
:10E4300004000807FFF807FFF804080804080804A8
:10E440000808040808043E08040008060018010033
:10E450006000000004000807FFF807FFF804080840
:10E46000040800040800040800043E00060000063A
:10E470000000018000000000000000003F8001FF5C
:10E48000E003807006001804000804020804020873
:10E490000203F00783F000020000020004000807F6
:10E4A000FFF807FFF804080800080000080000084B
:10E4B0000000080004080807FFF807FFF804000838
:10E4C0000000000000000400080400080400080721
:10E4D000FFF807FFF8040008040008040008000023
:10E4E000000000000000000000060000070000011E
:10E4F00004000104000104000307FFFE07FFFC0401
:10E50000000004000004000004000807FFF807FFF3
:10E51000F8040C08001800003E0004C7800503C87A
:10E520000600F8040038040018000008040008077A
:10E53000FFF807FFF80400080000080000080000CA
:10E54000080000080000080000180000600000003B
:10E5500004000807FFF807800807FC00007FC000E0
:10E5600003F80007C000780007800807FFF807FFDE
:10E57000F804000804000807FFF807000803C000BB
:10E5800000E000003800001E000007000001C00489
:10E5900000F007FFF8040000000000007F8001FF8A
:10E5A000E003807006001804000804000806001844
:10E5B00003003001FFE0007F800000000400080736
:10E5C000FFF807FFF804040804040004040004042E
:10E5D00000040400060C0003F80001F00000000035
:10E5E000000000007F8001FFE003807006008804C7
:10E5F00000880400C806003C03003E01FFE6007FDF
:10E600008400000004000807FFF807FFF80408086A
:10E61000040800040C00040F00040BC00610F003F3
:10E62000F03801E00800000800000001E0F803F005
:10E6300030063010041808041808040C08040C08EC
:10E640000206180207F00781E000000001800006C2
:10E65000000004000004000004000807FFF807FFA2
:10E66000F804000804000004000006000001800017
:10E6700004000007FFE007FFF00400180000080096
:10E68000000800000800000800000804001007FF50
:10E69000E004000004000006000007E00007FE00A0
:10E6A000041FE00001F80000380001E0043E00070C
:10E6B000C00006000004000004000007E00007FF9F
:10E6C000C0041FF80007C007F80007FF80043FF8E8
:10E6D0000007C004F8000700000400000000000468
:10E6E000000806001807C07805F1C8003E00001FAA
:10E6F000800463E80780F8060018040008000000A2
:10E7000004000006000007800007E008047C080001
:10E710001FF80007F800180804E0080700000600CA
:10E72000000400000000000100080600380400F8A2
:10E730000403E8040F08047C0805F00807C0080774
:10E74000001804006000000000000000000000004D
:10E75000000000000000003FFFFE20000220000239
:10E760002000022000022000020000000000000043
:10E77000000008000007000000C00000380000068C
:10E78000000001C000003000000E00000100000089
:10E7900000000000000020000220000220000220F3
:10E7A00000022000023FFFFE000000000000000009
:10E7B0000000000000000000000000000008000051
:10E7C00010000030000020000030000010000008A1
:10E7D0000000000000000000000001000001000037
:10E7E0000100000100000100000100000100000123
:10E7F0000000010000010000010000010000000015
:10E8000000000000002000002000001000001000A8
:10E8100000000000000000000000000000000000F8
:10E820000000000000F00019F8001B18002208008A
:10E830002608002408002410003FF8001FF80000FC
:10E840000800001800000004000007FFF80FFFF0A8
:10E8500000181800100800200800200800301800D8
:10E860001FF0000FC00000000000000007C0001FE4
:10E87000F0001830002008002008002008003C08A4
:10E88000001C1000006000000000000000000000FC
:10E8900007C0001FF00038180020080020080020E2
:10E8A0000804101007FFF80FFFF000001000000030
:10E8B0000000000000000007C0001FF00012300040
:10E8C0002218002208002208003208001E10000E44
:10E8D00020000000000000002000002008002008A8
:10E8E00001FFF803FFF806200804200804200807A9
:10E8F000200003000000000000000000000E000ED9
:10E900006E001FF30031B10020B10020B100319141
:10E91000001F13002E1E00200E0030000000000417
:10E92000000807FFF80FFFF8001008002000002083
:10E9300000002008003FF8001FF800000800000059
:10E940000000000000000020080020080020080649
:10E950003FF8063FF800000800000800000800002B
:10E9600000000000000000000000000003000003A1
:10E97000002001002001002003063FFE063FFC00AE
:10E98000000000000000000000000004000807FF75
:10E99000F80FFFF8000188000300002FC00038F8CE
:10E9A00000203800200800000800000000000000DF
:10E9B000000004000804000804000807FFF80FFF27
:10E9C000F800000800000800000800000000000037
:10E9D000002008003FF8003FF80010080020000069
:10E9E0003FF8003FF8001008002000003FF8003F0B
:10E9F000F8000008000000002008003FF8003FF881
:10EA0000001008001000002000002008003FF8005F
:10EA10001FF80000080000000000000007C0000F01
:10EA2000F0001830003008002008002008003008EE
:10EA3000001830000FF00007C000000000000000C8
:10EA40002001003FFF003FFF0010110020090020BF
:10EA500008002008003038001FF0000FC000000040
:10EA60000000000007C0001FF00038180020080058
:10EA70002008002009001011001FFF003FFF0000C8
:10EA800001000000002008002008002008003FF8D6
:10EA9000003FF800080800100800200800200000CF
:10EAA0003000003000000000000000000000000CFA
:10EAB00078001E1800330800230800210800218870
:10EAC0000021980030F000386000000000000000D5
:10EAD000200000200000200000FFF003FFF80020CD
:10EAE000080020080020080000300000000000009E
:10EAF000000000002000003FF0007FF80000180038
:10EB00000008000008002010003FF8007FF000001F
:10EB100010000000000000002000003000003C0059
:10EB2000003F800023F00000780000700023800088
:10EB30003C00003000002000002000003C00003FAE
:10EB4000E00023F80000E0002700003E00003FE066
:10EB50000021F80001E0003E00002000000000005D
:10EB60002008002008003838003E68002780000395
:10EB7000C8002CF8003838002018002008000000D9
:10EB8000000000002000003003003C01003F830033
:10EB900023EC000070002380003C000020000020D7
:10EBA00000000000000000000000003808002038CD
:10EBB0000020F80023E8002F88003E0800380800F5
:10EBC000201800007000000000000000000000009D
:10EBD000000000000000000008000014001FF7FC07
:10EBE00030000620000200000000000000000000CD
:10EBF0000000000000000000000000000000FFFF17
:10EC0000FF00000000000000000000000000000005
:10EC10000000000000002000023000061FF7FC008A
:10EC200014000008000000000000000000000000C8
:10EC3000000000000000001800006000004000001C
:10EC40004000002000001000000800000400000444
:10EC500000000C0000100000000000000000000098
:10EC600000000000000000000000000000000000A4
:10EC70000000000000000000000000000000000094
:10EC80000000000000000000000000000000000084
:10EC90000000000000000000000000000000000074
:10ECA0000000000000000000000000000000000064
:10ECB00007F000C007FFE1E007F001E0000000C03E
:10ECC0000000000000000000000000000000000044
:10ECD0000000000000000000000000000000000034
:10ECE0000020000001C00000078000001F0000009D
:10ECF0001E0000001C20000001C000000780000072
:10ED00001F0000001E0000001C00000000000000AA
:10ED100000000000000000000000000000180C00CF
:10ED200000180C0000180FE0001FFC0003F80C0096
:10ED300000180C0000180C0000180C0000180C0043
:10ED400000180FE0001FFC0003F80C0000180C0076
:10ED500000180C000000000000000000000000008F
:10ED600000000780007807C000FC0640010E00206C
:10ED700003070020020380200FFFFFFC0201C020D8
:10ED80000200E0600130704001F03F8000F01F00A1
:10ED9000000000000000000000FE000001FF000075
:10EDA0000301800002008060030181C001FF0700B1
:10EDB00000FE18000000E0000003BF00000CFFC0D0
:10EDC0000071806001C10020030180600000FFC06D
:10EDD00000003F000000000000001F0000007FC096
:10EDE00000FCC0C001FF80600303E0200202782025
:10EDF00002061E2003FC074001F00380000103C04F
:10EE000000011C600001E020000100200001004022
:10EE10000000018000000000000000000020000051
:10EE20001C6000001C4000001F8000000F0000005C
:10EE300000000000000000000000000000000000D2
:10EE400000000000000000000000000000000000C2
:10EE500000000000000000000000000000000000B2
:10EE600000000000000000000000000000000000A2
:10EE7000000000000007F800003FFF00007807C016
:10EE800001C000E003000030040000080800000496
:10EE9000100000020000000000000000100000024E
:10EEA00008000004040000080300003001C000E076
:10EEB000007807C0003FFF000007F80000000000D6
:10EEC0000000000000000000000000000000000042
:10EED0000000000000000000000000000000000032
:10EEE000000C1800000E3800000E3800000630003C
:10EEF000000360000061438000FFFF800061430069
:10EF00000003600000063000000E3800000E3800DC
:10EF1000000C1800000000000000000000000000CD
:10EF200000008000000080000000800000008000E1
:10EF30000000800000008000007FFF0000008000D3
:10EF400000008000000080000000800000008000C1
:10EF50000000800000000000000000000000000130
:10EF6000000000E3000000E2000000FC0000007868
:10EF70000000000000000000000000000000000091
:10EF80000000000000000000000000000000000081
:10EF900000000000000000000000000000008000F1
:10EFA0000000800000008000000080000000800061
:10EFB0000000800000008000000080000000800051
:10EFC0000000800000008000000080000000800041
:10EFD00000008000000000000000000000000000B1
:10EFE000000000C0000001E0000001E0000000C0DF
:10EFF0000000000000000000000000000000000011
:10F000000000000000000000000000000000000000
:10F010000000000000000000000000000000000CE4
:10F0200000000038000000E00000038000000E0037
:10F03000000038000000E00000038000000E000027
:10F040000038000000E00000038000000E00000017
:10F050001800000000000000000000000000000098
:10F06000000FF800007FFF0000F00780018000C063
:10F0700003000060020000200200002002000020C7
:10F0800003000060018000C000E00380007FFF00FB
:10F09000000FF80000000000000000000000000069
:10F0A0000000000000800020008000200080002080
:10F0B0000080006001FFFFE003FFFFE00000006050
:10F0C00000000020000000200000002000000000E0
:10F0D0000000000000000000000000000000000030
:10F0E000007800E000980160010002600200046006
:10F0F0000200086002001060020020600200406010
:10F10000030080600183006001FE00E0007C078056
:10F1100000000000000000000000000000000000EF
:10F1200000F0078001F007C001000040020000204D
:10F1300002010020020100200201002003038020C0
:10F140000186804001FCC0C000787F8000001E0066
:10F1500000000000000000000000000000000800A7
:10F160000000380000004800000188000006080088
:10F17000000C0810003008100040081001FFFFF0DC
:10F1800003FFFFF003FFFFF000000810000008106D
:10F190000000081000000000000000000000000057
:10F1A00000000780001F864003E1002003020020CA
:10F1B00003040020030400200304002003040020B3
:10F1C00003060040030301C00301FF8003007E002B
:10F1D000000000000000000000000000000000002F
:10F1E0000007FC00003FFF000070C380008180C06A
:10F1F0000101006003020020020200200202002040
:10F20000020200200203004001C180C000C0FF8054
:10F2100000007E0000000000000000000000000070
:10F2200000F0000003C000000380000003000000A5
:10F23000030007E003003FE00301C00003060000F5
:10F2400003180000036000000380000003000000BA
:10F2500000000000000000000000000000001F008F
:10F2600000783F8000FC60C0018EC0400307802012
:10F270000203002002018020020180200201C02040
:10F280000301E040018670C000FC3F8000781F0051
:10F29000000000000000000000000000003F00002F
:10F2A00000FF81C001C0C1C0010060200200202019
:10F2B000020020200200202002002060020040C046
:10F2C0000100C18000C18F00007FFE00001FF00020
:10F2D000000000000000000000000000000000002E
:10F2E000000000000000000000000000000000001E
:10F2F000000300C0000781E0000781E0000300C0B8
:10F3000000000000000000000000000000000000FD
:10F3100000000000000000000000000000000000ED
:10F3200000000000000000000000000000000000DD
:10F3300000060066000600780000000000000000E3
:10F3400000000000000000000000000000000000BD
:10F3500000000000000000000000000000000000AD
:10F36000000080000001C0000003600000063000C3
:10F37000000C180000180C000030060000600300AC
:10F3800000C00180010000400200002004000010C5
:10F390000000000000000000000000000004100059
:10F3A000000410000004100000041000000410000D
:10F3B00000041000000410000004100000041000FD
:10F3C00000041000000410000004100000041000ED
:10F3D0000004100000000000000000000000000019
:10F3E00004000010020000200100004000C0018065
:10F3F000006003000030060000180C00000C18002C
:10F4000000063000000360000001C0000000800022
:10F4100000000000000000000000000000000000EC
:10F420000078000001F8000002380000020000002F
:10F43000040000C0040079E0040081E0040100C081
:10F4400004030000020200000306000001FC0000AB
:10F4500000F800000000000000000000000FF800AD
:10F46000003FFE000070078000C000C00101F840AE
:10F470000307FC20021E0420023008200220302056
:10F48000023FFC20013F044001800CC000E03180BD
:10F49000001FC2000000000000000020000000600B
:10F4A000000003E000003E200003E020003E2000BA
:10F4B00003E020000380200007FC2000003FE00064
:10F4C0000003FE2000003FE0000001E000000020FB
:10F4D00000000020000000000000000002000020EA
:10F4E0000200002003FFFFE003FFFFE00201002015
:10F4F0000201002002010020020100200201002080
:10F50000030300200186806001FCC0C000F87F80FA
:10F5100000001F0000000000000000000007F800CD
:10F52000003FFF000070078000C000C001000040E5
:10F530000300002002000020020000200200002042
:10F540000200002001000040018000C003C00180D3
:10F550000030060000000000000000000200002053
:10F560000200002003FFFFE003FFFFE00200002095
:10F5700002000020020000200200002003000060C2
:10F5800001000040018000C000F00780007FFE0005
:10F59000000FF80000000000000000000200002042
:10F5A0000200002003FFFFE003FFFFE00201002054
:10F5B00002010020020100200201002002010020BF
:10F5C00002038020020FE0200300006003C000E07F
:10F5D00000600300000000000000000002000020A6
:10F5E0000200002003FFFFE003FFFFE00201002014
:10F5F00002010020020100000201000002010000DF
:10F600000201000002038000030FE000030000007D
:10F6100003C0000000600000000000000007F800C8
:10F62000003FFE000070078001C001C001000040E3
:10F630000300002002000020020000200200002041
:10F64000010020200100204003C03F8000303F80A7
:10F650000000200000002000020000200200002026
:10F6600003FFFFE003FFFFE0020080200200802094
:10F670000000800000008000000080000200802068
:10F680000200802003FFFFE003FFFFE002000020F4
:10F690000200002000000000000000000000000048
:10F6A00000000000020000200200002002000020F4
:10F6B0000200002003FFFFE003FFFFE00200002044
:10F6C00002000020020000200200002000000000D4
:10F6D0000000000000000000000000000000000E1C
:10F6E0000000000F0000000F0000000102000001F8
:10F6F00002000001020000030200000603FFFFFCFD
:10F7000003FFFFF8020000000200000002000000FA
:10F7100002000000000000000000000002000020C5
:10F720000200002003FFFFE003FFFFE00200C02013
:10F730000201002000078000000FE0000030F80008
:10F7400002603E2003800F20030003E0020000E07F
:10F750000200002000000020000000000200002045
:10F760000200002003FFFFE003FFFFE00200002093
:10F770000200002000000020000000200000002007
:10F78000000000200000002000000060000000E0F9
:10F790000000030000000000020000200200002022
:10F7A00003FFFFE003E0002003FF0020001FF00044
:10F7B0000001FF8000000FE000001E000003E000D9
:10F7C000003E002003E0002003FFFFE003FFFFE016
:10F7D00002000020020000200200002002000020A1
:10F7E00003FFFFE00380002003F0002000FC000086
:10F7F000001F00000007C0000001F00000007C00B6
:10F8000002001F80020007E003FFFFE0020000008B
:10F81000020000000000000000000000000FF800DF
:10F82000003FFE0000F00780018000C001000040A2
:10F830000200002002000020020000200200002040
:10F8400001000040018000C000F00380003FFE0086
:10F85000000FF8000000000000000000020000207F
:10F860000200002003FFFFE003FFFFE00200802012
:10F870000200802002008000020080000200800060
:10F8800002008000030180000183000000FE0000F0
:10F89000007C00000000000000000000000FF800E5
:10F8A000007FFF0000F00380018001C001000640DE
:10F8B000020004200200042002000620020003E0EF
:10F8C000010000F80180005C00E0038C003FFF0CA9
:10F8D000000FFC18000000000000000002000020E3
:10F8E0000200002003FFFFE003FFFFE00201002011
:10F8F00002010020020180000201E0000201FC0080
:10F9000003033F80018607E001FC00E000F80020CF
:10F9100000000020000000000000000000000000C7
:10F920000078060000FE01E0018600C003030040ED
:10F930000203002002018020020180200201C02079
:10F940000200C0200100E060018070C003E03F8041
:10F9500000001F0000000000000000000060000028
:10F9600003800000030000000200000002000020ED
:10F970000200002003FFFFE003FFFFE00200002081
:10F9800002000020020000000200000003800000CE
:10F9900000E0000000000000020000000200000083
:10F9A00003FFFF0003FFFFC00200004002000060F1
:10F9B00000000020000000200000002000000020C7
:10F9C000020000400200008003FFFF000200000070
:10F9D0000200000000000000000000000200000023
:10F9E0000200000003C0000003FC0000023FC00052
:10F9F0000003F80000007F80000007E0000007809F
:10FA0000000078000203C000023C000003C00000B8
:10FA100002000000020000000200000003C000001D
:10FA200003FF8000023FFE0002007FE000000F00A5
:10FA30000200F00003EF000003FF8000020FFE0051
:10FA400000003FE000001F000207E00003F8000094
:10FA5000030000000200000000000000020000207F
:10FA600002000020038000E003F0032002FC0C20D1
:10FA7000021F30000007C0000007F00002187C00E1
:10FA800002601F20038003E0020000E0020000206B
:10FA90000000002000000000000000000200000044
:10FAA0000300000003C0000003F80000023E002035
:10FAB000020FC0200001FFE000007FE00003802073
:10FAC000021C002002700000038000000200000001
:10FAD0000200000000000000000000000000002004
:10FAE000006000E0038003E003000FA002003E205E
:10FAF0000200F8200203E020020F8020023E0020D6
:10FB00000278002003E00060038000E002000300B0
:10FB100000000000000000000000000000000000E5
:10FB200000000000000000000000000000000000D5
:10FB30001FFFFFFC10000004100000041000000470
:10FB40001000000410000004100000041000000465
:10FB500000000000000000000000000000000000A5
:10FB6000000000000700000003C000000078000053
:10FB7000001E00000003C0000000F00000001E0096
:10FB800000000780000000F00000003C00000006BC
:10FB90000000000000000000000000000000000065
:10FBA0001000000410000004100000041000000405
:10FBB0001000000410000004100000041FFFFFFCF0
:10FBC0000000000000000000000000000000000035
:10FBD0000000000000000000000000000000000025
:10FBE000000000000000000002000000040000000F
:10FBF00008000000180000001000000018000000BD
:10FC000018000000040000000200000000000000D6
:10FC100000000000000000000000000100000001E2
:10FC200000000001000000010000000100000001D0
:10FC300000000001000000010000000100000001C0
:10FC400000000001000000010000000100000001B0
:10FC500000000001000000010000000000000000A2
:10FC60000000000010000000100000001000000064
:10FC70001800000008000000040000000000000060
:10FC80000000000000000000000000000000000074
:10FC900000000000000000000000000000000380E1
:10FCA00000018FC000038C600006182000041020A3
:10FCB0000004102000042020000420400006204002
:10FCC0000003FFC00001FFE0000000200000002052
:10FCD000000000C000000000000000000200000062
:10FCE0000200000003FFFFE007FFFFC0000180C02B
:10FCF0000002006000020020000400200004002038
:10FD00000004002000060040000300C00001FF8046
:10FD10000000FE00000000000000000000000000E5
:10FD200000007E000001FF80000381C0000200404F
:10FD30000006002000040020000400200004002031
:10FD4000000600200003C0400001C0800000030046
:10FD500000000000000000000000000000000000A3
:10FD600000007E000001FF80000380C000060060EC
:10FD700000040020000400200004002002040040D1
:10FD80000202008003FFFFE007FFFFC00000004009
:10FD90000000004000000000000000000000000023
:10FDA00000007E000001FF80000311C0000210402F
:10FDB0000004106000041020000410200004102033
:10FDC00000061020000310400001F0C00000710088
:10FDD0000000000000000000000000000000000023
:10FDE00000040000000400200004002000040020A3
:10FDF000007FFFE001FFFFE001040020030400207A
:10FE0000020400200204002002040000020000009E
:10FE100001C0000001C00000000000000000000060
:10FE20000000001C0000E33E0003FFC200020CC300
:10FE3000000404C1000404C1000404C1000404C19E
:10FE400000060CC10003F8C30005F0620006007E46
:10FE50000006003C0000000000000000020000203E
:10FE60000200002003FFFFE007FFFFE00001002089
:10FE70000002002000060000000400000004000052
:10FE800000040020000600200003FFE00001FFE066
:10FE90000000002000000020000000000000000022
:10FEA00000000000000400200004002000040020E6
:10FEB000000400200387FFE0038FFFE003800020A1
:10FEC00000000020000000200000002000000000D2
:10FED0000000000000000000000000000000000022
:10FEE0000000000000000006000000070000000104
:10FEF00000000001000400010004000100040003F0
:10FF0000000400060387FFFC038FFFF80380000056
:10FF100000000000000000000000000002000020BF
:10FF20000200002003FFFFE007FFFFE000000820C1
:10FF300000001020000030000000FC0000058E00D2
:10FF4000000707A0000601E0000400E00004002014
:10FF50000000002000000000000000000000000081
:10FF6000000000000200002002000020020000202B
:10FF70000200002003FFFFE007FFFFE00000002079
:10FF80000000002000000020000000200000000011
:10FF9000000000000000000000000000000400203D
:10FFA0000007FFE0000FFFE0000200200004000057
:10FFB000000400200007FFE00003FFE00002002033
:10FFC00000040000000400200007FFE00003FFE041
:10FFD00000000020000000000000000000040020DD
:10FFE000000400200007FFE0000FFFE000010020F8
:10FFF00000020020000200000004000000040000D5
:020000040801F1
:1000000000040020000600200003FFE00001FFE0E4
:1000100000000020000000200000000000000000A0
:1000200000007E000000FF80000381C0000200404D
:10003000000600200004002000040020000400202E
:100040000006002000020040000381C00001FF8084
:1000500000007E000000000000000000000400011D
:10006000000400010007FFFF000FFFFF000100C1B7
:1000700000020041000400200004002000040020D1
:100080000004002000060040000301C00001FF80C2
:1000900000007E00000000000000000000000000E2
:1000A00000007E000001FF80000380C000020060AD
:1000B00000040020000400200004002000040020B0
:1000C00000020041000300C10003FFFF0007FFFF23
:1000D00000000001000000010000000000040020FA
:1000E000000400200004002000040020000FFFE0B6
:1000F000000FFFE00000C0200001002000020020EF
:1001000000060020000400000004000000070000BA
:1001100000030000000000000000000000000000DC
:10012000000003E00001C0E00003E04000063020D2
:1001300000043020000418200004182000041820B7
:1001400000040C2000020C60000307C0000783803D
:10015000000000000000000000000000000000009F
:10016000000400000004000000040000000C000077
:10017000001FFF8000FFFFC000040060000400209B
:100180000004002000040020000400400000018062
:10019000000000000000000000000000000400005B
:1001A000000400000007FF80000FFFC00000006097
:1001B00000000020000000200000002000000020BF
:1001C00000040040000400800007FFE0000FFFC0B3
:1001D000000000400000004000000000000400009B
:1001E00000040000000780000007F0000004FE008B
:1001F00000041FC0000003E00000038000001C009A
:1002000000046000000780000006000000040000F9
:1002100000000000000000000004000000060000D4
:100220000007C0000007FC0000043F80000003E05E
:1002300000040F800006F0000007F0000007FF80B8
:1002400000040FE00000038000043C000007C00031
:100250000006000000040000000000000000002074
:100260000004002000040060000700E00007832075
:100270000007E6000004F80000003C0000045E20D7
:10028000000587A0000601E00004006000040020D3
:10029000000000200000000000000000000400003A
:1002A00000040003000700030007E0010004F80158
:1002B00000041F02000007FC000000E0000007002F
:1002C000000438000007C000000600000004000021
:1002D000000400000000000000000000000000001A
:1002E00000078060000600E0000403E0000407A0AF
:1002F00000040E2000043C20000470200005E020D3
:100300000007802000070060000400E00000038078
:1003100000000000000000000000000000000000DD
:1003200000000000000000000000000000000000CD
:10033000000000000000800000008000000140007C
:1003400007FE3FF808000004100000021000000241
:10035000000000000000000000000000000000009D
:10036000000000000000000000000000000000008D
:100370000000000000000000FFFFFFFF0000000081
:10038000000000000000000000000000000000006D
:10039000000000000000000000000000000000005D
:1003A00010000002100000020800000407FE3FF8E1
:1003B00000014000000080000000800000000000FC
:1003C000000000000000000000000000000000002D
:1003D0000000000000000000000000001800000005
:1003E000300000004000000040000000400000001D
:1003F00020000000300000000800000004000000A1
:100400000200000002000000020000000C000000DA
:100410001800000000000000FFFFFFFFFFFFFFFFCC
:10042000FFFFFFFFFFFFFFFFFFFFFFFFFFFFFFFFDC
:10043000FFFFFFFFFFBFF7FFF7FFFFFFFF5DFFFFBE
:10044000F7FFE7FFF7FFFFFFFFFFFFFFFFFFFFFFE4
:10045000FFFFFFFFFFFFFFFFFFFFFFFFFFFFFFFFAC
:10046000FFFFFFFFFFFFFFFFFFFFFFFFFFFFFFFF9C
:10047000FFFFFFFFFFFFFFFFFFFFFFFFFFFFFFFF8C
:10048000FFFFFFFFFFFFFFFFFFFFFFFFFFFFFFFF7C
:10049000FFFFFFFFFFFFFFFFFFFFFFFFFFFFFFFF6C
:1004A000FFFFFFFFFFFFFFFFFFFFFFFFFFFFFFFF5C
:1004B000FFFFFFFFFFFFFFFFFFFFFFFFFFFFFFFF4C
:1004C000FFFFFFFFFFFFFFFFFFFFFFFFFFFFFFFF3C
:1004D000FFFFFFFFFFFFFFFFFFFFFFFFFFFFFFFF2C
:1004E000FFFFFFFFFFFFFFFFFFFFFFFFFFFFFFFF1C
:1004F000FFFFFFFFFFFFFFFFFFFFFFFFFFFFFFFF0C
:10050000FFFFFFFFFFFFFFFFFFFFFFFFFFFFFFFFFB
:10051000FFFFFFFFF7FFFFFFFFFFFFDFFFBFFFBE94
:10052000FFFFFFBEFFDFFFFFF7BEFFFFF7DEFFFFAE
:10053000FFFFFFBEFFFFFFFFFFFFFFFFFFFFFFFF0C
:10054000FFFFFFFFFFFFFFFFFFFFFFFFFFFFFFFFBB
:10055000FFFFFFFFFFFFFFFFFFFFFFFFFFFFFFFFAB
:10056000FFFFFFFFFFFFF7FFF7FFFFFFFFDFFFFFCB
:10057000FFFFFFFFFFFFFFFFFFFFFFFFFFFFFFFF8B
:10058000FFFFFFFFFFFFFFFFFFFFFFFFFFFFFFFF7B
:10059000FFFFFFFFFFFFFFFFFFFFFFFFFFFFFFFF6B
:1005A000FFFFFFFFFFFFFFFFFFFFFFFFFFFFFFFF5B
:1005B000FFFFFFFFFFFFFFFFFFFFFFFFFFFFFFFF4B
:1005C000FFFFFFFFFFFFFFFFFFFFFFFFFFFFFFFF3B
:1005D000FFFFFFFFFFFFFFFFFFFFFFFFFFFFFFFF2B
:1005E000FFFFFFFFFFFFFFFFFFFFFFFFFFFFFFFF1B
:1005F000FFFFFFFFFFFFFFFFFFFFFFFFFFFFFFFF0B
:10060000FFFFFFFFFFFFFFFFFFFFFFFFFFFFFFFFFA
:10061000FFFFFFFFFFFFFFFFFFFFFFFFFFFFFFFFEA
:10062000FFFFFFFFFFFFFFFFFFFFFFFFFFFFFFFFDA
:10063000FFFFFFFFFFFFFFFFFFFFFFFFFFFFFFFFCA
:10064000FFFFFFFFF7FFFFFFFFFFFFFFFFFFD639B1
:10065000BCF3FF9EFFFFFFFFFFBEFFFFFFFFFFFF9B
:10066000FFFFFFFFFFFFFFFFFFFFFFFFFFFFFFFF9A
:10067000FFFFFFFFFFFFFFFFFFFFFFFFFFFFFFFF8A
:10068000FFFFFFFFFFFFFFFFFFFFFFFFFFFFFFFF7A
:10069000FFFFFFFFFFFFFFFFF7FEFF9DCD3471E778
:1006A000938DFFFFFFFFFFFFFFFFFFFFFFFFFFFF38
:1006B000FFFFFFFFFFFFFFFFFFFFFFFFFFFFFFFF4A
:1006C000FFFFFFFFFFFFFFFFFFFFFFFFFFFFFFFF3A
:1006D000FFFFFFFFFFFFFFFFFFFFFFFFFFFFFFFF2A
:1006E000FFFFFFFFFFFFFFFFFFFFFFFFFFFFFFFF1A
:1006F000FFFFFFFFFFFFFFFFFFFFFFFFFFFFFFFF0A
:10070000FFFFFFFFFFFFFFFFFFFFFFFFFFFFFFFFF9
:10071000FFFFFFFFFFFFFFFFFFFFFFFFFFFFFFFFE9
:10072000FFFFFFFFFFFFFFFFFFFFFFFFFFFFFFFFD9
:10073000FFFFFFFFFFFFFFFFFFFFFFFFFFFFFFFFC9
:10074000FFFFFFFFFFFFFFFFFFFFFFFFFFFFFFFFB9
:10075000FFFFFFFFFFFFFFFFFFFFFFFFFFFFFFFFA9
:10076000FFFFFFFFFFFFFFFFFFFFFFFFFFFFFFFF99
:10077000FFFFFFFFFFFFFFFFFFFFFFFFFFDF51A7AF
:10078000590460E3EED9FFFFFFFFFFFFFFFFF7DF34
:10079000FFFFFFFFFFFFFFFFFFFFFFFFFFFFFFFF69
:1007A000FFFFFFFFFFFFFFFFFFFFFFFFFFFFFFFF59
:1007B000FFFFFFFFFFFFFFFFFFFFFFFFFFFFFFFF49
:1007C000FFFFFFFFFFFFFFFFFFFF8BAE50E360C2A5
:1007D0006964930BFFDFFFFFFFFFFFFFFFFFFFFFDA
:1007E000FFFFFFFFFFFFFFFFFFFFFFFFFFFFFFFF19
:1007F000FFFFFFFFFFFFFFFFFFFFFFFFFFFFFFFF09
:10080000FFFFFFFFFFFFFFFFFFFFFFFFFFFFFFFFF8
:10081000FFFFFFFFFFFFFFFFFFFFFFFFFFFFFFFFE8
:10082000FFFFFFFFFFFFFFFFFFFFFFFFFFFFFFFFD8
:10083000FFFFFFFFFFFFFFFFFFFFFFFFFFFFFFFFC8
:10084000FFFFFFFFFFFFFFFFFFFFFFFFFFFFFFFFB8
:10085000FFFFFFFFFFFFFFFFFFFFFFFFFFFFFFFFA8
:10086000FFFFFFFFFFFFFFFFFFFFFFFFFFFFFFFF98
:10087000FFFFFFFFFFFFFFFFFFFFFFFFFFFFFFFF88
:10088000FFFFFFFFFFFFFFFFFFFFFFFFFFFFFFFF78
:10089000FFFFFFFFFFFFFFFFFFFFFFFFFFFFFFFF68
:1008A000FFFFFFFFFFFFFFFFFFFFFFFFFFFFA3EFC4
:1008B0007945892460E3820740A238A2E679FFFFE8
:1008C000FFFFFFDFFFFFFFFFFFFFFFFFFFFFFFFF58
:1008D000FFFFFFFFFFFFFFFFFFFFFFFFFFFFFFFF28
:1008E000FFFFFFFFFFFFFFFFFFFFFFFFFFFFFFFF18
:1008F000F7DFFFFFFFFFFFFFFFFFB4D2486191E783
:100900008185694582CCFFFFFFFFFFFFFFFFFFFFEF
:10091000FFFFFFFFFFFFFFFFFFFFFFFFFFFFFFFFE7
:10092000FFFFFFFFFFFFFFFFFFFFFFFFFFFFFFFFD7
:10093000FFFFFFFFFFFFFFFFFFFFFFFFFFFFFFFFC7
:10094000FFFFFFFFFFFFFFFFFFFFFFFFFFFFFFFFB7
:10095000FFFFFFFFFFFFFFFFFFFFFFFFFFFFFFFFA7
:10096000FFFFFFFFFFFFFFFFFFFFFFFFFFFFFFFF97
:10097000FFFFFFFFFFFFFFFFFFFFFFFFFFFFFFFF87
:10098000FFFFFFFFFFFFFFFFFFFFFFFFFFFFFFFF77
:10099000FFFFFFFFFFFFFFFFFFFFFFFFFFFFFFFF67
:1009A000FFFFFFFFFFFFFFFFFFFFFFFFFFFFFFFF57
:1009B000FFFFFFFFFFFFFFFFFFFFFFFFFFFFFFFF47
:1009C000FFFFFFFFFFFFFFFFFFFFFFFFFFFFFFFF37
:1009D000FFFFFFFFFFFFFFFFFFFFFFFFFFDFFF3C0A
:1009E000792488C380A28104818658C32000FFDF58
:1009F000FFBEFFDFFFFFFFFFFFDFFFFFFFFFFFFF88
:100A0000FFFFFFFFFFFFFFFFFFFFFFFFFFFFFFFFF6
:100A1000FFFFFFFFFFFFFFBFFFFFFFFFF77DFFFFB0
:100A2000FFFFFFBEFFFFF7FFEF9EFFFF79C760618B
:100A3000606160A250E4FF7DF7FFEFFFFFFFFFFF63
:100A4000FFFFFFFFFFFFFFFFFFFFFFFFFFFFFFFFB6
:100A5000FFFFFFFFFFFFFFFFFFFFFFFFFFFFFFFFA6
:100A6000FFFFFFFFFFFFFFFFFFFFFFFFFFFFFFFF96
:100A7000FFFFFFFFFFFFFFFFFFFFFFFFFFFFFFFF86
:100A8000FFFFFFFFFFFFFFFFFFFFFFFFFFFFFFFF76
:100A9000FFFFFFFFFFFFFFFFFFFFFFFFFFFFFFFF66
:100AA000FFFFFFFFFFFFFFFFFFFFFFFFFFFFFFFF56
:100AB000FFFFFFFFFFFFFFFFFFFFFFFFFFFFFFFF46
:100AC000FFFFFFFFFFFFFFFFFFFFFFFFFFFFFFFF36
:100AD000FFFFFFFFFFFFFFFFFFFFFFFFFFFFFFFF26
:100AE000FFFFFFFFFFFFFFFFFFFFFFFFFFFFFFFF16
:100AF000FFFFFFFFFFFFFFFFFFFFFFFFFFFFFFFF06
:100B0000FFFFFFFFFFFFFFFFFFFFFFFFFFFFCD54D2
:100B100069038104714571A63000FEFBFFBEFFFF33
:100B2000FFFFFFFFF79EFFFFFFFFFFFFFFFFFFFF3E
:100B3000FFFFFFFFFFFFFFFFFFFFFFFFFFFFFFFFC5
:100B4000FFFFFFFFFFFFFFFFFFDFFFDFEF1CFFFFE8
:100B5000FFFFFFFFFFFFF7FFF7FFFFDFBBCF7904CA
:100B6000814479245883FFDFF7FFEFDFFFFFFFFFAA
:100B7000FFFFFFFFFFFFFFFFFFFFFFFFFFFFFFFF85
:100B8000FFFFFFFFFFFFFFFFFFFFFFFFFFFFFFFF75
:100B9000FFFFFFFFFFFFFFFFFFFFFFFFFFFFFFFF65
:100BA000FFFFFFFFFFFFFFFFFFFFFFFFFFFFFFFF55
:100BB000FFFFFFFFFFFFFFFFFFFFFFFFFFFFFFFF45
:100BC000FFFFFFFFFFFFFFFFFFFFFFFFFFFFFFFF35
:100BD000FFFFFFFFFFFFFFFFFFFFFFFFFFFFFFFF25
:100BE000FFFFFFFFFFFFFFFFFFFFFFFFFFFFFFFF15
:100BF000FFFFFFFFFFFFFFFFFFFFFFFFFFFFFFFF05
:100C0000FFFFFFFFFFFFFFFFFFFFFFFFFFFFFFFFF4
:100C1000FFFFFFFFFFFFFFFFFFFFFFFFFFFFFFFFE4
:100C2000FFFFFFFFFFFFFFFFFFFFFFFFFFFFFFFFD4
:100C3000FFFFFFFFFFFFFFFFFFFFFFFFFFFFDE37AD
:100C40006964610359C6FFBEFFFFA40F49654144B3
:100C500072CAFFFFFFFFFFFFFFFFFFFFFFFFFFFF66
:100C6000FFFFFFFFFFFFFFFFFFFFFFFFFFFFFFFF94
:100C7000FFFFFFFFFFFFFFFFFFDFF73D28A320621D
:100C8000FF9EFFDFF77EF7FFF7FFFFFF71A6898664
:100C9000790370C3FD97FFBEFFFFF7FFFFFFFFFF64
:100CA000FFFFFFFFFFFFFFFFFFFFFFFFFFFFFFFF54
:100CB000FFFFFFFFFFFFFFFFFFFFFFFFFFFFFFFF44
:100CC000FFFFFFFFFFFFFFFFFFFFFFFFFFFFFFFF34
:100CD000FFFFFFFFFFFFFFFFFFFFFFFFFFFFFFFF24
:100CE000FFFFFFFFFFFFFFFFFFFFFFFFFFFFFFFF14
:100CF000FFFFFFFFFFFFFFFFFFFFFFFFFFFFFFFF04
:100D0000FFFFFFFFFFFFFFFFFFFFFFFFFFFFFFFFF3
:100D1000FFFFFFFFFFFFFFFFFFFFFFFFFFFFFFFFE3
:100D2000FFFFFFFFFFFFFFFFFFFFFFFFFFFFFFFFD3
:100D3000FFFFFFFFFFFFFFFFFFFFFFFFFFFFFFFFC3
:100D4000FFFFFFFFFFFFFFFFFFFFFFFFFFFFFFFFB3
:100D5000FFFFFFFFFFFFFFFFFFFFFFFFFFFFFFFFA3
:100D6000FFFFFFFFFFFFFFFFFFFFFFFFFFFFF6DAC1
:100D700061035903FF1CFF9E68C489A760C37925DE
:100D8000812458C3EF3CFFFFFFFFFFDFFFFFFFFFA2
:100D9000FFFFFFFFFFFFFFFFFFFFFFFFFFFFFFFF63
:100DA000FFFFFFFFFFFFFFFFFFFFFFDF696760E45B
:100DB000DD35FFDFFFBFFFFFFFFFFEFA59027903BA
:100DC0008165790391046944F73BFFFFFFFFFFFF53
:100DD000FFFFFFFFFFFFFFFFFFFFFFFFFFFFFFFF23
:100DE000FFFFFFFFFFFFFFFFFFFFFFFFFFFFFFFF13
:100DF000FFFFFFFFFFFFFFFFFFFFFFFFFFFFFFFF03
:100E0000FFFFFFFFFFFFFFFFFFFFFFFFFFFFFFFFF2
:100E1000FFFFFFFFFFFFFFFFFFFFFFFFFFFFFFFFE2
:100E2000FFFFFFFFFFFFFFFFFFFFFFFFFFFFFFFFD2
:100E3000FFFFFFFFFFFFFFFFFFFFFFFFFFFFFFFFC2
:100E4000FFFFFFFFFFFFFFFFFFFFFFFFFFFFFFFFB2
:100E5000FFFFFFFFF7FFFFFFFFFFFFFFFFDFFFFFCA
:100E6000F7FFEFFFFFFFFFFFFFFFFFFFFFFFFFFFAA
:100E7000FFFFFFFFFFFFFFFFFFFFFFFFFFFFFFFF82
:100E8000FFFFFFFFFFFFFFFFFFFFFFFFFFDFFFFF92
:100E9000F7DFF7FFFFFF8BCE4040FEFBEFFFEE18C2
:100EA00080E34040FFDE3841808480C46986CC7195
:100EB00070C268E3728BFFBFFFFFFFFFFFFFFFFF02
:100EC000FFFFFFFFFFFFFFFFFFFFFFFFFFFFFFFF32
:100ED000FFFFFFFFEFFFF7FFFFFFFFDFCC5181A612
:100EE0006924B40F830C516559237123918589239B
:100EF00068C270E39104690430A2FFFFFFFFFFFFA7
:100F0000FFFFFFFFFFFFFFFFFFFFFFFFFFFFFFFFF1
:100F1000FFFFFFFFFFFFFFFFFFFFFFFFFFFFFFFFE1
:100F2000FFFFFFFFFFFFFFFFFFFFFFFFFFFFFFFFD1
:100F3000FFFFFFFFFFFFFFFFFFFFFFFFFFFFFFFFC1
:100F4000FFFFFFFFFFFFFFFFFFFFFFFFFFFFFFFFB1
:100F5000FFFFFFFFFFFFFFFFFFFFFFFFFFFFFFFFA1
:100F6000FFFFFFFFFFFFFFFFFFFFFFFFFFFFFFFF91
:100F7000FFFFFFFFFFFFFFFFFFFFFFFFFFFFFFFF81
:100F8000FFFFFFFFFFFFFFDFF7FFF7FFFFFFFFFFA1
:100F9000FFFFFFFFFFFFFFFFFFFFFFFFFFFFFFFF61
:100FA000FFFFFFFFFFFFFFFFFFFFFFFFFFFFFFFF51
:100FB000FFFFFFFFFFFFFFFFFFFFFFFFFFFFFFFF41
:100FC000FFBEFFFFFFBF5986818548C2FFFE92CB5F
:100FD000910460E2FF9D9BAE48A33904F7DE832BAA
:100FE00078E3812438C3FFFFF7FFF7DFFFFFFFFF40
:100FF000FFFFFFFFFFFFFFFFFFFFFFFFFFFFFFFF01
:10100000FFFFFFFFEFFFEFDEFFFFFFFF6103710355
:10101000796468E271237944792380E2786080A260
:10102000814570C36801716538C2FFFFFFFFFFFF94
:10103000FFFFFFFFFFFFFFFFFFFFFFFFFFFFFFFFC0
:10104000FFFFFFFFFFFFFFFFFFFFFFFFFFFFFFFFB0
:10105000FFFFFFFFFFFFFFFFFFFFFFFFFFFFFFFFA0
:10106000FFFFFFFFFFFFFFFFFFFFFFFFFFFFFFFF90
:10107000FFFFFFFFFFFFFFFFFFFFFFFFFFFFFFFF80
:10108000FFFFFFFFFFFFFFFFFFFFFFFFFFFFFFFF70
:10109000FFFFFFFFFFFFFFFFFFFFFFFFFFFFFFFF60
:1010A000FFFFFFFFFFFFFFFFFFFFFFFFFFFFFFFF50
:1010B000FFFFFFFFFFFFFFFFF7DEF7FFFFFFFFFF71
:1010C000FFFFFFFFFFFFFFFFFFFFFFFFFFFFFFFF30
:1010D000FFFFFFFFFFFFFFFFFFFFFFFFFFFFFFFF20
:1010E000FFFFFFFFFFFFFFFFFFFFFFFFFFDFFFFF30
:1010F000F69AFFBEFF9E282070C24061FFFF50A3FA
:1011000078E4694469242800FFDFFFFFF7FF834C80
:1011100079245820B4D3FF7EFFFFFFFFFFFFFFFFBE
:10112000FFFFFFFFFFFFFFFFFFFFFFFFFFFFFFFFCF
:10113000FFFFFFFFFFDFFFDFD55458E360A1790316
:1011400070E2814488E381027902794379437964CA
:1011500070E3504150C37228CDD6FFFFFFFFFFFF61
:10116000FFFFFFFFFFFFFFFFFFFFFFFFFFFFFFFF8F
:10117000FFFFFFFFFFFFFFFFFFFFFFFFFFFFFFFF7F
:10118000FFFFFFFFFFFFFFFFFFFFFFFFFFFFFFFF6F
:10119000FFFFFFFFFFFFFFFFFFFFFFFFFFFFFFFF5F
:1011A000FFFFFFFFFFFFFFFFFFFFFFFFFFFFFFFF4F
:1011B000FFFFFFFFFFFFFFFFFFFFFFFFFFFFFFFF3F
:1011C000FFFFFFFFFFFFFFFFFFFFFFFFFFFFFFFF2F
:1011D000FFFFFFFFFFFFFFFFFFFFFFFFFFFFFFFF1F
:1011E000FFFFFFFFFFFFFFFFFF3C934D8BAED5B727
:1011F000FF7EFFFFFFFFFFFFFFFFFFFFFFFFFFFF80
:10120000FFFFFFFFFFFFFFFFFFFFFFFFFFFFFFFFEE
:10121000FFFFFFFFFFFFFFFFFFFFFFFFFFFFE638BE
:1012200051044882F6DBAC71794438A1FFFFFEDB44
:10123000612430407965696560C358A371E7B36D77
:1012400070E350A2FFFFF79EFFFFFFFFFFFFFFFFCE
:10125000FFFFFFFFFFFFFFFFFFFFFFFFFFFFFFFF9E
:10126000FFFFFFFFD55650C37145688179037903AD
:1012700071037903812370C170C27943612350C225
:10128000FE99FF9EFFFFFFFFFFFFFFFFFFFFFFDF56
:10129000FFFFFFFFFFFFFFFFFFFFFFFFFFFFFFFF5E
:1012A000FFFFFFFFFFFFFFFFFFFFFFFFFFFFFFFF4E
:1012B000FFFFFFFFFFFFFFFFFFFFFFFFFFFFFFFF3E
:1012C000FFFFFFFFFFFFFFFFFFFFFFFFFFFFFFFF2E
:1012D000FFFFFFFFFFFFFFFFFFFFFFFFFFFFFFFF1E
:1012E000FFFFFFFFFFFFFFFFFFFFFFFFFFFFFFFF0E
:1012F000FFFFFFFFFFFFFFFFFFFFFFFFFFFFFFFFFE
:10130000FFFFFFFFFFFFFFFFFFFFFFFFFFFFFFFFED
:10131000FFFFFFFFFFFFFFFF60827061718650A239
:1013200040A3F7DEF7BEFFFFFFFFFFFFFFFFFFFF5A
:10133000FFFFFFFFFFFFFFFFFFFFFFFFFFFFFFFFBD
:10134000FFFFFFFFFFFFFFFFFFFFFFFFFFFF7AEB46
:1013500061047945B471D5B5894440C2FFFF60E5A9
:10136000E555FFDE68E361035020688271058986D8
:101370007944BC91FFFFFFFFFFFFFFFFFFFFFFFF6F
:10138000FFFFFFFFFFFFFFFFFFFFFFFFFFFFFFFF6D
:10139000FFFFFFFF7A6A6925898680E3810379036D
:1013A00078E370E448C29269790468C24882EE9991
:1013B000FF7DFFFFEFBEFFFFFF9EFFFFFFBEFFFFB2
:1013C000FFFFFFDFFFFFFFFFFFFFFFFFFFFFFFFF4D
:1013D000FFFFFFFFFFFFFFFFFFFFFFFFFFFFFFFF1D
:1013E000FFFFFFFFFFFFFFFFFFFFFFFFFFFFFFFF0D
:1013F000FFFFFFFFFFFFFFFFFFFFFFFFFFFFFFFFFD
:10140000FFFFFFFFFFFFFFFFFFFFFFFFFFFFFFFFEC
:10141000FFFFFFFFFFFFFFFFFFFFFFFFFFFFFFFFDC
:10142000FFFFFFFFFFFFFFFFFFFFFFFFFFFFFFFFCC
:10143000FFFFFFFFFFFFFFFFFFFFFFFFFFFFFFFFBC
:10144000FFFFFFFFFFFFCD95896590E370C2690440
:101450005966FFFFFFFFFFFFFFFFFFFFFFFFFFFFDB
:10146000FFFFFFFFFFFFFFFFFFFFFFFFFFFFFFFF8C
:10147000FFFFFFFFFFFFFFFFFFFFFFFFFFFFCD9518
:10148000712478A3BBF0FEB988C258E3F6BB688329
:1014900058E3FE99794440C1FFDE6945BBAE58412F
:1014A00058A2BD13FFFFFFFFFFFFFFFFFFFFFFFF7E
:1014B000FFFFFFFFFFFFFFFFFFFFFFFFFFFFFFFF3C
:1014C000FFFFFFFFEEBB488268C280E3790378E349
:1014D00080C470C5D576ED7660A458E4FEDBFFFFCE
:1014E000FFFFFFFFFFFFFEFC82ABEE59FFFFFFFF98
:1014F000FFFFFFFFFFFFFFFFFFFFFFFFFFFFFFFFFC
:10150000FFFFFFFFFFFFFFFFFFFFFFFFFFFFFFFFEB
:10151000FFFFFFFFFFFFFFFFFFFFFFFFFFFFFFFFDB
:10152000FFFFFFFFFFFFFFFFFFFFFFFFFFFFFFFFCB
:10153000FFFFFFFFFFFFFFFFFFFFFFFFFFFFFFFFBB
:10154000FFFFFFFFFFFFFFFFFFFFFFFFFFFFFFFFAB
:10155000FFFFFFFFFFFFFFFFFFFFFFFFFFFFFFFF9B
:10156000FFFFFFFFFFFFFFFFFFFFFFFFFFFFFFFF8B
:10157000FFFFFFFFFF5D590460E2814478C271A65E
:10158000FF9EDE59FFFFF79EFFFFFFFFFFFFFFFFFC
:10159000FFFFFFFFFFFFFFFFFFFFFFFFFFFFFFFF5B
:1015A000FFFFFFFFFFFFFFFFFFFFFFFFFFFFEE99C2
:1015B0005040918661A6FFFE78815103FFDF68A449
:1015C00069C7EE5860A18B2AD57461247966896653
:1015D0007165D617FFFFFFFFFFFFFFFFFFFFFFFF54
:1015E000FFFFF7FFFFFFFFFFFFFFFFFFFFFFFFFF13
:1015F000FFFFFFFFFFFFFFDF69858185790380E340
:1016000080C470C5FF5E300060E4E5B6FFBEFFFF3A
:10161000FFFFFFDFFF9E48E469255904FF5DF7DE09
:10162000F7FFF7BEFFFFFFFFFFFFFFFFFFFFFFFF1B
:10163000FFFFFFFFFFFFFFFFFFFFFFFFFFFFFFFFBA
:10164000FFFFFFFFFFFFFFFFFFFFFFFFFFFFFFFFAA
:10165000FFFFFFFFFFFFFFFFFFFFFFFFFFFFFFFF9A
:10166000FFFFFFFFFFFFFFFFFFFFFFFFFFFFFFFF8A
:10167000FFFFFFFFFFFFFFFFFFFFFFFFFFFFFFFF7A
:10168000FFFFFFFFFFFFFFFFFFFFFFFFFFFFFFFF6A
:10169000FFFFFFFFFFFFFFFFFFFFFFFFFFFFFFFF5A
:1016A000FFFFFFFF8B4D60A2692469437903FF9D13
:1016B00039035904C555FFDFFFFFFFDFFFFFFFFFC1
:1016C000FFFFFFFFFFFFFFFFFFFFFFFFFFFFFFFF2A
:1016D000FFFFFFFFF7FFFFFFFFFFFFFFEFDEFFFF53
:1016E00081E778A22000FFFD68A238A1FFDF69260C
:1016F000936D830B6060FF5B306068E4890599251A
:1017000060A3FFFFFFFFFFFFFFFFFFFFFFFFFFFFE4
:10171000FFFFFFFFFFFFFFFFFFFFFFFFF7FFF7FFE9
:10172000F79EFFBEFFFFFFFFFFFF7A487104914560
:10173000686048A1C4D26123792470E359037B0B0C
:10174000FFDFFFFFFFFF69A678E3712361C6FFFF9C
:10175000F7FFFFFFFFFFFFFFFFFFFFFFFFFFFFFFA1
:10176000FFFFFFFFFFFFFFFFFFFFFFFFFFFFFFFF89
:10177000FFFFFFFFFFFFFFFFFFFFFFFFFFFFFFFF79
:10178000FFFFFFFFEF9EFFFFFFFFFFDFFFFFFFFFFA
:10179000FFFFFFFFF7FFFFFFFFFFFFFFFFFFFFFF61
:1017A000FFFFFFFFFFFFFFFFFFFFFFFFFFFFFFFF49
:1017B000FFFFFFFFFFFFFFFFFFFFFFFFFFFFFFFF39
:1017C000FFFFFFFFF7DFFFFFFFFFFFFEFFFFFFFF52
:1017D000FF1DEDF85060812480E4706270E37103B6
:1017E000792380C27061500058E3BCF3FFFFFFFF14
:1017F000FFFFFFFFFFFFFFFFFFFFFFFFFFFFFFFFF9
:10180000FFFFFFFFF7FFFFFFFFDFFFFFEFFFFFFF20
:10181000FEBB79044860FFBD58E26103FFBE50E49F
:10182000FDF8402170A3FFFE94D140A290A498C47B
:1018300050E3FFFFFFFFFF7EFFFFFFDFFFBEFFFF65
:10184000FFFFFFFFFFFFFFFFFFFFFFFFFFFFFFDFC8
:10185000FFDF48E458C350E3C554FFFE58C260821E
:1018600070E391257082812470E38124790438002B
:10187000FFFFF7DFF79D69C671037123EE17FFFFC6
:10188000F7FFEFBEFFFFFFFFFFFFFFFFFFFFFFFFC1
:10189000FFFFFFFFFFFFFFFFFFFFFFFFFFFFFFFF58
:1018A000FFFFFFFFFFFFFFFFFFFFFFFFFFFFF7DF70
:1018B000FFFFFF9EFFFFFFFFFFFFF77DFFFFFFFF23
:1018C000FFFFFFFFFFFFFFFFFFFFFFFFFFFFFFFF28
:1018D000FFFFFFFFFFFFFFFFFFFFFFFFFFFFFFFF18
:1018E000FFFFFFFFFFFFFFFFFFFFFFFFFFFFFFFF08
:1018F000FFFFFFFF830C618671E6590338403820F3
:1019000058A2794578E380C3910489257104712434
:1019100068C28124794561045965836DFFFFFFFF2B
:10192000FFFFFFFFFFFFFFFFFFFFFFFFFFFFFFFFC7
:10193000FFFFFFFFFFFFFFFFFFFFF7FFF7FFFFFFC7
:10194000FFDF40826184FF9C7A076104FEFB5061E7
:10195000FD5560E45882FF9DF75CFEFB8125810404
:10196000ABEFEF3B7AA9388138A2CD55FF7DFFFF61
:10197000F79EFFFFFFFFFFFFFFFFFFFFFFFFFFFFE0
:10198000280061048904810461446248F6B9514425
:1019900070E4784288E278C289A568E25061FE7AF4
:1019A000FFDFFFBFFFFF7A0868E271447A68FF7CBF
:1019B000FFFFFFFFFFFFFFFFFFFFFFFFFFFFFFFF37
:1019C000FFFFFFFFFFFFFFFFFFFFFFFFFFFFFFFF27
:1019D000FFFFFFFFFFFFFFFFFFFFFFFFFFFFFFFF17
:1019E000FFBEFFDF488240C3B4B3FFDFFFFFFFFF4E
:1019F000FFFFFFFFFFFFFFFFFFFFFFFFFFFFFFFFF7
:101A0000FFFFFFFFFFFFFFFFFFFFFFFFFFFFFFFFE6
:101A1000FFFFFFFFFFFFFFFFFFFFFFFFFFFFFFFFD6
:101A2000FFFFFFFF486181C668E27123690271030D
:101A300080E380A2790278C2896560C350E33841AF
:101A400051448ACBA3CE938DC554FFBEFFFFFFFF49
:101A5000FFFFFFFFFFFFFFFFFFFFFFFFFFFFFFFF96
:101A6000FFFFFFFFFFDEFFFFFFFFFFFFFFFFFF9E08
:101A7000FFDF49446164DD95ED3471248A48816556
:101A80008103790380E370E379A67924892578823C
:101A9000608159036102692368E369247208FEFBCF
:101AA000FFFFFFFFFFFFFFFFFFFFFFFFFFFFFFFF46
:101AB000FFDF616580C2894489443800FFFEBD3480
:101AC0004001714571228164710350A2FF9DFEDBCC
:101AD0002821FF5EFFDE400070C2712358E250E211
:101AE000FF7DFFFFFFFFFFFFFFFFFFFFFFFFFFFF88
:101AF000FFFFFFFFFFFFFFFFFFFFFFFFFFFFFFFFF6
:101B0000FFFFFFFFFFFFFFFFFFFFFFFFFFFFFFFFE5
:101B1000FFFF8B0C70C350615966FFFFFFFFFFFF93
:101B2000FFFFFFFFFFFFFFFFFFFFFFFFFFFFFFFFC5
:101B3000FFFFF7FFFFFFFFFFFFFFFFFFFFFFFFFFBD
:101B4000FFFFFFFFFFFFFFFFFFFFFFFFFFFFFFFFA5
:101B5000FFFFFFFF7A086945692450A158A1608101
:101B600078C2892368E271855103FF9EFFDFFFDEA3
:101B7000FFDEFFFFFFFFFFBEFFFFFFFFFFFFFFFFD7
:101B8000FFFFFFFFFFFFFFFFFFFFFFFFFFFFFFFF65
:101B9000FFFFFFFFFFFFFF3CD596FFBEFFFFFFFFEC
:101BA000FFBE82EB7144DCF3ECB2794481E689A597
:101BB000810370E280C48965688270A2606181657A
:101BC00070C270C2812278E279027903610359A65A
:101BD000FFFFFFFFFFFFFFFFFFFFFFFFE7DEF7FF56
:101BE000FFFFD5B6690278C299247103F6FBFFFFA7
:101BF000FFDF61A669027123712371446965612465
:101C0000690458A3FFDF68629165BB4C68C289858F
:101C100050C3FFFFFFFFFFFFFFFFFFFFFFFFFFFFBF
:101C2000FFFFFFFFFFFFFFFFFFFFFFFFFFFFFFFFC4
:101C3000FFFFFFFFFFFFFFFFFFDFFFFFFFFFF7BE1D
:101C4000FFFF40A3892470E3692461A6FFFFFFFF23
:101C5000FFFFFFFFFFFFF7FFF7FFFFFFFFFFFFFFA4
:101C6000EF7DEFBEFFFFFFFFFFFFFFFFFFFFFFFF67
:101C7000FFFFFFFFFFFFFFFFFFFFFFFFFFFFFFFF74
:101C8000FFFFFFFFFF9EFF3DFF5DFFDFFF9DFF7D2D
:101C900060A2814479236124EE58FFFFFFFFFFFF1C
:101CA000FFFFF7FFFFFFFFFFFFFFFFFFFFFFFFFF4C
:101CB000FFFFFFFFFFFFFFFFFFFFFFFFFFFFFFFF34
:101CC000FFFFFFFFFF7D406268A358C3B4D2FF9DB2
:101CD000FEFB9AEC8925606178E38145612358E336
:101CE0006103280028009BAE8AEBCD74D616EE98CF
:101CF000FF7C50A16860918570E279244040830C9C
:101D0000FFFFFFFFFFFFFFFFFFFFFFFFEFFFEFDE24
:101D1000FFFFFFBE4880892488E370E34861FFFF2E
:101D2000FFFF50A389237903794478E380A3994581
:101D300080C360A2826A890480A281A5814480C296
:101D400071857B6DFFFFFFFFFFFFFFFFFFFFFFFFC1
:101D5000FFFFFFFFFFFFFFFFFFFFFFFFFFFFFFFF93
:101D6000FFFFFFFFFFDFFFFFFFBFFFDFFFFFFFBF43
:101D7000FFDF48C380E379037904716569A7FFDF5A
:101D8000FF9EFFFFFFFFF7FFEFFFFFFFB4D3FEDB78
:101D9000FF3CFFFFFFFFFFFFFFFFFFFFFFFFFFFF16
:101DA000FFFFFFFFFFFFFFFFFFFFFFFFFFFFFFFF43
:101DB000FFFFFFFFFFFFF7BFFFFFFFBEFFDF934CFB
:101DC000714470A279246165FFFFFFFFFFFFFFFFF1
:101DD000FFFFFFFFFFFFFFFFFFFFFFFFFFFFFFFF13
:101DE000FFFFFFFFFFFFFFFFFFFFFFFFFFFFFFFF03
:101DF000FFFFFFFFFFFF690580A370C35124F6DAE0
:101E0000494579E868A358A271455082A40FFF9D07
:101E1000FFBEFFFFFFFFFFBEFFFFF79DFFFEFFFEC0
:101E2000E617486070C2710361034882EE18FFFF35
:101E3000FFFFFFFFFFFFFFFFFFFFFFFFFFFFFFFFB2
:101E4000FFDFEE18612370A278E379047124FE9914
:101E5000C4F3820889248103810480C388E478A2C2
:101E6000816458A1FEDB80C48945716360C1890328
:101E700058E3DEFAFFFFFFFFFFFFFFFFFFFFFFFF5B
:101E8000FFFFFFFFFFFFFFFFFFFFFFFFFFFFFFFF62
:101E9000FFFFFFFFFFFFF79EFFFFFFFFF7FFFFFFC3
:101EA000FFDF40617903812478C278C358A39BAFD8
:101EB000FFFFF7DFFFFFF7FFF7FFFFFF4882610437
:101EC0004882FFDFFFFFFFFFFFFFFFFFFFFFFFFF76
:101ED000FFFFFFFFFFFFFFFFFFFFFFFFFFFFFFFF12
:101EE000FFFFFFFFF7FFFFFFF79EFFDFF6FB50E36B
:101EF000812389034841FFBEFFFFF7DFFFFFFFFF9C
:101F0000FFFFFFFFFFFFFFFFFFFFFFFFFFFFFFFFE1
:101F1000FFFFFFFFFFFFFFFFFFFFFFFFFFFFFFFFD1
:101F2000FFFFFFFFFFBE58E370C381246944FFDF5A
:101F3000FF5D304148C26247FFFFFFDEFFFFFFFF4A
:101F4000FFFFF7FFFFFFFFDFFFDFFFFFFFFF72284D
:101F5000692468E368E450A38B2CFFFFFFBEFFFFFA
:101F6000F79EFFFFFFFFFFFFFFFFFFFFFFFFF69A58
:101F70009B4D69258164790478A3584192EBC3CFC6
:101F800068A271447104812478C3710479256123A6
:101F90005102D5737A0880E478E35902590250401F
:101FA000AC50FFFFFFFFFFFFFFFFFFFFFFFFFFFF43
:101FB000FFFFFFFFFFFFFFFFFFFFFFFFFFFFFFFF31
:101FC000FFFFFFFFF7BED6399C10FFFFFFDFFFFFCB
:101FD000FFDF488281A578E280C388E4608248E31D
:101FE000FFFFFFFFFFFFFFFFFFFFFFFF404170E428
:101FF00060A27248FFFFFFFFFFFFFFFFFFFFFFFF31
:10200000FFFFFFFFFFFFFFFFFFFFFFFFFFFFFFFFE0
:10201000FFFFFFFFFFFFFFFFFFFFFFFF386160E2F1
:1020200080E28964BCD3FFFFEFFFEFFFF7FFFFFF04
:10203000FFFFFFFFFFFFFFFFFFFFFFFFFFFFFFFFB0
:10204000FFFFFFFFFFFFFFFFFFFFFFFFFFFFFFFFA0
:10205000FFFFFFFFFFFF71867924814581C7FF5D88
:10206000FFFFFFFFFFFEFFFFFFFFFFFFF7FFFFFF89
:10207000FFDFEFBFFFFFFFFFFFFFD5B651654862EF
:1020800050624000D515FFBFFFDFFFFFFFFFFFFFDE
:10209000FFFFF79EFFFFFFFFEFBEC59571C77124DD
:1020A00068C360A1792280E3994650C3FF7D71C661
:1020B00080E27944716758C3F678A32C7883606214
:1020C000FFFEA4F18124894578E458C3E5D7FFFFDA
:1020D000FFDFFFFFFFFFFFFFFFFFFFFFFFFFFFFF30
:1020E000FFFFFFFFFFFFFFFFFFFFFFFFFFFFFFDF20
:1020F000FFFFF7FFF7FE71E870A4FE39F7BEF7FFA8
:10210000FFDF60E4710371037903810379235103D5
:10211000FFFFEFFFFFFFFFFFFFFFFFFF59A568C2B3
:1021200070E35903CDD6FFFFEF9EF7FFFFFFFFFFE0
:10213000FFFFFFFFF7FFFFFFFFFFFFFFFFFFFFFFB7
:10214000FFFFFFFFF7BFFFFFFFFFEE1760C38145F3
:1021500068E43841FFFFFFDEFFBEF79EFFFFFFFF91
:10216000F7FFFFFFFFFFFFFFFFFFFFFFFFFFFFFF87
:10217000FFFFFFFFFFFFFFFFFFFFFFFFFFFFFFFF6F
:10218000FFFFFFFF8B2A79449965810448C2FFFF56
:10219000FFDEFFFFFFDFFFFFFFFFF7FFF79EFFFF01
:1021A000F69A5145410350A170C278E389E648C3CD
:1021B000FF1CFFFFFFFFFFFFFFFFFFFFFFFFFFFF12
:1021C000FFFFFFFFFFFFFFFFACF45145586280E4C3
:1021D000916668616923812489046144FFFE58C2C5
:1021E000810360E2B3F1FFDE3020684178E4BB8F09
:1021F000D4F350E280A380E46082FE59FFFFF77DB4
:10220000FFFFF7FFFFFFFFFFFFFFFFFFFFFFFFFFE6
:10221000FFFFFFFFFFFFFFFFFFFFFFFFFFDFFFFFEE
:10222000FFFFFFFFFF5C586281054041FFFFE7DED3
:10223000FFFF618678E378E380E380E370A38A8A16
:10224000FFDFF7FFFFFFFFFFFFFFFFFF92EB80C302
:1022500088C379646A89FF9DFFFFFFFFFFFFFFFFCF
:10226000FFFFFFFFFFFFFFFFFFFFFFFFFFFFFFFF7E
:10227000FFFFFFFFFFFFFFBEFF9E590360A268A2A2
:1022800058C3FF1BF7BFFFFFFFDFFFFFFFDFFFFFAD
:10229000FFFFFFFFFFFFFFFFFFFFFFFFFFFFFFFF4E
:1022A000FFFFFFFFFFFFFFFFFFFFFFFFFFFFFFFF3E
:1022B000FFFFFFFF280081A678C360C36A48F79D2F
:1022C000FFFFFFFFFFDFFFFFFFFFF7BEEEBA30416A
:1022D00050827905710468C3710368A27944B3AE72
:1022E000FFFFF7FFFFFFFFFFFFFFFFFFFFFFFFFF06
:1022F000FFFFFFFFFFFFFFFFFFFF82CB61044800EE
:10230000690460E4822970C380C369025143690291
:1023100081033800FF9FB4D260A2810458C35021CA
:1023200089A6794470A35021FF3CFFDFFFFFEFBE79
:10233000F7FFF7FFFFFFFFFFFFFFFFFFFFFFFFFFBD
:10234000FFFFFFFFFFFFFFFFFFFFFFFFFFFFFFFF9D
:10235000FFFFFFDE4081812470625082FFFEF7FEA6
:10236000FFFF40E378E470E378E378E368C3AB8E83
:10237000FF9EFFFFF7FFFFFFFFFFFFFF30008924F5
:1023800080C371446207FFFFFFFFFFFFFFFFFFFFF6
:10239000FFFFFFFFFFFFFFFFFFFFFFFFFFFFFFFF4D
:1023A000FFFFFFFFFFBFFFFFDD35712470C3710327
:1023B00071A6FFDEFFFFFFDFFFFFFFFFFFFFFFFF55
:1023C000FFFFFFFFFFFFFFFFFFFFF7FFFFFFFFFF25
:1023D000FFFFFFFFFFFFFFFFFFFFFFFFFFFFFFFF0D
:1023E000FFFFFFFF48C260E358A240A2FFFFFFFFCC
:1023F000F7BEFFFFF7FFFFFFFFFFF67958E360A38B
:10240000796668A280C3894579037924610418003C
:10241000FFFEF7FFFFFFFFFFFFFFFFFFFFFFFFFFD5
:10242000FFFFFFFFFFFFFFFFFFFFFFDFFF9EEEBA93
:10243000FFFFFFFF50848145910470E2610270A1AB
:1024400091458AABDE7960E389047945F63840002E
:10245000898681644882F6BAFFFFFFFFFFFFFFFF16
:10246000F7BEFFFFFFFFFFFFFFFFFFFFFFFFFFFFC5
:10247000FFFFFFFFFFFFFFFFFFFFFFFFFFFFFFFF6C
:10248000FFDEFF5D60A178C3892468C2E5D6FFFE48
:10249000FFFE488178E3710371037103714450C2F8
:1024A000FFFFFFFFFFFFFFFFFFFFFFFF306070E355
:1024B000792461237AAAFFFFFFFFFFFFFFFFFFFFE1
:1024C000FFFFFFFFFFFFFFFFFFFFFFFFFFFFFFFF1C
:1024D000FFFFFFFFFFFFFFFF50C3790478E379247C
:1024E0008A48ABAED472C451C4D3EE79FFDEFFFE8E
:1024F000FFFEFFFFFFDFFFFFFFFFFFFFFFFFFFFF0D
:10250000FFFFFFFFFFFFFFFFFFFFFFFFFFFFFFFFDB
:10251000FFFFFFFFBC71618640C3EE9AFFFFFFFF24
:10252000FFFFF7FEDFFEFFDEDD95712570E461241D
:10253000E5B6FF7C68C2688270E350A2FF5CF7DEFC
:10254000FFFFF7DEFFFFFFFFFFFFFFFFFFFFFFFFC4
:10255000FFFFFFFFFFFFFFFFFFFFFFFFFFFFF7FF93
:10256000EFFEFFFF502278C49104790269028103D3
:1025700089255104A45178C391245061FF5DFF5D0A
:1025800079E770A250C3FF7DFFFFB4F32800380045
:1025900050E4BC72FFDFFFFFFFFFFFFFFFFFFFFF05
:1025A000FFFFFFFFFFFFFFFFFFFFFFFFEFBDFFFF8D
:1025B000FFFF50C3792381038103790371245040C5
:1025C0005881814580C2810379238122790268E2A2
:1025D000718448A1382192CBE5D6FFDE69C66061DF
:1025E000816558E34944FFFFFFFFFFFFFFFFFFFF47
:1025F000FFFFFFFFFFFFFFFFFFFFF7FFEF9DF7DF8D
:10260000F79EFFFFF79D284161247904896568C31F
:10261000612461048924812468A279657144482079
:102620005881400048218269B430B4D3FFFFF79E3F
:10263000FFFFF7DFFFFFFFFFFFFFFFFFFFFFFFFFD2
:10264000FFFFFFFFFFDFDE18BD34FFDEFFFFFFFFF0
:10265000FFFFFFFFF7FFFFFFFF5C48C350E3FFDE14
:10266000FFFEFFFE610361245104FFBEFFFFFFFF79
:10267000F7DEFFFFFFFFFFFFFFFFFFFFFFFFFFFF93
:10268000FFFFFFFFFFFFFFFFFFFFFFFFF7FFF7FF6A
:10269000FFFFDDD779048124812460A269856882E7
:1026A00068C38B4D5146712570C27145FF3DFFBE19
:1026B000492388E379045081406060E3A2089104D3
:1026C00099A760E4F6FCFF9EFFFFF7DFFFFFFFFF27
:1026D000FFFFFFFFFFFFFFFFFFFFFFFFF7FEFFFE14
:1026E00051447145790379037903790370A278E342
:1026F00070A291C780C27903790378E2890291645C
:1027000078C28165812589665061DD5450A28104BB
:1027100080E469046A89FFFFFFFFFFFFFFFFFFFFFF
:10272000FFFFFFFFFFFFFFFFFFFFFFFFFFDFFFFFD9
:10273000CD76EE59A42F592368C281656924E595A9
:10274000FF1C5986382048A159444881610368E339
:102750008144918679047103712469453882FFBEF2
:10276000FFFFF7DFFFFFFFFFFFFFFFFFFFFFFFFFA1
:10277000FFFFFFFFFF9EFFBFFFFFFFFFFFFFFFFF0A
:10278000FFFFFFFFFFFFFFFFFFFFB595FFFFFFDE2E
:10279000F75CC51389C651039C50FFFFFFBEFFFFC6
:1027A000FFFFFFFFFFFFFFFFFFFFFFFFFFFFFFFF39
:1027B000FFFFFFFFFFFFFFFFFFFFFFFFF7FFFFFF31
:1027C000FFDF610470E1712368E3ABEFFFBF4042BC
:1027D00048E3FFFEC535618560E26124FF5DFF9E31
:1027E0006124892480E4712460E2792488C288A26B
:1027F00089656123CD96FFBFFFFFFFFFFFFFFFFF4E
:10280000FFFFFFFFF7FFFFFFFFFFFFFFFFFFFFFEE1
:1028100058C291658103710369237123898670C34E
:1028200060C2610350623800384050C258A26082D2
:1028300068C360E3690468E33820DDF650E381048F
:1028400078A34840FF9DFFFFFFFFFFFFFFFFFFFF53
:10285000FFFFFFFFFFFFFFFFFFFFFFFFFF9E7A4A23
:10286000506368E479848123706068E248E3FFFF85
:10287000FFDFFFFFFFFFFFFFF77DFFFFFF7DFF7D16
:10288000B3CF4841816478C278C28104712469E77A
:10289000FFBEFFFFFFFFFFFFFFFFFFFFFFFFFFFF89
:1028A000FFFFFFFFFFFFFFFFF7DFF77EFFFFFFFFE9
:1028B000FFFFFFFFFFFFFFFFF7FFDF7DF7FFFFFFDA
:1028C000A450406199A660E3CD34FFFFFFFFFFFFF6
:1028D000FFFFFFFEFFFFFFFFFFFFFFFFFFFFFFFF09
:1028E000FFFFFFFFFFFFFFFFFFFFF7FFEFBEFFFF51
:1028F000488378E47922610240A2FFBEFFFFFFDF38
:10290000FFBEF7FFFFDFFFFF8ACAA40FFFFFEDF84E
:1029100068E38165810371036102798578E358601A
:1029200050E27B0BFFFFFFDFFFFFFFFFFFFFFFFF1B
:10293000FFFFFFFFF7FFFFFFFFFFFFFFF7DEFF9D3A
:10294000D4D370C381037904710469246945B3CF7A
:10295000FEDAFFDFFFDFFFDFFFFFFFFFFFFFFFDF2D
:10296000FFDFFF5DFF5CFFDEFFDEFFFEF6DA71A634
:10297000506182AAFFDEFFFFF7FFF7FFFFFFFFFFB7
:10298000FFFFFFFFFFFFFFFFFFFFFFFFFFBF60E451
:102990008126788280A29964896450A2FF9DFFFFFE
:1029A000EFDFFFFFFFFFFFBFFFFFFFFFFFBEFFDF08
:1029B000FFDF5904796478E280C288E378C350A2CB
:1029C000BCB2FFFFFFFFFFFFFFFFFFFFFFFFFFFFA7
:1029D000FFFFFFFFF7FFF7FFFFFFFFDFFFFFFFFF37
:1029E000FFFFFFFFFFDFFFFFF7BEFFFFFFFFFFFF60
:1029F000FFDF28008924916568E38B0CEF7DFFFFE2
:102A0000FFFFFFFFFFFFFFFFFFFFFFFFFFFFFFFFD6
:102A1000FFFFFFFFFFFFFFFFFFFFF7FFFFFFE5F7F0
:102A2000792588E470A16184B553F79DFFFFFFFF0E
:102A3000FFFFFFFFFFFFFFFFF7FFFFFFFFBFFF7D70
:102A400082286081710360C250A261A6938EDE5815
:102A5000FFFFFFFFFFFFFFFFFFFFFFFFFFFFFFFF86
:102A6000FFFFFFFFFFFFFFFFFFFFFFFFFFDFFFFF96
:102A7000FFFF30E358C2812588E47145F6DBF7DFBC
:102A8000FFFFFFFFFFFFFFFFFFFFFFFFFFFFFFFF56
:102A9000FFFFFFFFFFFFFFFFFFFFFFFFFFFFFFDF66
:102AA000EF5DFFFFFFFFFFFFFFFFFFFFFFFFFFFFE8
:102AB000FFFFFFFFFFFFFFFFFFFFFFFFFFFF6103C0
:102AC00078C388C378E369447289FFFFFFFFFFFF83
:102AD000FFFFFFFFF7FFEFDFFFFFFFFFFFDEFF3C22
:102AE00048617965790470C278E370A2710358C2B5
:102AF00048C2FFFEFFFFFFFFFFFFFFFFFFFFFFFFDB
:102B0000FFFFFFFFFFFFFFFFFFFFFFFFFFFFFFFFD5
:102B1000FFFFFFFFFFDFFFFFEF7DF7BEFFFFFFFFC0
:102B2000FFFFFFFE716378E28102794361848B6C61
:102B3000938D9B8E8BCD9C4FFFFEFFFEF7FFF7FF23
:102B4000FFFFFFFFFFFFFFFFFFFFFFFFFFFFFFDFB5
:102B50005904714558A1BCF2FFFEF7FFFFFFFFFFCC
:102B6000FFFFFFFFFFFFFFFFFFFFFFFFFFFFFEFB7A
:102B7000384150C3936EFFBEFFFFFFDFFFFFF7DF5B
:102B8000FFFFFFFFFFFFFFFFFFFFFFFFFFFFFFFF55
:102B9000FFFFFFFFFFFFFFFFFFFFFFFFFFFFFF9EA6
:102BA000FFBFFFFF7ACA6945692469C7FFFFF7FFC6
:102BB000FFFFFFFFFFFFFFFFFFFFFFFFFFFFFFFF25
:102BC000FFFFFFFFFFFFFFFFFFFFFFFFFFFFFFDF35
:102BD000F7BEFFDFFFFFFFFFFFFFFFFFFFFFFFFF6E
:102BE000FFFFFFFFFFFFFFFFFFFFFFFFFF7D5924F8
:102BF00070E38986612482AAFFBEF7BEFFFFFFFF54
:102C0000FFFFFFFFFFFFFFDFFFFFFFFF7B0B5124F5
:102C1000488158A2710468A379046062690458E38A
:102C20004061FF9DFFFFFFFFFFFFFFFFFFFFFFFF73
:102C3000FFFFFFFFFFFFFFFFFFFFFFFFFFFFFFFFA4
:102C4000FFFFFFFFF7FFFFFFFFFFFF7DFFBEFF5D01
:102C5000A38E7186894578C270C27103710379248D
:102C600070A389A7714558C371E7FFFFFFFFFFFFFE
:102C7000FFFFFFFFFFFFFFFFFFFFFFFFFFFFFFFF64
:102C8000EE99934CCD75FFFFEFBEF7FFFFFFFFFFFF
:102C9000FFFFFFFFFFFFFFFFFFFFFFFF630C732C32
:102CA000FFDEFFBEEFFFEFDFFFBFFFFFFFDFFFFF36
:102CB000F7BEF7DFFFFFFFFFFFFFFFFFFFFFFFFF95
:102CC000FFFFFFFFFFFFFFFFFFFFFFFFEF5DFFFFC6
:102CD000FFDFFFFFFFBDFFFF8B2CE679FFFFEFFF5C
:102CE000EFDFFFFFFFFFFFFFFFFFFFFFFFFFFFFF24
:102CF000FFFFFFFFFFFFFFFFFFFFFFFFF7BEFFFF2D
:102D0000FFDFFFDFFFFFFFFFFFFFFFFFFFFFFFFF13
:102D1000FFFFFFFFFFFFFFFFFFFFFFFFFFBE30A230
:102D200059043800AC50FFFFFFFFFFFFF7FFFFFF24
:102D3000FFFFFFFFFFFFFF9EFFFFFF7DACB27AEBBF
:102D40008B0B932C934D9B6DBC71BC51BC51936DFF
:102D5000FF7DFFFFFFFFFFFFFFFFFFFFFFFFFFFF05
:102D6000FFFFFFFFFFFFFFFFFFFFFFFFFFFFFFFF73
:102D7000FFFFFFFFF7FFF7DEFFFFFEDB302071866E
:102D800068E468C36062798661036903790381043A
:102D9000812478E4788381046904DD96FFFFFFFFD6
:102DA000FFFFFFFFFFFFFFFFFFFFFFFFF7DEF7FE65
:102DB000FFFFFFDEFFFFF79EFFFFF7FFFFFFFFFFB5
:102DC000FFFFFFFFFFFFFFFFFFFFFFFFFFFFFFDE34
:102DD000FFFFFFFFFFDFFFDFFFFFFFFFD5F79BAE2A
:102DE000A34DFEFBFFFFFFFFFFFFFFFFFFFFFFFF06
:102DF000FFFFFFFFFFFFFFFFFFFFFFFFFFFFFFDF03
:102E0000FFFFFFFFF7FFFFFEFFFFFFFFF7FFF7FFEB
:102E1000FFFFF7BEFFFFFFFFFFFFFFFFFFFFFFFF0B
:102E2000FFFFFFFFFFFFFFFFFFFFFFFFFFFFFFDFD2
:102E3000FFFFFFDFFFFFFFFFFFFFFFFFFFFFFFFFC2
:102E4000FFFFFFFFFFFFFFFFFFFFFFFFFFFFFFFF92
:102E5000EE99FFDEFFBDFFFFFFFFF7FFF7FFFFFF6C
:102E6000FFFFFFFFFFFFFFDFFFDFFFFFFFFFFFFFB2
:102E7000FFFFFFFFFFFFFFDFFFFFFFFFFF9EFFFFE3
:102E8000F7DEFFFFFFFFFFFFFFFFFFFFFFFFFFFF7B
:102E9000FFFFFFFFFFFFFFFFFFFFFFFFFFFFFFFF42
:102EA000FFFFFFFFF7FFFFFFFFBE30825966594566
:102EB000BC51EDF7FF5D50C36924690358E2826994
:102EC0008B0BABCEC3CF506250A32000FFFFFFFFA0
:102ED000FFFFFFFFFFFFFFFFFFFFFFFFF7FEFFFF0B
:102EE000FFFFFF7DFFDFFF5DFFFFFFBFE71CF7BEBA
:102EF000DE9A414582AA8AAA698669A68B0C832C30
:102F0000838E62EB6249728A30414061610381A520
:102F100079037124E6DBFFBEFFFFF79EFFFFFFFF93
:102F2000FFFFFFFFFFFFFFFFFFFFFFFFFFFFFFFFB1
:102F3000FFFFFFFFF7FFFFFFFFFFFFFFFFFFFFFFA9
:102F4000FFFFFFFFFFFFFFFFFFFFFFFFFFFFFFFF91
:102F5000FFFFFFFFFFFFFFFFFFFFFFFFFFFFFFFF81
:102F6000FFFFFFFFFFFFFFFFFFFFFFFFFFFFFFFF71
:102F7000FFFFFFFFFFFFFFFFFFFFFFFFFFFFFFFF61
:102F8000FFFFFFFFFFFFFFFFF7FFF7FFFFFFFFFF61
:102F9000FFFFFFFFFFFFFFFFFFFFFFFFFFFFFFFF41
:102FA000FFFFFFFFF7FFFFFFFFFFFFFFFFFFFFFF39
:102FB000FFFFFFFFFFFFFFFFFFFFFFFFFFFFFFFF21
:102FC000FFFFFFFFFFFFFFFFFFFFFFFFFFFFFFFF11
:102FD000FFFFFFFFFFDEFFFFFFFF2861D5D7FFDE0A
:102FE000FFFFFFFFEE7960E491667924934CFFFECA
:102FF000FFFFFFFEFFBEFFFF93CFDE9AFFFFFFFF45
:10300000FFFFFFFFFFFFFFFFFFFFFFFFFFFFFFFFD0
:10301000DE99BD1369E6406150E44104FFBFFFFF44
:10302000FFFF288281C770E4812578E4608250E345
:10303000FEDCFF9EFFFFDDF7ABCF4820502089A6C6
:10304000688158C2ACD3FFFFFFDFFFFFFFFFFFFF28
:10305000FFFFFFFFFFFFFFFFFFFFFFFFFFFFFFFF80
:10306000FFFFFFFFFFFFFFFFFFFFFFFFFFFFFFFF70
:10307000FFFFFFFFFFFFFFFFFFFFFFFFFFFFFFFF60
:10308000FFFFFFFFFFFFFFFFFFFFFFFFFFFFFFFF50
:10309000FFFFFFFFFFFFFFFFFFFFFFFFFFFFFFFF40
:1030A000FFFFFFFFFFFFFFFFFFFFFFFFFFFFFFFF30
:1030B000FFFFFFFFFFFFFFFFFFFFFFFFFFFFFFFF20
:1030C000FFFFFFFFFFFFFFFFFFFFFFFFFFFFF7FF18
:1030D000F7FFFFFFFFFFFFFFFFFFFFFFFFFFFFFF08
:1030E000FFFFFFFFFFFFFFFFFFFFFFFFFFFFFFFFF0
:1030F000FFFFFFFFFFFFFFFFFFFFFFFFFFFFFFFFE0
:10310000FFFFFFFFFFFFFFBFFFBE2861FF9EFF9D88
:10311000FFFFFFFF48C3604188E47904FEFBFFFF27
:10312000F7FFF7FFF7FFF7FFFFFFFFFFF7FFF7FFDF
:10313000FFFFFFFFFFFFFFFFFFFFFFFFFFFFFFFF9F
:103140006228510368E2688179456125FFBFFFFF6E
:10315000FFFFFFFF4020796570E379246904FEDBFF
:10316000FFFFF79EFFFFFFDFFFFFFF9DFF9DA3EF28
:1031700038003000E67AFF9EFFFFF7BEFFFFFFFF3B
:10318000FFFFFFFFFFFFFFFFFFFFFFFFFFFFFFFF4F
:10319000FFFFFFFFFFFFFFFFFFFFFFFFFFFFFFFF3F
:1031A000FFFFFFFFFFFFFFFFFFFFFFFFFFFFFFFF2F
:1031B000FFFFFFFFFFFFFFFFFFFFFFFFFFFFFFFF1F
:1031C000FFFFFFFFFFFFFFFFFFFFFFFFFFFFFFFF0F
:1031D000FFFFFFFFFFFFFFFFFFFFFFFFFFFFFFFFFF
:1031E000FFFFFFFFFFFFFFFFFFFFFFFFFFFFFFFFEF
:1031F000FFFFFFFFFFFFFFFFFFFFFFFFFFFFFFFFDF
:10320000FFFFFFFFFFFFFFFFFFFFFFFFFFFFFFFFCE
:10321000FFFFFFFFFFFFFFFFFFFFFFFFFFFFFFFFBE
:10322000FFFFFFFFFFFFFFFFFFFFFFFFFFFFFFFFAE
:10323000FFFFFFFFF7FFFFBEFFBE48A34882DD147C
:10324000D534618658217124716582CAFFFFFFFF62
:10325000FFFFFFFFF7FFF7DFFFFFFFDFFFFFFFFFCE
:10326000FFFFFFFFFFFFFFFFFFFFFFFFFFFFFFFF6E
:10327000FFDFB3EF60A1790460A3826AFFDFFFFF85
:10328000EF7DFFFFFFFF59C75965934CFF9DFFFF7F
:10329000EFDFE7FFEFFFE7BFFFFFFFFFFFDFFF9E6F
:1032A000FFFFFFFFFFFFFFFFFFDFFFFFFFFFFFFF4E
:1032B000FFFFFFFFFFFFFFFFFFFFFFFFFFFFFFFF1E
:1032C000FFFFFFFFFFFFFFFFFFFFFFFFFFFFFFFF0E
:1032D000FFFFFFFFFFFFFFFFFFFFFFFFFFFFFFFFFE
:1032E000FFFFFFFFFFFFFFFFFFFFFFFFFFFFFFFFEE
:1032F000FFFFFFFFFFFFFFFFFFFFFFFFFFFFFFFFDE
:10330000FFFFFFFFFFFFFFFFFFFFFFFFFFFFFFFFCD
:10331000FFFFFFFFFFFFFFFFFFFFFFFFFFFFFFFFBD
:10332000FFFFFFFFFFFFFFFFFFFFFFFFFFFFFFFFAD
:10333000FFFFFFFFFFFFFFFFFFFFFFFFFFFFFFFF9D
:10334000FFFFFFFFFFFFFFFFFFFFFFFFFFFFFFFF8D
:10335000FFFFFFFFFFFFFFFFFFFFFFFFFFFFFFFF7D
:10336000FFFFFFFFE7FFFFFFFFFF71C8712570E55B
:1033700070A4790569245104D5F7FFFEFFFFF79E7D
:10338000FFDFFFDFF7DFFFFFFFFFFFFFFFFFFFFFB5
:10339000FFFFFFFFFFFFFFFFFFFFFFFFFFFFFFFF3D
:1033A000FFFFFFFFFFFFEEDBFFBEFFBFFFFFFFFFE3
:1033B000FFFFFFFFFFFFF7BEFFDFFFFFFFFFFFFF86
:1033C000FFFFFFFFFFFFFFFFFFFFFFFFFFFFFFFF0D
:1033D000FFFFFFFFFFFFFFFFFFFFFFFFFFFFFFFFFD
:1033E000FFFFFFFFFFFFFFFFFFFFFFFFFFFFFFFFED
:1033F000FFFFFFFFFFFFFFFFFFFFFFFFFFFFFFFFDD
:10340000FFFFFFFFFFFFFFFFFFFFFFFFFFFFFFFFCC
:10341000FFFFFFFFFFFFFFFFFFFFFFFFFFFFFFFFBC
:10342000FFFFFFFFFFFFFFFFFFFFFFFFFFFFFFFFAC
:10343000FFFFFFFFFFFFFFFFFFFFFFFFFFFFFFFF9C
:10344000FFFFFFFFFFFFFFFFFFFFFFFFFFFFFFFF8C
:10345000FFFFFFFFFFFFFFFFFFFFFFFFFFFFFFFF7C
:10346000FFFFFFFFFFFFFFFFFFFFFFFFFFFFFFFF6C
:10347000FFFFFFFFFFFFFFFFFFFFFFFFFFFFFFFF5C
:10348000FFFFFFFFFFFFFFFFFFFFFFFFFFFFFFFF4C
:10349000FFFFFFFFFFFFFFFFFFFFFFDFD55650C419
:1034A00068E540019C31FFFFFFBEFFFFFFFFFFFF0C
:1034B000FFFFFFFFFFFFFFFFFFFFFFFFFFFFFFFF1C
:1034C000FFFFFFFFFFFFFFFFFFFFFFFFFFFFFFFF0C
:1034D000FFFFFFFFFFFFFFFFFFDFFFFFFFFFFFFF1C
:1034E000FFFFFFFFFFFFFFFFFFFFFFDFFFFFFFFF0C
:1034F000FFFFFFFFFFFFFFFFFFFFFFFFFFFFFFFFDC
:10350000FFFFFFFFFFFFFFFFFFFFFFFFFFFFFFFFCB
:10351000FFFFFFFFFFFFFFFFFFFFFFFFFFFFFFFFBB
:10352000FFFFFFFFFFFFFFFFFFFFFFFFFFFFFFFFAB
:10353000FFFFFFFFFFFFFFFFFFFFFFFFFFFFFFFF9B
:10354000FFFFFFFFFFFFFFFFFFFFFFFFFFFFFFFF8B
:10355000FFFFFFFFFFFFFFFFFFFFFFFFFFFFFFFF7B
:10356000FFFFFFFFFFFFFFFFFFFFFFFFFFFFFFFF6B
:10357000FFFFFFFFFFFFFFFFFFFFFFFFFFFFFFFF5B
:10358000FFFFFFFFFFFFFFFFFFFFFFFFFFFFFFFF4B
:10359000FFFFFFFFFFFFFFFFFFFFFFFFFFFFFFFF3B
:1035A000FFFFFFFFFFFFFFFFFFFFFFFFFFFFFFFF2B
:1035B000FFFFFFFFFFFFFFFFFFFFFFFFFFFFFFFF1B
:1035C000FFFFFFFFFFFFFFFFFFFFFFFFFFDFFF9E8C
:1035D000FFDFFFDFFFFFFFFFFFBEFFFFFFFFFFFF7C
:1035E000FFFFFFFFFFFFFFFFFFFFFFFFFFFFFFFFEB
:1035F000FFFFFFFFFFFFFFFFFFFFFFFFFFFFFFFFDB
:10360000FFFFFFFFFFDFFFDFF79EFFFFFFFFFFFF73
:10361000FFFFFFFFFFFFFFFFFFFFFFDFFFFFFFFFDA
:10362000FFFFFFFFFFFFFFFFFFFFFFFFFFFFFFFFAA
:10363000FFFFFFFFFFFFFFFFFFFFFFFFFFFFFFFF9A
:10364000FFFFFFFFFFFFFFFFFFFFFFFFFFFFFFFF8A
:10365000FFFFFFFFFFFFFFFFFFFFFFFFFFFFFFFF7A
:10366000FFFFFFFFFFFFFFFFFFFFFFFFFFFFFFFF6A
:10367000FFFFFFFFFFFFFFFFFFFFFFFFFFFFFFFF5A
:10368000FFFFFFFFFFFFFFFFFFFFFFFFFFFFFFFF4A
:10369000FFFFFFFFFFFFFFFFFFFFFFFFFFFFFFFF3A
:1036A000FFFFFFFFFFFFFFFFFFFFFFFFFFFFFFFF2A
:1036B000FFFFFFFFFFFFFFFFFFFFFFFFFFFFFFFF1A
:1036C000FFFFFFFFFFFFFFFFFFFFFFFFFFFFFFFF0A
:1036D000FFFFFFFFFFFFFFFFFFFFFFFFFFFFFFFFFA
:1036E000FFFFFFFFFFFFFFFFFFFFFFFFFFFFFFFFEA
:1036F000FFFFFFFFFFFFFFFFFFFFFFFFF7FFF7FFEA
:10370000E79DFFFFFFFFFFFFFFFFFFFFFFFFFFFF43
:10371000FFFFFFFFFFFFFFFFFFFFFFFFFFFFFFFFB9
:10372000FFFFFFFFFFFFFFFFFFFFFFFFFFFFFFFFA9
:10373000FFFFFFFFF7FFFFFFFFFFFFDFFFFFFFFFC1
:10374000FFFFFFFFFFFFFFFFFFFFFFFFFFFFFFFF89
:10375000FFFFFFFFFFFFFFFFFFFFFFFFFFFFFFFF79
:10376000FFFFFFFFFFFFFFFFFFFFFFFFFFFFFFFF69
:10377000FFFFFFFFFFFFFFFFFFFFFFFFFFFFFFFF59
:10378000FFFFFFFFFFFFFFFFFFFFFFFFFFFFFFFF49
:10379000FFFFFFFFFFFFFFFFFFFFFFFFFFFFFFFF39
:1037A000FFFFFFFFFFFFFFFFFFFFFFFFFFFFFFFF29
:1037B000FFFFFFFFFFFFFFFFFFFFFFFFFFFFFFFF19
:1037C000FFFFFFFFFFFFFFFFFFFFFFFFFFFFFFFF09
:1037D000FFFFFFFFFFFFFFFFFFFFFFFFFFFFFFFFF9
:1037E000FFFFFFFFFFFFFFFFFFFFFFFFFFFFFFFFE9
:1037F000FFFFFFFFFFFFFFFFFFFFFFFFFFFFFFFFD9
:10380000FFFFFFFFFFFFFFFFFFFFFFFFFFFFFFFFC8
:10381000FFFFFFFFFFFFFFFFFFFFFFFFFFFFFFFFB8
:10382000FFFFFFFFFFFFFFFFFFFFFFFFF7FFF7FFB8
:10383000E7DEF7FFF7FFFFFFFFFFF7FFFFFFFFFFE9
:10384000FFFFFFFFFFFFFFFFFFFFFFFFFFFFFFFF88
:10385000FFFFFFFFFFFFFFFFFFFFFFFFFFFFFFFF78
:10386000FFDFFFDFFFFFF7DFFFFFFFFFF7DFFFFFF8
:10387000FFFFFFFFFFDFFFDFFFFFFFFFFFFFFFFF98
:10388000FFFFFFFFFFFFFFFFFFDFFFFFFFFFFFFF68
:10389000FFFFFFFFFFFFFFFFFFBEF79EFFFFFFFFE2
:1038A000FFFFFFFFFFFFF79EFFFFFFFFFFFFFFFF91
:1038B000FFFFFFDFFFFFFFFFFFDFFFDFFFFFFFFF78
:1038C000FFFFFFDFFFDFFFFFFFFFFFDFFFDFFFFF88
:1038D000FFFFF79EFFFFFFFFFFFFFFFFFFFFFFFF61
:1038E000FFFFFFFFFFDFFFFFFFFFF79EFFDFFFDFB1
:1038F000FFFFFFFFFFDFFFFFFFFFFFFFFFFFFFDF18
:10390000FFFFFFFFFFFFFFFFFFFFFFFFFFFFFFFFC7
:10391000FFFFF7BEFFDFFFDFFFFFFFDFFFFFFFDF80
:10392000FFFFFFFFFFDFFFFFFFFFFFFFFFFFFFDFE7
:10393000FFFFFFFFFFDFFFFFFFFFFFFFFFFFFFFFB7
:10394000FFFFFFDFFFDFFFFFFFFFFFFFFFFFFFFFC7
:10395000FFFFFFFFFFFFFFFFFFFFFFFFFFBEFFFFB8
:10396000FFFFFFFFFFFFFFFFFFFFFFFFFFFFFFFF67
:10397000FFFFFFFFFFFFFFDFFFDFF7BEFFDFFFFF00
:10398000FFFFFFFFFFFFFFFFFFFFFFFFFFFFFFFF47
:10399000FFFFF7BEFFFFFFFFF7BEF7BEF7DFFFFF3A
:1039A000FFFFFFFFFFFFFFFFFFFFFFFFFFFFFFDF47
:1039B000FFFFFFFFFFFFF79EFFFFFFFFFFFFFFFF80
:1039C000FFFFFFFFFFFFFFFFFFFFFFFFFFDFFFFF27
:1039D000F7DEF7BEFFDFFFFFFFFFFFFFFFFFFFFF89
:1039E000FFFFFFFFF7BEFFFFFFFFFFFFF7BEFFFF79
:1039F000FFFFFFFFFFDFFFFFFFFFFFFFFFDFFFDF37
:103A0000FFFFFFFFFFFFFFFFFFFFFFFFFFFFFFFFC6
:103A1000FFFFFFFFFFDFFFDFFFFFFFFFFFFFFFFFF6
:103A2000FFDFF7BEF79EFFFFFFFFFFFFFFDFFFFF98
:103A3000FFFFF7BEFFFFFFFFFFFFFFFFFFDFFFDF1F
:103A4000FFFFFFFFFFFFFFDFFFFFFFFFFFFFFFFFA6
:103A5000FFFFF79EFFDFFFFFFFFFFFFFFFFFFFFFFF
:103A6000FFDFFFDFFFDFFFFFFFFFFFFFFFFFF7BE0F
:103A7000FFFFFFFFFFFFFFFFFFDFFFFFFFFFFFFF76
:103A8000FFFFF7DFF7FFFFFFFFFFFFFFFFFFFF9ED7
:103A9000FFFFFFFFFFFFFFFFFFFFFFFFFFFFF7BE7F
:103AA000FFFFFFFFFFFFFFDFFFFFFFFFFFFFFFFF46
:103AB000FFFFFFFFFFFFFFFFFFFFFFFFFFFFFFFF16
:103AC000FFFFFFFFFFDFFFFFFFFFFFFFFFFFFFFF26
:103AD000F7DFFFFFFFFFFFDFF7BEFFFFFFFFFFDFA7
:103AE000FFFFFFFFF7BEFFFFFFFFFFDFFFFFFFFF4F
:103AF000FFFFFFFFFF9EFFFFFFFFFFDFFFFFFFFF57
:103B0000FFFFFFFFFFFFF7BEF79EFFDFFFFFFFDFB7
:103B1000FFFFFFDFFFFFFFDFFFFFFFDFFFFFFFFF15
:103B2000F7BEFFFFFFDFFFFFFFFFF79EFFFFFFFF77
:103B3000FFFFFFDFFFFFFFFFFFFFFFFFFFFFFFFFB5
:103B4000FFFFFFFFFFFFFFFFFFBEFFDFFFFFFFFFE6
:103B5000FFBEFFFFFFFFF7BEFFFFFFDFFFFFFFFF1F
:103B6000FFFFFFDFFFFFFFFFFFFFFFFFFFFFFFFF85
:103B7000FFDFFFFFFFFFFFFFF7BEFFFFFFFFFFFFBE
:103B8000FFDFFFFFF7BEFFFFFFFFFFDFFFFFFFFFCE
:103B9000FFFFFFFFF79EFFFFFFDFFFFFFFFFFFFFBE
:103BA000FFFFFFFFFFFFFFFFFFFFFFFFFFFFFFFF25
:103BB000FFFFFFFFF7FFFFFFFFFFFFFFFFFFFFFF1D
:103BC000F7BEFFFFFFFFFFFFFFFFFFFFFFFFFFFF4E
:103BD000F7DFF7FFFFFFFFFFF79EFFFFFFFFFFFF8E
:103BE000FFDFFFFFFFFFFFFFFFFFFFFF9CB2838EA2
:103BF000EF3CFFDFA431838EFFFFFFFFFFFFF7BE27
:103C0000FFFF94308B8EE6BAFFFFFFFFFFFFFFFF41
:103C1000CE388BCFB534FFFF93EF8BCFFFFFFFFF85
:103C2000FFFFFFFF5A282861728AFF5DFFFFFFDF59
:103C3000FFFFB596838EFFFFFFBE8BAFB514FFFF6E
:103C4000FFFFFFFFFFFFE6FB838E9C30EF3CFFFF93
:103C5000FFFFFFFFFFFF83EFA451FFDFCE387B2D77
:103C6000CDF8FFFFFFFFFFFFFFFFFFFFFFFFFFFF9D
:103C7000FFFFFFFFCE187B0CD638FFFF838EACD33F
:103C8000FFFFF79EFFFF9C719C10EF1BD679730C12
:103C9000C5D7FFFFF7BEFFFFAD348BCFF77DFFFF2A
:103CA000FFDFCE7983EFD5F8FFFFCE187B6ECE59BC
:103CB000FFFFFFDFFFBE9C5193CF8BCF83CFB53586
:103CC000FFFFF7BEFFFF9C7193EF836D9C31FF5D9B
:103CD000FFFFFFDFFFFFFFFFC5D628A23882CD76AA
:103CE000FFFFFFFFFFFFFFFF9C519C31FFDEFFFF47
:103CF000F7FFB5B68BAF9B8F9BAE93CFD659FFBF67
:103D0000FFFFA5349410DE9AFFFFBD55838EEF7D33
:103D1000EF7DFFFFFFFFFFFFFFFFFFFFEEBA50C386
:103D2000A3AEFFDF68E4932DFFFFFFFFFFFFFFFF60
:103D3000FFFF606280E3C471FFFFFFFFFFFFF7FF3B
:103D4000BD5568C45924FFFF58834021FFFFF7DEAB
:103D5000FFFF61863840CC9248006186FFFFF7DEA6
:103D6000FFFF83AE6904FFBEFF5D68A3928BFFFF78
:103D7000FFDFFFDFFFDFD55568E47146FEDBFFDFC5
:103D8000FFFFFFFFFFFF61C678C3D533E69960A34D
:103D9000DD56FFFFFFFFFFFFFFFFFFFFFFFFFFFFFE
:103DA000FFFFFFFFB4517904EE38FFDE58C348A38C
:103DB000FFFFFFFFFFFF71A770E4A430FF9D69457F
:103DC000BCF3FFFFFFFFFFFF830C6904FFDEFFFF73
:103DD000F7FFE73C4104B2ECFFFFA40F60E3EF3CC8
:103DE000FFBEFFDFFFFF480178E471C759A69BCFF4
:103DF000FFFFF7DFFFDE38207042A2EB60A268A36E
:103E0000FFFFF7FFFFFFFF9D394482A9920858A2E8
:103E1000E679FFFFFFFFFFFF48C36082FFFFFFFF60
:103E2000FFFFA493508378A378C35104BDB7FFFF6D
:103E3000FF9EFFDE50007A8AFFFF58016926F7FFD8
:103E4000FFFFFFFFFFFFFFFFFFFFFFFFFF9D48A3F7
:103E5000406192EC6104FF7EEF9EF7BFFFFFF7BE6B
:103E6000E67958628A695985FFFFFFFFFFFFFFFF70
:103E7000CD5570C44041FFDF58A34800F7BEFFFF97
:103E8000F77D61255821FFFF936D7269EF5CFFFF9D
:103E9000FFFF728A70E3FFFEFF7D70C4928BFFFF0D
:103EA000FFFFFFFFFFFF936D79E848A2AC30FFFFF3
:103EB000FFFFF7FFFFFF618680C43840FF1B608370
:103EC000D535FFDFFFFFFFFFFFFFFFFFFFFFFFFF16
:103ED000FFFFFFFFB4517904F638FFDE60C348A34B
:103EE000FFFFFFFFFFFF79C878E43081FFFE7145D7
:103EF000C513FFDEFFFFFFFF830C6904FFFEFFFF1A
:103F0000FFFFFFFF40E489A7FF9D30405082FFFF85
:103F1000FFDFFFDFFFFF380050C3FFFEFFDEFFDEE5
:103F2000FFFFFFFFFFFF48006042FFFE4924708350
:103F3000F679EFFFF7FFE63868C3ED14FF7D6A8A74
:103F4000836EFFDEFFFFFFFF48C36083FFFFFFDFDD
:103F5000FFFFFF9EFFDF58205861FFFFF7DFFFFFE5
:103F6000FFFFFFFE8A4A48A3DD7660A4FE7AFFFFCA
:103F7000F7BEF7BEFFFFFFFFFFFFF7FFFFFFDD55B7
:103F800079A7716648C3FF9EFFFFFFFFFFFFFFBEDB
:103F90007AAA4821BC9138E3FFFFF7FFFFFFFFFF3C
:103FA000D53578C46904DC9258625800FFFFF7FFEA
:103FB000FFFF828A81255985FFFFFFFFFFFFFFFF7B
:103FC000FFDF9BCF78C3E595BCB170A392AAFFFF3A
:103FD000FFFFFFFFFF9E3882C45130007229FFFFB0
:103FE000FFFFF7FFFFFF696678626124FEDA79055B
:103FF000E597FFFFFFFFFFFFFFFFFFFFFFFFFFFF53
:10400000FFFFFFFFB4517905F638FFDE60C350C3F0
:10401000FFFFFFFFFFFF696678E450E3FF3C70E4B9
:10402000D575FFFFFFFFFFFF82EC7104FFFFFFFF6D
:10403000FFFFFFFF59A66883FFFF40A26986FFFFCD
:10404000FFDFFFFFFFFF380058C3E5F7C595FF9E70
:10405000FFDFF7FFFFFF40005821FFFE48E3582134
:10406000FFFFF7FFFFFFFF9E504168A393AEFFFFE6
:10407000FFBFFF7EFFFFFFFF48C368A3FFFFFFFFF7
:10408000FFFFFFFFFFFF38004840FFFFF7FFF7FF8C
:10409000FFFFFFFEFEBA60E450834862FFFFF7BEF9
:1040A000FFFFFFFFFFFFFFFFFFFFF7FFFFFFFF9E89
:1040B00060A37105FF3CFFFFF7BEFFFFFFFFFFFF9F
:1040C00028003800D5545103F6DBFFFFFFFFFFFF48
:1040D000DD3578C489E8920869056801FFFFEFDEE5
:1040E000FF7DFFBF698558E35904DE17FFFFFFFF1F
:1040F000FFDF8BEF892461434902810492AAFFFF0D
:10410000F7FFFFFFFFDF5904F5F792CB50A2FFFF47
:10411000FFFFFFFFFFFF718699A76985B36D78A345
:10412000D555F7FFFFFFFFFFFFFFFFFFFFFFFFFF7B
:10413000FFFFFFFFB4717905FE38FFFE60C350A397
:10414000FFFFFFFFFFDF71A7894548C2B36D708293
:10415000BC92FFFFFFFFFFFF8AEC7104FFFEFFFF31
:10416000F7DFFFDFBC726083FFBE59249B4DFFDE8B
:10417000FFFFFFFFFFDE480099A769045104E6181E
:10418000FFBFF7FFFFBE2800814638007145DC7293
:10419000FFFFF7DFFFDFFFDFEEBA484168C430A35F
:1041A000FFDFFFFFFFFFFFFF48C368A3FFBEFFFF66
:1041B000FFFFFFBFFFFF380050A2FFFFF7FFFFFF29
:1041C000FFDFFFFEFFFF60A391A7CCF4FFFFFFFF1F
:1041D000F77DFFBEFFFFFFFFFFFFFFFFF7DEFFBE24
:1041E000798770E4FFFFFFFFFFFFF7FFFFFFFFDFAF
:1041F00048629B0BF5B68186E576FFFFFFFFFFFF68
:10420000D55568E4FF5D692471256001F79DF7FFCE
:10421000FFFFFF1CFF7DE59560824041FFFFFFFF30
:10422000FFBF6AAB78E3FFFEFF1B8104928AF7FEB3
:10423000FFFFFFFFFEBA58A3CCB29B2C5841FF5D95
:10424000F79EFFFFFFFF58A371047A697966682122
:10425000CD75FFFFFFFFFFFFFFFFFFFFFFFFFFFF2A
:10426000FFFFFFFFAC518166EDB6FFFE68C3404122
:10427000FFFFFFFFFFFF616668A3D53460E378C3EB
:10428000C4F3FFFFFFFFFFDF82CB70E4FFFEFFDF21
:10429000FFFFFFFFEE5960C4AB6E6145F659FFFFAB
:1042A000FFFFFFFFFFFF400078E4FFBEFFDFFFDFFF
:1042B000FFFFF7BEFFFF40207904EDB66124816661
:1042C000FFFFFFFFFFFFFFDFFF9DFFDF588360C49D
:1042D000CD56FFFFFFDFFFFF50E468A3FFFFFFFFA6
:1042E000FFFFFFFFFFDF402058C2FFBEFFFFFFFFC1
:1042F000FFFFFFFFFFFE924A78E4FEDBFFFFFFFFB8
:10430000FFFFFFFFFFFFFFFFFFFFFFFFF7FFFFFFC5
:10431000614568C4FFBDFFFFFFDFF7FFEF9EF63981
:1043200060E440A24061684258A3FFBEFFFFFFFF68
:10433000CD5550A3FFDF48E369055000FFDEEFBD18
:10434000FFFF30826A68FFBE81665842FFFFF7FFB9
:10435000FFFF8B8E7985FFFEFF3B710492CBF7FF49
:10436000FFFFFFBEB410712540A2408170C3FEFB69
:10437000FFFFFFFFFFFF61054841F6FA690470A3E4
:10438000DDF7F79DFFFFFFFFFFFFFFFFFFFFFFFFD1
:10439000FFFFFFFFAC5170E4FE58FFFE60A24062D9
:1043A000FFFFFFFFFFFF61C758C3FFDE48A278A3EE
:1043B000C4F3FFFFFFDFFFFF82CB60A3FFDEFFFF41
:1043C000FFFFFFFFFFFF4082692550A2FFDEFFFFD6
:1043D000F7DFF7BFFFFF300050A3FFFFFFFEFFBE78
:1043E000FFFFFFFFFFBE50006082FFFE6AA9686208
:1043F000FF3CFFFFEFFF9C514082F6DAFFFF68C4ED
:10440000CC93F7BEFFDFFFFF48C36082FFFFFFFFD3
:10441000F7FFFFFFFFFF38004020FFBEFFFFFFFF59
:10442000FFFFFFFFFFFF8ACB6883EE9AFFFFFFFFCE
:10443000FFFFFFFFFFFFFFFFFFFFFFFFF7FFF7FF9C
:10444000490460A3FFFFFFBEFFFFF7FFF7FFCCF4B7
:1044500060C4FEDAFFFE50213821FFFFF7FFFFFFA7
:10446000C53550C3E679836D58A34000FFFFFFFFB9
:10447000FFBE51455103622869A65945FFFFFFBEA3
:10448000FFDF72EB5965FF9DF75C6905826AEFDE1D
:10449000FFFFFFFF38614000FFFEFFBD71047ACAD5
:1044A000F7FFFFFFFFFF612540A2FFFE4881816605
:1044B000B4F2FFFFFFFFFFFFFFFFFFFFFFFFFFFF64
:1044C000FFFFFFFFFF5C68C3512459E67145BC71D3
:1044D000FFFFFFFFFFDF59C740A2FFFE38A278E4CD
:1044E000CD13FFFFFFFFFFFF82EB7145FFFFFFFFD3
:1044F000F7FFFFFFFFFF38A369044041FFFFFFFF05
:10450000F7DFFFFFFFFF58E458A2308118608BCF20
:10451000FFFFFFFFFFFF38205082FFFE628958A394
:10452000FF5CF7DEF7BEFF9E40A271E76207410322
:10453000FEFCF75DFFDEFFFF50E468C3FFFFFFFFF7
:10454000F7DFFFDFFFFF30003000FFFFF7FFFFFF67
:10455000FFFFFFFFFFFF728A58A3F6DBFFFFFFFF9D
:10456000F7FFFFFFFFFFFFFFFFFFFFFFFFFFF7FF6B
:104570006AAA7A49FFFFFFDFFFFFF7DFF7FF82EC50
:104580008249FFFFF7BD69E882ECFFFFF7FFFFFFFD
:10459000DE388B0CFF9DF77D826A8ACBFFFFFFFF21
:1045A000FFFFFFDF592438A29BEFFFFFFFFFFFDF74
:1045B000FFDF8C516A69FFBEDEBA8ACBA3CFF7FF5B
:1045C000FFFFFFFF72AA932CFFFFFFBD92EB5A483B
:1045D000EFFFFFFFFFFF8B0D4165F7FEA3EF822981
:1045E000E6DAFFFFFFFFFFFFFFFFFFFFFFFFFFFF19
:1045F000FFFFFFFFFFFFDD1441233944ABAEFFBED9
:10460000F7FFF7DEFFDF93F06269FFFFCDB6926A36
:10461000E658FFDEFFDFFFFF93EF92CBFFFFF7BE11
:10462000F7DEFFFFFFFF93CF92CB7228FFBEFFFFA5
:10463000FFFFFFFFFFFF71E8A2AB92CB7AAA93AE18
:10464000FFFFF7DFFFFF5A287248FFFEB4D2A3CF67
:10465000A513FFFFFFFFFF7D942F30007228B5D513
:10466000EFDEFF7DFFFFFFFF72498A6AFFFFFFFF5A
:10467000F7DFFFDFFFFF61E77289FFFFF7FFF7FF5B
:10468000FFFFFFFFFFFF8C1082CBFF9EFFFFFFFFAE
:10469000F7FFFFFFFFFFFFFFFFFFFFFFFFFFFFFF32
:1046A000FFFFFFFFFFFFFFFFFFFFFFFFFFFFFFFF1A
:1046B000FFFFFFFFFFFFFFFFFFFFFFFFFFFFFFFF0A
:1046C000FFFFFFFFFFFFFFFFFFDFFFDFFFFFFFFF3A
:1046D000FFFFFFFFFFFFF79EFFDFFFFFFFFFFFFF73
:1046E000FFFFFFFFFFDFFFDFFFDFFFDFFFFFFFFF5A
:1046F000FFFFFFFFFFFFFFFFFFFFFFFFFFFFFFFFCA
:10470000FFFFFFFFFFFFFFFFFFFFFFFFFFFFFFFFB9
:10471000FFFFFFFFFFFFFFFFFFFFFFFFFFFFFFFFA9
:10472000FFFFFFFFFFFFFFFFFFFFFFFFFFDFFFFFB9
:10473000FFFFFFFFFFFFFFFFFFFFFFFFFFFFFFFF89
:10474000FFFFFFFFFFFFFFFFFFFFFFFFFFFFFFFF79
:10475000FFFFFFFFFFFFFFFFFFDFFFDFFFFFFFFFA9
:10476000FFFFFFFFFFFFFFFFFFDFFFDFF7BEFFDF02
:10477000FFFFFFFFFFFFFFFFFFFFFFFFFFFFFFFF49
:10478000FFFFFFFFFFFFFFFFFFDFF7BEF7BEFFFFEB
:10479000FFFFF7BEFFFFFFFFFFFFFFFFFFFFFFFF72
:1047A000FFFFFFFFFFFFFFFFFFFFFFFFFFFFFFFF19
:1047B000FFFFFFFFFFFFFFFFFFFFFFFFFFFFFFFF09
:1047C000FFFFFFFFFFFFFFFFFFFFFFFFFFFFFFFFF9
:1047D000FFFFFFFFFFFFFFFFFFFFFFFFFFFFFFFFE9
:1047E000FFFFFFFFFFFFFFFFFFFFFFFFFFFFFFFFD9
:1047F000FFFFFFFFFFFFFFFFFFFFFFFFFFFFFFFFC9
:10480000FFFFFFFFFFFFFFFFFFFFFFFFFFFFFFFFB8
:10481000FFFFFFFFFFFFFFFFFFFFFFFFFFFFFFFFA8
:10482000FFFFFFFFFFFFFFFFFFFFFFFFFFFFFFFF98
:10483000FFFFFFFFFFFFFFFFFFFFFFFFFFFFFFFF88
:10484000FFFFFFFFFFFFFFFFFFFFFFFFFFFFFFFF78
:10485000FFFFFFFFFFDFFFDFFFDFFFDFFFFFFFFFE8
:10486000FFFFFFFFFFFFFFFFFFFFFFFFFFFFFFFF58
:10487000FFFFFFFFFFFFFFFFFFFFFFFFFFFFFFFF48
:10488000FFFFFFFFFFFFFFFFFFFFFFFFFFFFFFFF38
:10489000FFFFFFFFFFFFFFFFFFFFFFFFFFFFFFFF28
:1048A000FFFFFFFFFFFFFFFFFFFFFFFFFFFFFFFF18
:1048B000FFFFFFFFFFFFFFFFFFFFFFFFFFFFFFFF08
:1048C000FFFFFFFFFFFFFFFFFFFFFFFFFFFFFFFFF8
:1048D000FFFFFFFFFFFFFFFFFFFFFFFFFFFFFFFFE8
:1048E000FFFFFFFFFFFFFFFFFFFFFFFFFFFFFFFFD8
:1048F000FFFFFFFFFFFFFFFFFFFFFFFFFFFFFFFFC8
:10490000FFFFFFFFFFFFFFFFFFFFFFFFFFFFFFFFB7
:10491000FFFFFFFFFFFFFFFFFFFFFFFFFFFFFFFFA7
:10492000FFFFFFFFFFFFFFFFFFFFFFFFFFFFFFFF97
:10493000FFFFFFFFFFFFFFFFFFFFFFFFFFFFFFFF87
:10494000FFFFFFFFFFFFFFFFFFFFFFFFFFFFFFFF77
:10495000FFFFFFFFFFFFFFFFFFFFFFFFFFFFFFFF67
:10496000FFFFFFFFFFFFFFFFFFFFFFFFFFFFFFFF57
:10497000FFFFFFFFFFFFFFFFFFFFFFFFFFFFFFFF47
:10498000FFFFFFFFFFFFFFFFFFFFFFFFFFFFFFFF37
:10499000FFFFFFFFFFFFFFFFFFFFFFFFFFFFFFFF27
:1049A000FFFFFFFFFFFFFFFFFFFFFFFFFFFFFFFF17
:1049B000FFFFFFFFFFFFFFFFFFFFFFFFFFFFFFFF07
:1049C000FFFFFFFFFFFFFFFFFFFFFFFFFFFFFFFFF7
:1049D000FFFFFFFFFFFFFFFFFFFFFFFFFFFFFFFFE7
:1049E000FFFFFFFFFFFFFFFFFFFFFFFFFFFFFFFFD7
:1049F000FFFFFFFFFFFFFFFFFFFFFFFFFFFFFFFFC7
:104A0000FFFFFFFFFFFFFFFFFFFFFFFFFFFFFFFFB6
:104A1000FFFFFFFFFFFFFFFFFFFFFFFFFFFFFFFFA6
:104A2000FFFFFFFFFFFFFFFFFFFFFFFFFFFFFFFF96
:104A3000FFFFFFFFFFFFFFFFFFFFFFFFFFFFFFFF86
:104A4000FFFFFFFFFFFFFFFFFFFFFFFFFFFFFFFF76
:104A5000FFFFFFFFFFFFFFFFFFFFFFFFFFFFFFFF66
:104A6000FFFFFFFFFFFFFFDFFFFFFFFFFFFFFFFF76
:104A7000FFFFFFFFFFFFFFFFFFFFFFFFFFFFFFFF46
:104A8000FFFFFFFFFFFFFFFFFFFFFFFFFFFFFFFF36
:104A9000FFFFFFFFFFFFFFFFFFFFFFFFFFFFFFFF26
:104AA000FFFFFFFFFFFFFFFFFFFFFFFFFFFFFFFF16
:104AB000FFFFFFFFFFFFFFFFFFFFFFFFFFFFFFFF06
:104AC000FFFFFFFFFFFFFFFFFFFFFFFFFFFFFFFFF6
:104AD000FFFFFFFFFFFFFFFFFFFFFFFFFFFFFFFFE6
:104AE000FFFFFFFFFFFFFFFFFFFFFFFFFFFFFFFFD6
:104AF000FFFFFFFFFFFFFFFFFFFFFFFFFFFFFFFFC6
:104B0000FFFFFFFFFFFFFFFFFFFFFFFFFFFFFFFFB5
:104B1000FFFFFFFFFFFFFFFFFFFFFFFFFFFFFFFFA5
:104B2000FFFFFFFFFFFFFFFFFFFFFFFFFFFFFFFF95
:104B3000FFFFFFFFFFFFFFFFFFFFFFFFFFFFFFFF85
:104B4000FFFFFFFFFFFFFFFFFFFFFFFFFFFFFFFF75
:104B5000FFFFFFFFFFFFFFFF940393032D03DE0220
:104B6000A8027D02590239021C020202EA01D401A4
:104B7000C001AC019B018A017A016B015D0150010A
:104B8000440138012D01220118010F010601FE0028
:104B9000F600EF00E800E100DB00D500D000CB001C
:104BA000C600C200BE00BA00B700B400B100AF003A
:104BB000AD00AB00A900A800A700A600A500A500B5
:104BC000A500A500A500A600A700A800A900AA00AE
:104BD000AC009D030B03CC029C0274025202330210
:104BE0001702FE01E701D101BD01AA019801870169
:104BF000780169015B014E01410135012A011F0164
:104C000015010C010301FA00F200EB00E400DD00E5
:104C1000D700D100CB00C600C100BD00B900B5006F
:104C2000B100AE00AB00A800A600A400A200A10045
:104C30009F009E009E009D009D009D009D009D0088
:104C40009E009F00A000A100A300A400F202BC02ED
:104C500091026C024B022E021302FA01E301CE0113
:104C6000BA01A701960185017501670159014B0140
:104C70003F01330128011D01130109010001F70063
:104C8000EF00E700E000D900D300CD00C700C2006C
:104C9000BD00B800B400B000AC00A800A500A3009F
:104CA000A0009E009C009A00990097009600960034
:104CB0009500950095009500960096009700980045
:104CC00099009B009D00AF02870265024502290200
:104CD0000F02F701E001CB01B801A50194018301A6
:104CE0007401650157014A013D01310125011B0194
:104CF00010010701FD00F500EC00E400DD00D60026
:104D0000CF00C900C300BE00B800B300AF00AB00C5
:104D1000A700A300A0009D009A00980096009400B0
:104D2000920091008F008F008E008D008D008D000D
:104D30008D008E008F0090009100920093009500EE
:104D40007F025E02400225020B02F401DE01C9016E
:104D5000B601A3019201820172016301550148016C
:104D60003B012F01240119010E010401FB00F20097
:104D7000EA00E200DA00D300CC00C600BF00BA00AF
:104D8000B400AF00AB00A600A2009E009B009800FC
:104D90009500920090008E008C008A0089008800A7
:104DA00087008600860086008600860086008700D1
:104DB000880089008A008C008E0058023B02200285
:104DC0000802F101DB01C701B401A20190018001D9
:104DD00071016201540146013A012E0122011701BD
:104DE0000D010301F900F000E700DF00D700D0005B
:104DF000C900C200BC00B600B100AB00A600A20012
:104E00009E009A00960093008F008D008A00880013
:104E1000860084008200810080007F007F007E0089
:104E20007E007E007E007F00800081008200830083
:104E30008500860036021D020502EE01D901C5017A
:104E4000B201A0018F017F016F0161015301450192
:104E500039012C01210116010B010101F700EE00BF
:104E6000E500DD00D500CD00C600BF00B900B300ED
:104E7000AD00A800A3009E009900950091008E004F
:104E80008A0087008500820080007E007C007B0015
:104E90007900780078007700770077007700770056
:104EA0007800780079007B007C007D007F0019028B
:104EB0000202EC01D701C301B1019F018E017E0105
:104EC0006E0160015201440137012B0120011401E0
:104ED0000A01FF00F600EC00E300DB00D300CB008A
:104EE000C400BD00B600B000AA00A4009F009A0054
:104EF000960091008D0089008600830080007D006F
:104F00007B007800760075007300720071007000FD
:104F1000700070006F00700070007000710072000F
:104F20007300750076007800FF01EA01D501C20127
:104F3000B0019E018D017D016E015F0151014401AF
:104F400037012A011F0113010801FE00F400EB00E4
:104F5000E200D900D100C900C200BA00B400AD001F
:104F6000A700A1009C00970092008D008900850099
:104F700081007E007B0078007500730071006F0077
:104F80006D006C006B006A006900690068006800D1
:104F90006800690069006A006B006C006E006F00B9
:104FA0007100E801D401C101AE019D018C017C01B9
:104FB0006D015E015001430136012A011E011201FB
:104FC0000801FD00F300EA00E000D800CF00C700B0
:104FD000C000B800B100AB00A4009F00990094008D
:104FE0008F008A00850081007D007A0076007300C2
:104FF00070006E006C006900680066006500640067
:105000006300620061006100610061006200620093
:10501000630064006500670068006A00D201C00197
:10502000AD019C018C017C016D015E0150014301C9
:10503000360129011D0112010701FC00F200E900FF
:10504000DF00D600CE00C600BE00B600AF00A9004B
:10505000A2009C00960091008B00860082007D00DB
:105060007900760072006F006C00690066006400D1
:10507000620060005F005D005C005C005B005A0045
:105080005A005A005A005B005B005C005D005F0044
:10509000600062006300BE01AD019C018B017B01D9
:1050A0006C015E0150014201350129011D01110110
:1050B0000601FC00F200E800DE00D500CD00C400CF
:1050C000BC00B500AD00A700A0009A0094008E00BF
:1050D000890083007F007A00760072006E006B000A
:1050E0006700640062005F005D005B0059005800CB
:1050F000560055005500540053005300530054000F
:105100005400550055005600580059005B005D00E2
:10511000AC019B018B017B016C015E0150014201DE
:10512000350129011D0111010601FB00F100E70015
:10513000DE00D400CC00C300BB00B300AC00A5006F
:105140009E00980091008B00860081007C00770013
:1051500072006E006A006700630060005D005B0023
:10516000580056005400520051004F004E004E00AF
:105170004D004D004C004C004D004D004E004F00C6
:10518000500051005200540056009B018B017B01DE
:105190006C015E0150014201350129011D0111011F
:1051A0000601FB00F100E700DD00D400CB00C200E7
:1051B000BA00B200AA00A3009C0096008F008900EC
:1051C00083007E00790074006F006B00670063004D
:1051D0005F005C0059005600530051004F004D0025
:1051E0004B004A0049004800470046004600460080
:1051F0004600460046004700480049004A004C006F
:105200004D004F008B017B016C015E01500142019A
:10521000350129011D0111010601FB00F000E60026
:10522000DD00D300CA00C100B900B100A900A2008E
:105230009B0094008D00870081007C007600710047
:105240006C006800640060005C005800550052006B
:105250004F004C004A004800460044004300420012
:10526000410040003F003F003F003F003F00400042
:1052700040004100420044004500470049007B01D6
:105280006C015E0150014301360129011D0111012C
:105290000601FB00F000E600DC00D300CA00C100FC
:1052A000B800B000A800A100990093008C00850010
:1052B0007F007A0074006F006A00650061005C0086
:1052C0005800550051004E004B0048004600430076
:1052D00041003F003E003C003B003A0039003900ED
:1052E000380038003800390039003A003B003C00F3
:1052F0003D003F00400042006D015E01510143014D
:1053000036012A011D0112010601FB00F100E60031
:10531000DC00D300C900C000B800B000A800A000A5
:10532000980091008A0084007E00780072006D0071
:10533000670062005E005900550051004E004A00AF
:105340004700440041003F003C003A00390037006C
:1053500036003400330033003200320032003200B5
:1053600032003300330034003500370038003A0093
:105370003C005F015101440137012A011E01120165
:105380000701FC00F100E700DC00D300C900C00009
:10539000B800AF00A7009F0098009000890083002C
:1053A0007C00760070006A00650060005B005700BA
:1053B00052004E004A004700430040003D003A00C2
:1053C000380036003400320030002F002E002D004F
:1053D0002C002C002B002B002B002C002C002D006F
:1053E0002E002F00300031003300350052014401FF
:1053F00037012B011F0113010701FC00F100E70039
:10540000DD00D300C900C000B700AF00A7009F00B7
:1054100097008F00880081007B0074006E00690097
:1054200063005E00590054004F004B0047004300EA
:1054300040003C0039003600340031002F002D00C0
:105440002B002A0028002700260026002500250022
:1054500025002500250026002600270028002A0018
:105460002B002D002F00450138012C011F011301D5
:105470000801FD00F200E700DD00D300CA00C00013
:10548000B700AF00A6009E0096008F008700800046
:105490007A0073006D00670061005C0057005200E5
:1054A0004D004800440040003C0039003600330005
:1054B00030002D002B0028002600250023002200AC
:1054C000210020001F001F001E001E001E001F00E4
:1054D0001F002000210022002300250026002800B4
:1054E00039012C01200114010901FE00F300E8003C
:1054F000DE00D400CA00C100B800AF00A6009E00C4
:1055000096008E0087008000790072006C006600B3
:1055100060005A00550050004B00460042003D001C
:105520003900360032002F002C002900260024000C
:10553000220020001E001D001B001A001900190087
:1055400018001800180018001800190019001A0097
:105550001B001D001E00200022002D01210115014D
:105560000A01FE00F300E900DE00D400CB00C10018
:10557000B800AF00A6009E0096008E0086007F0057
:10558000780071006B0064005E00590053004E000B
:10559000490044003F003B00370033002F002C003F
:1055A00028002500220020001E001B001900180002
:1055B0001600150014001300120012001100110053
:1055C000110012001200130014001500160018003C
:1055D00019001B00220116010B01FF00F400EA0074
:1055E000DF00D500CB00C200B800AF00A7009E00CE
:1055F00096008E0086007F00770071006A006300CD
:105600005D00570051004C00470042003D0038004B
:10561000340030002C002800250022001F001C0050
:105620001900170015001300110010000E000D00E6
:105630000C000C000B000B000B000B000B000C000F
:105640000D000E000F0010001100130015001701CF
:105650000C010001F500EB00E000D600CC00C20018
:10566000B900B000A7009E0096008E0086007E0064
:1056700077007000690063005C00560050004A002B
:10568000450040003B00360032002D002900250077
:1056900022001E001B0018001500130011000E0050
:1056A0000D000B00090008000700060005000500BA
:1056B00005000500050005000600060007000800BB
:1056C0000A000B000D000F000D010201F600EC00B6
:1056D000E100D700CD00C300BA00B000A7009F00D2
:1056E00096008E0086007E007700700069006200E0
:1056F0005B0055004F00490044003E003900340073
:105700002F002B00270023001F001B00180015008E
:1057100012000F000D000A0008000600040003003C
:10572000020001000000FFFFFFFFFEFFFEFFFEFF83
:10573000FFFFFFFF0000010002000300050006005C
:1057400008000301F800ED00E200D800CE00C4001C
:10575000BA00B100A8009F0097008E0086007E006E
:1057600077006F00680061005B0054004E00480045
:1057700042003D00370032002D00290024002000A7
:105780001C001800150011000E000B000900060097
:10579000040002000000FEFFFDFFFBFFFAFFF9FF1F
:1057A000F9FFF8FFF8FFF8FFF8FFF8FFF9FFFAFF3D
:1057B000FAFFFCFFFDFFFEFF00000200F900EE0013
:1057C000E300D900CF00C500BB00B200A900A000D3
:1057D00097008F0087007F0077006F0068006100EE
:1057E0005A0054004D00470041003B003600310094
:1057F0002C00270022001E001A00160012000E00C6
:105800000B000800050002000000FDFFFBFFF9FF90
:10581000F8FFF6FFF5FFF4FFF3FFF2FFF2FFF2FFF0
:10582000F2FFF2FFF2FFF2FFF3FFF4FFF5FFF6FFE6
:10583000F8FFFAFFFCFFEF00E500DA00D000C60039
:10584000BC00B300AA00A10098008F0087007F0071
:1058500077006F00680061005A0053004D00460059
:1058600040003A0035002F002A00250020001C00CF
:10587000170013000F000C00080005000200FFFFD6
:10588000FCFFF9FFF7FFF5FFF3FFF1FFF0FFEFFF7C
:10589000EEFFEDFFECFFECFFEBFFEBFFEBFFECFFB0
:1058A000ECFFEDFFEEFFEFFFF0FFF2FFF3FFF5FF80
:1058B000E600DC00D100C700BE00B400AB00A200CF
:1058C0009900900088007F007800700068006100F7
:1058D0005A0053004C0046004000390034002E00AE
:1058E000290024001F001A00150011000D000900F6
:1058F00005000200FEFFFBFFF8FFF6FFF3FFF1FFDC
:10590000EFFFEDFFEBFFEAFFE8FFE7FFE6FFE6FF53
:10591000E5FFE5FFE5FFE5FFE5FFE6FFE6FFE7FF63
:10592000E8FFEAFFEBFFEDFFEFFFDD00D300C9006A
:10593000BF00B500AC00A3009A0091008800800071
:1059400078007000680061005A0053004C00450068
:105950003F00390033002D00270022001D001800F1
:1059600013000F000A0006000200FFFFFBFFF8FF14
:10597000F5FFF2FFEFFFEDFFEAFFE8FFE7FFE5FFCE
:10598000E3FFE2FFE1FFE0FFDFFFDFFFDFFFDEFF1E
:10599000DFFFDFFFDFFFE0FFE1FFE2FFE3FFE5FF07
:1059A000E7FFE8FFD400CA00C000B700AD00A400C4
:1059B0009B009200890081007900710069006100FC
:1059C0005A0053004C0045003F00380032002C00C4
:1059D000260021001C00160012000D000800040023
:1059E0000000FCFFF8FFF5FFF2FFEFFFECFFE9FF1F
:1059F000E6FFE4FFE2FFE0FFDFFFDDFFDCFFDBFFB0
:105A0000DAFFD9FFD9FFD8FFD8FFD8FFD9FFD9FFD8
:105A1000DAFFDBFFDCFFDDFFDEFFE0FFE2FFCC00B3
:105A2000C200B800AE00A5009C0093008A0082006E
:105A300079007100690062005A0053004C00450073
:105A40003E00380031002B00260020001A0015000F
:105A500010000B0006000200FEFFFAFFF6FFF2FF47
:105A6000EFFFEBFFE8FFE5FFE3FFE0FFDEFFDCFF1A
:105A7000DAFFD8FFD7FFD5FFD4FFD3FFD3FFD2FF84
:105A8000D2FFD2FFD2FFD2FFD3FFD3FFD4FFD5FF87
:105A9000D7FFD8FFDAFFDCFFC300BA00B000A600D2
:105AA0009D0094008B0083007A0072006A006200FF
:105AB0005B0053004C0045003E00380031002B00D5
:105AC00025001F00190014000F000A000500000047
:105AD000FCFFF7FFF3FFEFFFECFFE8FFE5FFE2FF5E
:105AE000DFFFDCFFDAFFD8FFD6FFD4FFD2FFD0FF05
:105AF000CFFFCEFFCDFFCCFFCCFFCCFFCBFFCBFF4A
:105B0000CCFFCCFFCDFFCEFFCFFFD0FFD2FFD3FF26
:105B1000D5FFBB00B100A8009F0096008D00840057
:105B20007B0073006B0063005B0054004C00450079
:105B30003E00370031002A0024001E001900130027
:105B40000D0008000300FEFFFAFFF5FFF1FFEDFF77
:105B5000E9FFE6FFE2FFDFFFDCFFD9FFD6FFD4FF5E
:105B6000D1FFCFFFCDFFCCFFCAFFC9FFC8FFC7FFE2
:105B7000C6FFC5FFC5FFC5FFC5FFC5FFC6FFC6FF02
:105B8000C7FFC8FFCAFFCBFFCDFFCFFFB300A900FF
:105B9000A00097008E0085007D0074006C006400FA
:105BA0005C0054004D0046003E00380031002A00E1
:105BB00024001E00180012000C0007000200FDFF68
:105BC000F8FFF3FFEFFFEBFFE7FFE3FFDFFFDCFF93
:105BD000D8FFD5FFD3FFD0FFCDFFCBFFC9FFC7FF55
:105BE000C5FFC4FFC2FFC1FFC0FFC0FFBFFFBFFFB3
:105BF000BFFFBFFFBFFFBFFFC0FFC1FFC2FFC3FFAB
:105C0000C5FFC6FFC8FFAB00A20098008F00870049
:105C10007E0075006D0065005D0055004D0046007A
:105C20003F00380031002A0024001D001700110039
:105C30000C0006000100FCFFF7FFF2FFEDFFE9FF9B
:105C4000E5FFE0FFDDFFD9FFD5FFD2FFCFFFCCFF9F
:105C5000CAFFC7FFC5FFC3FFC1FFBFFFBDFFBCFF3A
:105C6000BBFFBAFFB9FFB9FFB8FFB8FFB8FFB8FF75
:105C7000B9FFB9FFBAFFBBFFBDFFBEFFC0FFC2FF48
:105C8000A3009A00910088007F0077006E006600F4
:105C90005E0056004E0047003F00380031002A00E9
:105CA00024001D00170011000B0005000000FAFF82
:105CB000F5FFF0FFEBFFE7FFE2FFDEFFDAFFD6FFC5
:105CC000D3FFCFFFCCFFC9FFC6FFC3FFC1FFBEFF9D
:105CD000BCFFBAFFB9FFB7FFB6FFB4FFB3FFB3FF16
:105CE000B2FFB2FFB2FFB2FFB2FFB2FFB3FFB4FF29
:105CF000B5FFB6FFB7FFB9FFBBFF9C0093008A005A
:105D0000810078006F0067005F0057004F00470078
:105D10004000390031002B0024001D001700110045
:105D20000A000500FFFFF9FFF4FFEFFFEAFFE5FFC0
:105D3000E1FFDCFFD8FFD4FFD0FFCCFFC9FFC6FFD7
:105D4000C3FFC0FFBDFFBAFFB8FFB6FFB4FFB2FF8D
:105D5000B1FFAFFFAEFFADFFACFFACFFABFFABFFE2
:105D6000ABFFABFFACFFACFFADFFAEFFAFFFB1FFD2
:105D7000B3FFB4FF94008B008200790071006800CB
:105D800060005800500048004100390032002B00EC
:105D900024001D00170010000A000400FEFFF9FF98
:105DA000F3FFEEFFE9FFE4FFDFFFDAFFD6FFD2FFEC
:105DB000CEFFCAFFC6FFC3FFBFFFBCFFB9FFB7FFDF
:105DC000B4FFB2FFAFFFAEFFACFFAAFFA9FFA8FF71
:105DD000A7FFA6FFA5FFA5FFA5FFA5FFA5FFA5FFA0
:105DE000A6FFA7FFA8FFA9FFAAFFACFFAEFF8D008B
:105DF00084007B0072006A00610059005100490074
:105E000042003A0033002B0024001D001700100050
:105E10000A000400FEFFF8FFF2FFEDFFE7FFE2FFDC
:105E2000DDFFD9FFD4FFD0FFCBFFC7FFC3FFC0FF0B
:105E3000BCFFB9FFB6FFB3FFB0FFAEFFABFFA9FFDA
:105E4000A7FFA5FFA4FFA2FFA1FFA0FF9FFF9FFF49
:105E50009EFF9EFF9EFF9EFF9EFF9FFFA0FFA1FF54
:105E6000A2FFA3FFA5FFA7FF86007D0074006B00C3
:105E700063005B0052004A0043003B0033002C00EB
:105E800025001E00170010000A000400FDFFF7FFA8
:105E9000F2FFECFFE6FFE1FFDCFFD7FFD2FFCEFF12
:105EA000C9FFC5FFC1FFBDFFB9FFB6FFB3FFB0FF1C
:105EB000ADFFAAFFA7FFA5FFA3FFA1FF9FFF9DFFC7
:105EC0009CFF9AFF99FF99FF98FF97FF97FF97FF15
:105ED00097FF98FF98FF99FF9AFF9BFF9DFF9EFFFA
:105EE000A0FF7E0076006D0064005C0054004C0052
:105EF00044003C0034002D0026001E001700110055
:105F00000A000300FDFFF7FFF1FFEBFFE6FFE0FFF4
:105F1000DBFFD6FFD1FFCCFFC7FFC3FFBFFFBBFF37
:105F2000B7FFB3FFB0FFACFFA9FFA6FFA3FFA1FF20
:105F30009EFF9CFF9AFF98FF97FF95FF94FF93FFAA
:105F400092FF91FF91FF91FF90FF91FF91FF91FFD1
:105F500092FF93FF94FF96FF97FF99FF77006F00E2
:105F600066005D0055004D0045003D0035002E00E7
:105F700026001F00180011000A000400FDFFF7FFB3
:105F8000F1FFEBFFE5FFDFFFDAFFD5FFCFFFCBFF30
:105F9000C6FFC1FFBDFFB8FFB4FFB1FFADFFA9FF52
:105FA000A6FFA3FFA0FF9DFF9AFF98FF96FF94FF17
:105FB00092FF90FF8FFF8DFF8CFF8BFF8BFF8AFF7F
:105FC0008AFF8AFF8AFF8AFF8BFF8BFF8CFF8DFF82
:105FD0008FFF90FF92FF700068005F0057004E0037
:105FE00046003E0036002F00270020001900120056
:105FF0000B000400FDFFF7FFF1FFEAFFE4FFDFFF06
:10600000D9FFD4FFCEFFC9FFC4FFBFFFBBFFB6FF60
:10601000B2FFAEFFAAFFA6FFA3FF9FFF9CFF99FF61
:1060200096FF94FF91FF8FFF8DFF8BFF89FF88FF05
:1060300087FF85FF84FF84FF83FF83FF83FF83FF48
:1060400083FF84FF84FF85FF86FF88FF89FF8BFF26
:1060500069006100580050004800400038003000DE
:1060600028002100190012000B000400FDFFF7FFBB
:10607000F0FFEAFFE4FFDEFFD8FFD3FFCDFFC8FF4C
:10608000C3FFBEFFB9FFB5FFB0FFACFFA8FFA4FF81
:10609000A0FF9CFF99FF96FF93FF90FF8DFF8BFF62
:1060A00088FF86FF84FF83FF81FF80FF7FFF7EFFE5
:1060B0007DFF7CFF7CFF7CFF7CFF7CFF7DFF7DFF05
:1060C0007EFF7FFF81FF82FF84FF63005A00520042
:1060D0004900410039003100290022001A00130054
:1060E0000C000500FEFFF7FFF1FFEAFFE4FFDEFF13
:1060F000D8FFD2FFCCFFC7FFC2FFBDFFB8FFB3FF81
:10610000AEFFAAFFA5FFA1FF9DFF9AFF96FF92FF9A
:106110008FFF8CFF89FF87FF84FF82FF80FF7EFF58
:106120007CFF7AFF79FF78FF77FF76FF75FF75FFB9
:1061300075FF75FF75FF76FF76FF77FF78FF79FFB4
:106140007BFF7DFF5C0053004B0043003A003200B0
:106150002B0023001B0014000D000500FEFFF8FFBC
:10616000F1FFEAFFE4FFDEFFD7FFD2FFCCFFC6FF5F
:10617000C1FFBBFFB6FFB1FFACFFA8FFA3FF9FFFAE
:106180009BFF97FF93FF8FFF8CFF89FF86FF83FFA5
:1061900080FF7DFF7BFF79FF77FF75FF73FF72FF45
:1061A00071FF70FF6FFF6EFF6EFF6EFF6EFF6EFF81
:1061B0006EFF6FFF70FF71FF72FF74FF75FF550078
:1061C0004D0044003C0034002C0024001C0015004D
:1061D0000D000600FFFFF8FFF1FFEAFFE4FFDEFF1E
:1061E000D7FFD1FFCBFFC5FFC0FFBAFFB5FFB0FFA0
:1061F000ABFFA6FFA1FF9DFF98FF94FF90FF8CFFD0
:1062000089FF85FF82FF7FFF7CFF79FF77FF74FFA7
:1062100072FF70FF6EFF6CFF6BFF6AFF69FF68FF24
:1062200067FF67FF67FF66FF67FF67FF68FF68FF3D
:1062300069FF6BFF6CFF6EFF4E0046003E003500AD
:106240002D0025001E0016000E0007000000F9FFBB
:10625000F2FFEBFFE4FFDEFFD7FFD1FFCBFFC5FF6F
:10626000BFFFB9FFB4FFAFFFA9FFA4FFA0FF9BFFD3
:1062700096FF92FF8EFF8AFF86FF82FF7FFF7BFFE4
:1062800078FF75FF72FF70FF6DFF6BFF69FF67FF9F
:1062900065FF64FF63FF62FF61FF60FF60FF5FFFF8
:1062A0005FFF5FFF60FF60FF61FF62FF63FF65FFED
:1062B00066FF48003F0037002F0027001F0017002F
:1062C000100008000100F9FFF2FFEBFFE5FFDEFF21
:1062D000D7FFD1FFCBFFC5FFBFFFB9FFB3FFAEFFB5
:1062E000A8FFA3FF9EFF99FF94FF90FF8BFF87FFFE
:1062F00083FF7FFF7CFF78FF75FF71FF6EFF6CFFF0
:1063000069FF66FF64FF62FF60FF5EFF5DFF5CFF89
:106310005AFF59FF59FF58FF58FF58FF58FF58FFC1
:1063200059FF59FF5AFF5CFF5DFF5FFF41003900D5
:106330003100290021001900110009000200FAFFB4
:10634000F3FFECFFE5FFDEFFD8FFD1FFCBFFC4FF7B
:10635000BEFFB8FFB2FFADFFA7FFA2FF9DFF98FFF2
:1063600093FF8EFF89FF85FF81FF7DFF79FF75FF1A
:1063700071FF6EFF6BFF68FF65FF62FF5FFF5DFFF0
:106380005BFF59FF57FF56FF54FF53FF52FF51FF6A
:1063900051FF50FF50FF50FF51FF51FF52FF53FF7D
:1063A00054FF55FF57FF3B0032002A0022001A001D
:1063B00012000A000300FBFFF4FFEDFFE6FFDFFF22
:1063C000D8FFD1FFCBFFC4FFBEFFB8FFB2FFACFFC9
:1063D000A6FFA1FF9BFF96FF91FF8CFF87FF83FF26
:1063E0007EFF7AFF76FF72FF6EFF6AFF67FF64FF32
:1063F00061FF5EFF5BFF58FF56FF54FF52FF50FFE7
:106400004EFF4DFF4CFF4BFF4AFF49FF49FF49FF3D
:1064100049FF49FF49FF4AFF4BFF4CFF4DFF4FFF2C
:1064200034002C0024001C0014000C000400FDFFAC
:10643000F5FFEEFFE6FFDFFFD8FFD2FFCBFFC4FF83
:10644000BEFFB8FFB1FFABFFA6FFA0FF9AFF95FF0D
:1064500090FF8AFF85FF81FF7CFF78FF73FF6FFF4E
:106460006BFF67FF64FF60FF5DFF5AFF57FF54FF3C
:1064700051FF4FFF4CFF4AFF49FF47FF45FF44FFD5
:1064800043FF42FF42FF41FF41FF41FF41FF41FF08
:1064900042FF43FF44FF45FF47FF2E0026001D003B
:1064A00015000D000500FEFFF6FFEFFFE7FFE0FF20
:1064B000D9FFD2FFCBFFC4FFBEFFB7FFB1FFABFFD9
:1064C000A5FF9FFF99FF94FF8EFF89FF84FF7FFF49
:1064D0007AFF75FF71FF6CFF68FF64FF60FF5DFF6F
:1064E00059FF56FF52FF4FFF4DFF4AFF47FF45FF41
:1064F00043FF41FF3FFF3EFF3DFF3BFF3AFF3AFFB7
:1065000039FF39FF39FF39FF39FF3AFF3BFF3CFFC5
:106510003DFF3FFF27001F0017000F000700FFFF90
:10652000F7FFF0FFE8FFE1FFDAFFD3FFCCFFC5FF85
:10653000BEFFB8FFB1FFABFFA5FF9EFF99FF93FF22
:106540008DFF88FF82FF7DFF78FF73FF6FFF6AFF7B
:1065500066FF61FF5DFF59FF55FF52FF4EFF4BFF86
:1065600048FF45FF43FF40FF3EFF3BFF3AFF38FF38
:1065700036FF35FF34FF33FF32FF31FF31FF31FF8C
:1065800031FF31FF32FF33FF34FF35FF36FF21008B
:106590001900110009000100F9FFF1FFE9FFE2FF16
:1065A000DBFFD3FFCCFFC5FFBEFFB8FFB1FFABFFE2
:1065B000A4FF9EFF98FF92FF8CFF87FF81FF7CFF67
:1065C00076FF71FF6CFF68FF63FF5FFF5AFF56FFA6
:1065D00052FF4EFF4BFF47FF44FF41FF3EFF3BFF93
:1065E00038FF36FF34FF32FF30FF2EFF2DFF2CFF28
:1065F0002BFF2AFF29FF29FF29FF29FF29FF2AFF57
:106600002AFF2BFF2CFF2EFF1B0012000A000200A6
:10661000FAFFF2FFEBFFE3FFDCFFD4FFCDFFC6FF85
:10662000BFFFB8FFB1FFABFFA4FF9EFF97FF91FF35
:106630008BFF86FF80FF7AFF75FF70FF6BFF66FFA1
:1066400061FF5CFF58FF53FF4FFF4BFF47FF43FFC6
:1066500040FF3DFF39FF36FF34FF31FF2EFF2CFF97
:106660002AFF28FF26FF25FF24FF23FF22FF21FF0B
:1066700021FF20FF20FF21FF21FF22FF23FF24FF16
:1066800025FF14000C000400FCFFF4FFECFFE4FF06
:10669000DDFFD5FFCEFFC7FFBFFFB8FFB2FFABFFE7
:1066A000A4FF9EFF97FF91FF8BFF85FF7FFF79FF80
:1066B00074FF6EFF69FF64FF5FFF5AFF55FF50FFD5
:1066C0004CFF48FF44FF40FF3CFF38FF35FF32FFDF
:1066D0002FFF2CFF29FF27FF24FF22FF20FF1EFF93
:1066E0001DFF1BFF1AFF19FF19FF18FF18FF18FFE6
:1066F00018FF18FF19FF1AFF1BFF1CFF0E000600F2
:10670000FEFFF5FFEEFFE6FFDEFFD6FFCFFFC7FF80
:10671000C0FFB9FFB2FFABFFA4FF9EFF97FF91FF41
:106720008AFF84FF7EFF78FF72FF6DFF67FF62FFC5
:106730005DFF58FF53FF4EFF49FF45FF41FF3CFF00
:1067400038FF35FF31FF2DFF2AFF27FF24FF21FFF0
:106750001FFF1CFF1AFF18FF16FF15FF13FF12FF84
:1067600011FF10FF10FF0FFF0FFF0FFF0FFF10FFB4
:1067700011FF12FF13FF0800FFFFF7FFEFFFE7FF16
:10678000DFFFD8FFD0FFC8FFC1FFBAFFB3FFACFFE8
:10679000A5FF9EFF97FF90FF8AFF84FF7DFF77FF95
:1067A00071FF6CFF66FF60FF5BFF56FF51FF4CFF00
:1067B00047FF42FF3EFF39FF35FF31FF2DFF29FF25
:1067C00026FF22FF1FFF1CFF19FF17FF14FF12FFF8
:1067D00010FF0EFF0CFF0BFF09FF08FF07FF07FF6D
:1067E00006FF06FF06FF06FF07FF08FF09FF0AFF77
:1067F0000100F9FFF1FFE9FFE1FFD9FFD1FFCAFF77
:10680000C2FFBBFFB3FFACFFA5FF9EFF97FF90FF4A
:106810008AFF83FF7DFF77FF70FF6AFF65FF5FFFE1
:1068200059FF54FF4FFF49FF44FF3FFF3BFF36FF37
:1068300032FF2DFF29FF25FF22FF1EFF1AFF17FF42
:1068400014FF11FF0EFF0CFF09FF07FF05FF04FFF8
:1068500002FF01FFFFFEFFFEFEFEFDFEFDFEFDFE50
:10686000FDFEFEFEFEFEFFFE01FF69FE77FE85FED9
:1068700092FEA0FEADFEBBFEC8FED6FEE3FEF1FE1C
:10688000FEFE0CFF19FF27FF35FF42FF50FF5EFFA2
:106890006CFF7AFF88FF97FFA5FFB3FFC2FFD1FF10
:1068A000E0FFEFFFFEFF0D001D002C003C004C0040
:1068B0005D006D007E008F00A000B200C400D60015
:1068C000E800FB000E01220136014A015F0174015C
:1068D0008A01A001B701CE01E701FF0119023302CD
:1068E0004E026A0270FE7DFE8BFE98FEA5FEB2FE91
:1068F000C0FECDFEDAFEE7FEF5FE02FF0FFF1DFF34
:106900002AFF37FF45FF53FF60FF6EFF7CFF8AFFC2
:1069100098FFA6FFB4FFC3FFD1FFE0FFEEFFFDFF2E
:106920000D001C002B003B004B005B006B007C004B
:106930008D009E00AF00C100D300E500F8000B0100
:106940001F01320147015B01700186019C01B30107
:10695000CB01E301FB0115022F024A02660277FE1A
:1069600084FE91FE9EFEABFEB8FEC5FED2FEDFFEAB
:10697000ECFEF9FE06FF13FF20FF2DFF3AFF48FF54
:1069800055FF62FF70FF7DFF8BFF99FFA7FFB5FFEB
:10699000C3FFD1FFE0FFEEFFFDFF0C001B002A004C
:1069A0003A004A005A006A007A008B009C00AD0051
:1069B000BE00D000E200F50008011B012F014301D9
:1069C00058016D0182019801AF01C601DE01F70196
:1069D00011022B02460263027EFE8AFE97FEA4FE8F
:1069E000B1FEBDFECAFED7FEE3FEF0FEFDFE0AFFCD
:1069F00016FF23FF30FF3DFF4AFF57FF65FF72FF81
:106A00007FFF8DFF9AFFA8FFB6FFC4FFD2FFE0FF14
:106A1000EEFFFDFF0B001A00290039004800580066
:106A20006800780089009900AA00BC00CD00DF0052
:106A3000F200040118012B013F01540169017E019C
:106A40009401AB01C201DA01F3010D0227024202F7
:106A50005F0285FE91FE9EFEAAFEB7FEC3FECFFE3C
:106A6000DCFEE8FEF5FE01FF0EFF1AFF27FF33FFF5
:106A700040FF4DFF5AFF67FF74FF81FF8EFF9BFFB2
:106A8000A9FFB6FFC4FFD2FFE0FFEEFFFCFF0B0043
:106A90001A0028003800470056006600760086007D
:106AA0009700A800B900CA00DC00EE000101140143
:106AB00027013B01500165017A019001A701BE0148
:106AC000D601EF01080223023E025A028CFE98FE14
:106AD000A4FEB1FEBDFEC9FED5FEE1FEEDFEF9FE4F
:106AE00006FF12FF1EFF2AFF37FF43FF50FF5CFF28
:106AF00069FF76FF83FF90FF9DFFAAFFB7FFC5FFE9
:106B0000D2FFE0FFEEFFFCFF0A001900270036006D
:106B1000450055006400740084009400A500B60090
:106B2000C700D900EB00FE001001240137014C0121
:106B3000600176018C01A201B901D101EA010302D1
:106B40001E023902560293FE9FFEABFEB7FEC3FE45
:106B5000CFFEDAFEE6FEF2FEFEFE0AFF16FF22FF81
:106B60002EFF3AFF46FF53FF5FFF6BFF78FF85FF65
:106B700091FF9EFFABFFB8FFC5FFD3FFE0FFEEFF25
:106B8000FCFF0A0018002600350044005300620094
:106B9000720082009200A200B300C400D600E80098
:106BA000FA000D012001330147015C0171018701E9
:106BB0009D01B501CC01E501FF0119023502510229
:106BC0009BFEA7FEB2FEBEFEC9FED5FEE0FEECFEB9
:106BD000F7FE03FF0FFF1AFF26FF32FF3EFF4AFFBB
:106BE00056FF62FF6EFF7AFF87FF93FFA0FFACFFA7
:106BF000B9FFC6FFD3FFE0FFEEFFFCFF090017005F
:106C000026003400430051006100700080008F00B6
:106C1000A000B000C100D300E400F60009011C018F
:106C20002F01430158016D0182019901B001C70193
:106C3000E001FA01140230024C02A3FEAEFEB9FEDE
:106C4000C4FED0FEDBFEE6FEF1FEFDFE08FF13FFF4
:106C50001FFF2AFF36FF41FF4DFF59FF64FF70FF02
:106C60007CFF88FF95FFA1FFADFFBAFFC7FFD4FFF0
:106C7000E1FFEEFFFBFF0900170025003300410094
:106C800050005F006E007D008D009D00AD00BE00D5
:106C9000CF00E100F200050118012B013F01530173
:106CA00068017D019401AB01C201DB01F4010F0217
:106CB0002A024702AAFEB5FEC0FECBFED6FEE1FECA
:106CC000ECFEF7FE02FF0DFF18FF23FF2EFF3AFF39
:106CD00045FF50FF5CFF67FF73FF7FFF8AFF96FF52
:106CE000A3FFAFFFBBFFC8FFD4FFE1FFEEFFFBFF39
:106CF000080016002400310040004E005D006C00CA
:106D00007B008A009A00AA00BB00CC00DD00EF00E7
:106D10000101130126013A014E01630178018F013F
:106D2000A501BD01D501EF01090225024202B2FE13
:106D3000BDFEC8FED2FEDDFEE7FEF2FEFDFE07FF51
:106D400012FF1DFF28FF33FF3EFF49FF54FF5FFF87
:106D50006AFF76FF81FF8DFF98FFA4FFB0FFBCFFA5
:106D6000C8FFD5FFE1FFEEFFFBFF08001500230081
:106D700030003E004C005B006900780088009700FE
:106D8000A700B800C800D900EB00FD000F012201E8
:106D9000350149015E0173018901A001B701D001EC
:106DA000E90104021F023C02BBFEC5FECFFED9FE74
:106DB000E4FEEEFEF8FE03FF0DFF17FF22FF2CFF9F
:106DC00037FF42FF4CFF57FF62FF6DFF78FF83FFE5
:106DD0008FFF9AFFA6FFB1FFBDFFC9FFD5FFE1FFFF
:106DE000EEFFFBFF0700140022002F003D004B00C8
:106DF00059006700760085009400A400B400C50027
:106E0000D600E700F9000B011D01310144015901D1
:106E10006E0184019A01B201CA01E301FE01190267
:106E20003602C3FECDFED7FEE1FEEBFEF4FEFEFE13
:106E300009FF13FF1DFF27FF31FF3BFF46FF50FFF8
:106E40005BFF65FF70FF7BFF86FF91FF9CFFA7FF45
:106E5000B3FFBEFFCAFFD6FFE2FFEEFFFAFF070057
:106E6000140021002E003B0049005700650074000B
:106E700082009200A100B100C100D200E300F40042
:106E8000060119012C013F01540169017E019501A0
:106E9000AC01C401DD01F80113023002CBFED5FEC6
:106EA000DEFEE8FEF2FEFBFE05FF0FFF18FF22FFED
:106EB0002CFF36FF40FF4AFF54FF5EFF69FF73FF60
:106EC0007EFF88FF93FF9EFFA9FFB4FFBFFFCBFFAC
:106ED000D6FFE2FFEEFFFAFF0600130020002D00B0
:106EE0003A00470055006300710080008F009E004B
:106EF000AD00BD00CE00DF00F0000201140127014B
:106F00003A014E01630179018F01A601BE01D7014B
:106F1000F1010D022A02D4FEDDFEE6FEEFFEF9FECF
:106F200002FF0BFF15FF1EFF28FF31FF3BFF45FF50
:106F30004EFF58FF62FF6CFF76FF80FF8BFF95FFCF
:106F4000A0FFABFFB5FFC0FFCCFFD7FFE2FFEEFF16
:106F5000FAFF060012001F002B0038004500530006
:106F600061006F007D008C009B00AA00BA00CA007F
:106F7000DA00EC00FD000F012201350149015D013D
:106F800073018901A001B801D101EB0106022302BE
:106F9000DCFEE5FEEEFEF7FE00FF09FF12FF1BFF21
:106FA00024FF2DFF36FF40FF49FF53FF5CFF66FFC4
:106FB00070FF79FF83FF8DFF98FFA2FFACFFB7FF43
:106FC000C2FFCCFFD8FFE3FFEEFFFAFF0500110080
:106FD0001E002A003700440051005E006C007A0059
:106FE00089009700A600B600C600D600E700F800AA
:106FF0000A011D013001430158016D01830199010E
:10700000B101CA01E401FF011C02E5FEEEFEF6FE3D
:10701000FFFE07FF10FF18FF21FF2AFF33FF3CFF91
:1070200045FF4EFF57FF60FF6AFF73FF7DFF86FF3E
:1070300090FF9AFFA4FFAEFFB8FFC3FFCDFFD8FFBC
:10704000E3FFEEFFFAFF050011001D0029003500E7
:1070500042004F005C006A00770085009400A300A6
:10706000B200C200D200E200F400050117012A01BB
:107070003D01520166017C019301AA01C301DD01BA
:10708000F8011502EEFEF6FEFEFE06FF0FFF17FFEB
:107090001FFF28FF30FF39FF41FF4AFF53FF5CFF0E
:1070A00064FF6DFF77FF80FF89FF93FF9CFFA6FFC2
:1070B000B0FFBAFFC4FFCEFFD9FFE3FFEEFFF9FF39
:1070C000050010001C002800340040004D005A004C
:1070D00067007500820091009F00AE00BE00CD00E9
:1070E000DE00EF0000011201240138014B016001B4
:1070F00076018C01A301BC01D601F1010D02F7FE5E
:10710000FFFE06FF0EFF16FF1EFF26FF2EFF36FFB7
:107110003EFF47FF4FFF58FF60FF69FF71FF7AFF97
:1071200083FF8CFF95FF9FFFA8FFB2FFBBFFC5FF4A
:10713000CFFFDAFFE4FFEEFFF9FF04000F001B00B2
:10714000260032003E004B005700640072007F00B2
:107150008D009C00AA00B900C900D900EA00FB001C
:107160000C011F01320145015A016F0185019C018B
:10717000B501CE01E901050200FF07FF0FFF16FF71
:107180001EFF25FF2DFF35FF3CFF44FF4CFF54FF42
:107190005CFF65FF6DFF75FF7EFF87FF8FFF98FF28
:1071A000A1FFAAFFB4FFBDFFC7FFD0FFDAFFE4FFD6
:1071B000EFFFF9FF04000F001A00250031003D0029
:1071C0004900550062006F007C008A009800A6000C
:1071D000B500C400D400E500F500070119012B013A
:1071E0003F01530168017E019501AD01C601E10136
:1071F000FD0109FF10FF17FF1EFF25FF2DFF34FFC4
:107200003BFF43FF4AFF52FF5AFF61FF69FF71FFD7
:1072100079FF82FF8AFF92FF9BFFA4FFADFFB5FFBE
:10722000BFFFC8FFD1FFDBFFE5FFEFFFF9FF030062
:107230000E00190024002F003B00470053005F00A0
:107240006C00790086009400A200B100C000CF005D
:10725000DF00F00001011301250138014C0161013B
:1072600077018D01A501BE01D901F50112FF19FFBA
:1072700020FF26FF2DFF34FF3BFF42FF49FF50FF59
:1072800058FF5FFF66FF6EFF76FF7DFF85FF8DFF76
:1072900096FF9EFFA6FFAFFFB7FFC0FFC9FFD2FF5B
:1072A000DCFFE5FFEFFFF9FF03000D0018002300EE
:1072B0002E003900440050005C0069007600830015
:1072C00090009E00AC00BB00CA00DA00EA00FB00A0
:1072D0000D011F01320145015A016F0186019D0117
:1072E000B601D001EC011CFF22FF28FF2FFF35FF64
:1072F0003CFF42FF49FF50FF56FF5DFF64FF6CFFFC
:1073000073FF7AFF82FF89FF91FF99FFA1FFA9FF19
:10731000B1FFB9FFC2FFCBFFD4FFDDFFE6FFEFFFF8
:10732000F9FF03000D00170021002C003700420078
:107330004E005A00660072007F008C009A00A80080
:10734000B700C500D500E500F500070118012B01C5
:107350003E01530168017E019501AE01C801E301C0
:1073600025FF2BFF31FF37FF3DFF43FF49FF50FF54
:1073700056FF5DFF63FF6AFF71FF78FF7FFF86FFA7
:107380008DFF94FF9CFFA4FFABFFB3FFBBFFC4FFC7
:10739000CCFFD5FFDDFFE6FFEFFFF9FF02000C0099
:1073A000160020002B00350040004B005700630002
:1073B0006F007C0089009600A400B200C000D000DD
:1073C000DF00EF0000011201240137014B016001D1
:1073D00076018D01A501BF01DA012FFF34FF3AFFCD
:1073E0003FFF45FF4BFF51FF57FF5DFF63FF69FF05
:1073F0006FFF76FF7CFF83FF8AFF91FF98FF9FFF5F
:10740000A7FFAEFFB6FFBDFFC5FFCDFFD6FFDEFF76
:10741000E7FFF0FFF9FF02000B0015001F00290035
:1074200033003E004900540060006C007800850085
:1074300092009F00AD00BB00CA00D900E900FA002D
:107440000B011D013001430158016E0184019C01B3
:10745000B501D00138FF3DFF42FF48FF4DFF52FF0D
:1074600058FF5DFF63FF69FF6FFF75FF7BFF81FFC3
:1074700088FF8EFF95FF9CFFA3FFAAFFB1FFB8FF17
:10748000C0FFC7FFCFFFD7FFDFFFE7FFF0FFF9FF28
:1074900002000B0014001E00270032003C004700D1
:1074A00052005D006800740081008D009B00A80000
:1074B000B600C500D400E300F40004011601280161
:1074C0003C01500165017B019301AC01C70142FF02
:1074D00047FF4BFF50FF55FF5AFF5FFF65FF6AFFF5
:1074E0006FFF75FF7BFF80FF86FF8CFF93FF99FF87
:1074F0009FFFA6FFADFFB3FFBAFFC2FFC9FFD0FFDA
:10750000D8FFE0FFE8FFF0FFF9FF01000A001300D9
:107510001C00260030003A0044004F005A0065006D
:1075200071007D0089009600A300B100BF00CE006D
:10753000DD00ED00FE000F012101340148015C0176
:1075400072018A01A201BD014CFF50FF54FF59FF97
:107550005DFF62FF67FF6CFF71FF76FF7BFF80FFBF
:1075600086FF8BFF91FF97FF9DFFA3FFA9FFB0FF51
:10757000B6FFBDFFC4FFCBFFD2FFD9FFE1FFE9FF9C
:10758000F0FFF9FF0100090012001B0024002E008B
:10759000380042004C00570062006D007900850001
:1075A00091009E00AC00B900C800D700E600F700CB
:1075B000070119012C013F01540169018001980163
:1075C000B20156FF59FF5DFF61FF66FF6AFF6EFF64
:1075D00073FF77FF7CFF81FF86FF8BFF90FF96FF95
:1075E0009BFFA1FFA7FFADFFB3FFB9FFBFFFC6FF22
:1075F000CDFFD3FFDBFFE2FFE9FFF1FFF9FF010061
:10760000090011001A0023002C0036003F00490039
:1076100054005E006900750080008D009900A6008E
:10762000B400C200D000E000EF000001110124010D
:1076300037014B01600176018E01A8015FFF63FFF6
:1076400066FF6AFF6EFF72FF76FF7AFF7EFF83FFA1
:1076500087FF8CFF91FF95FF9BFFA0FFA5FFABFF6E
:10766000B0FFB6FFBCFFC2FFC8FFCEFFD5FFDCFFF7
:10767000E3FFEAFFF1FFF9FF000008001000190026
:1076800021002A0033003D00460050005B006600E8
:1076900071007C0088009400A100AE00BC00CA000C
:1076A000D900E800F80009011B012E014201560132
:1076B0006C0184019D0169FF6CFF70FF73FF76FF11
:1076C0007AFF7DFF81FF85FF89FF8DFF92FF96FF87
:1076D0009BFF9FFFA4FFA9FFAEFFB4FFB9FFBFFF51
:1076E000C4FFCAFFD0FFD7FFDDFFE4FFEAFFF1FFD1
:1076F000F9FF000008000F001700200028003100EB
:107700003A0044004D00570062006C00780083008E
:107710008F009B00A800B500C300D200E100F1007B
:1077200001011301250138014D0162017901920126
:1077300073FF76FF79FF7CFF7FFF82FF85FF88FF65
:107740008CFF90FF93FF97FF9CFFA0FFA4FFA9FF72
:10775000ADFFB2FFB7FFBCFFC2FFC7FFCDFFD2FF37
:10776000D8FFDEFFE5FFEBFFF2FFF9FF00000700A7
:107770000F0016001E0027002F00380041004A00AD
:1077800054005E00680073007E008A009600A2002C
:10779000AF00BD00CB00DA00E900F9000A011C01CE
:1077A0002F01430158016F0187017DFF80FF82FF98
:1077B00084FF87FF8AFF8DFF90FF93FF96FF9AFF5C
:1077C0009DFFA1FFA5FFA9FFADFFB2FFB6FFBBFF65
:1077D000BFFFC4FFCAFFCFFFD4FFDAFFE0FFE6FF21
:1077E000ECFFF2FFF9FFFFFF06000E0015001D0081
:1077F00025002D0035003E00470050005A0064006F
:107800006F007900850090009C00A900B600C400BC
:10781000D200E100F10002011301250139014E01FE
:1078200064017B0187FF89FF8BFF8DFF8FFF92FF34
:1078300094FF97FF9AFF9DFFA0FFA3FFA7FFAAFF5A
:10784000AEFFB2FFB6FFBAFFBEFFC3FFC7FFCCFF5C
:10785000D1FFD6FFDCFFE1FFE7FFECFFF3FFF9FF0D
:10786000FFFF06000D0014001B0023002B00330057
:107870003B0044004D00560060006A0074007F0029
:107880008B009600A300AF00BD00CB00D900E9003B
:10789000F9000A011C012F01430158016F0192FFF9
:1078A00093FF94FF96FF98FF9AFF9CFF9EFFA1FF16
:1078B000A4FFA6FFA9FFACFFB0FFB3FFB6FFBAFF5E
:1078C000BEFFC2FFC6FFCAFFCFFFD3FFD8FFDDFF59
:1078D000E2FFE8FFEDFFF3FFF9FFFFFF05000C00FB
:1078E00013001A0021002800300038004100490030
:1078F00052005C00650070007A00850090009C00DA
:10790000A900B600C300D100E000F00000011201A0
:10791000240138014D0163019CFF9DFF9EFF9FFFE5
:10792000A1FFA2FFA4FFA6FFA8FFAAFFADFFAFFF24
:10793000B2FFB5FFB8FFBBFFBEFFC2FFC6FFC9FF66
:10794000CDFFD1FFD6FFDAFFDFFFE4FFE9FFEEFF57
:10795000F3FFF9FFFFFF05000B00110018001F00E7
:1079600026002E0035003E0046004F005700610003
:107970006B0075007F008A009600A200AE00BB007D
:10798000C900D800E700F70008011A012D014101E4
:107990005701A6FFA6FFA7FFA8FFA9FFAAFFACFFFC
:1079A000ADFFAFFFB1FFB3FFB5FFB8FFBAFFBDFF3B
:1079B000C0FFC3FFC6FFC9FFCDFFD0FFD4FFD8FF74
:1079C000DCFFE1FFE5FFEAFFEFFFF4FFF9FFFFFF58
:1079D00004000A00100017001D0024002B003300D3
:1079E0003A0042004B0053005C0066006F007A00D2
:1079F00084008F009B00A700B400C100CF00DE0010
:107A0000ED00FE000F01220136014B01B0FFB0FF77
:107A1000B0FFB1FFB2FFB3FFB4FFB5FFB6FFB8FFD1
:107A2000B9FFBBFFBDFFC0FFC2FFC4FFC7FFCAFF56
:107A3000CDFFD0FFD3FFD7FFDAFFDEFFE2FFE7FF86
:107A4000EBFFEFFFF4FFF9FFFEFF040009000F005A
:107A500015001B0022002900300037003F004700BE
:107A60004F00580061006A0074007E008900940095
:107A7000A000AC00B900C600D500E400F400050188
:107A800017012A013E01BAFFBAFFBAFFBAFFBAFFD7
:107A9000BBFFBBFFBCFFBDFFBEFFC0FFC1FFC3FFFD
:107AA000C5FFC7FFC9FFCBFFCEFFD1FFD3FFD6FF76
:107AB000DAFFDDFFE0FFE4FFE8FFECFFF0FFF5FF9A
:107AC000F9FFFEFF030008000E0014001A0020005A
:107AD00026002D0034003B0043004B0053005C00A7
:107AE00065006E00780082008D009800A400B00050
:107AF000BD00CB00DA00E900FA000B011E013201E3
:107B0000C4FFC4FFC3FFC3FFC3FFC3FFC3FFC4FF62
:107B1000C4FFC5FFC6FFC7FFC9FFCAFFCCFFCEFF2A
:107B2000D0FFD2FFD4FFD7FFD9FFDCFFDFFFE3FF99
:107B3000E6FFE9FFEDFFF1FFF5FFF9FFFEFF0300B0
:107B400008000D00120018001E0024002A00310059
:107B500038003F0046004E0057005F00680072008A
:107B60007B00860091009C00A800B500C200D000F8
:107B7000DF00EF00000112012501CEFFCDFFCDFF98
:107B8000CCFFCBFFCBFFCBFFCBFFCCFFCCFFCDFFA0
:107B9000CEFFCFFFD0FFD1FFD3FFD4FFD6FFD8FF5A
:107BA000DAFFDDFFDFFFE2FFE5FFE8FFEBFFEEFFBF
:107BB000F2FFF6FFFAFFFEFF020007000C001100C3
:107BC00016001B00210027002D0034003B0042005E
:107BD0004A0051005A0062006B0075007F00890066
:107BE0009400A000AC00B900C600D400E400F4008A
:107BF00005011801D9FFD7FFD6FFD5FFD4FFD3FF6A
:107C0000D3FFD3FFD3FFD3FFD3FFD4FFD4FFD5FFE0
:107C1000D6FFD7FFD9FFDAFFDCFFDEFFE0FFE2FF90
:107C2000E4FFE7FFE9FFECFFEFFFF3FFF6FFFAFFEA
:107C3000FEFF020006000A000F00140019001F00DA
:107C400024002A00300037003E0045004C0054005C
:107C50005C0065006E00780081008C009700A30036
:107C6000AF00BC00CA00D900E800F9000B01E3FF37
:107C7000E1FFDFFFDEFFDDFFDCFFDBFFDAFFDAFF26
:107C8000DAFFDAFFDAFFDAFFDBFFDBFFDCFFDDFF25
:107C9000DEFFE0FFE1FFE3FFE5FFE7FFE9FFEBFFCA
:107CA000EEFFF1FFF4FFF7FFFAFFFDFF0100050013
:107CB00009000E00120017001C00210027002D00F3
:107CC00033003900400047004F0056005F00670056
:107CD00070007A0084008E009A00A500B200BF00F8
:107CE000CD00DC00EC00FE00EDFFEBFFE9FFE7FF5D
:107CF000E5FFE4FFE3FFE2FFE1FFE1FFE0FFE0FF7C
:107D0000E0FFE0FFE0FFE1FFE2FFE2FFE3FFE5FF6E
:107D1000E6FFE8FFE9FFEBFFEDFFEFFFF2FFF4FF07
:107D2000F7FFFAFFFDFF0100040008000C0010003F
:107D300015001A001F00240029002F0035003B0009
:107D400042004900510058006100690072007C0047
:107D5000860091009C00A800B500C200D000E000A1
:107D6000F000F7FFF4FFF2FFF0FFEEFFECFFEBFF98
:107D7000E9FFE8FFE7FFE7FFE6FFE6FFE6FFE6FFD4
:107D8000E6FFE6FFE7FFE7FFE8FFE9FFEAFFECFFBA
:107D9000EDFFEFFFF1FFF3FFF5FFF8FFFAFFFDFF47
:107DA0000000040007000B000F00130017001C0068
:107DB000200026002B00310037003D0044004B001E
:107DC00052005A0062006B0074007D008700920030
:107DD0009E00AA00B700C400D300E3000100FEFF2C
:107DE000FBFFF9FFF7FFF5FFF3FFF1FFF0FFEEFFF9
:107DF000EDFFECFFECFFEBFFEBFFEBFFEBFFEBFF2F
:107E0000EBFFECFFECFFEDFFEEFFEFFFF1FFF2FF0A
:107E1000F4FFF6FFF8FFFBFFFDFF00000300060084
:107E200009000D001100150019001D002200270097
:107E30002C00320038003E0045004C0053005B002F
:107E400063006B0075007E00880093009F00AB000C
:107E5000B800C600D5000B00080005000200FFFFB7
:107E6000FDFFFBFFF9FFF7FFF5FFF4FFF3FFF1FF65
:107E7000F1FFF0FFEFFFEFFFEFFFEFFFEFFFF0FF8E
:107E8000F0FFF1FFF2FFF3FFF4FFF5FFF7FFF9FF5B
:107E9000FBFFFDFFFFFF0200050008000B000E00C6
:107EA000120016001A001E00230028002D003300C7
:107EB00039003F0045004C0053005B0063006C003C
:107EC00075007F0089009400A000AC00BA00C800D3
:107ED000150012000E000B00080005000300000052
:107EE000FEFFFCFFFAFFF9FFF7FFF6FFF5FFF4FFD7
:107EF000F4FFF3FFF3FFF3FFF3FFF3FFF3FFF4FFF0
:107F0000F5FFF6FFF7FFF8FFF9FFFBFFFDFFFFFFAF
:107F100001000400060009000C0010001300170007
:107F20001B001F00240028002E00330039003F00F2
:107F300045004C0053005B0063006C0075007F003F
:107F400089009400A000AD00BA001F001B001700BC
:107F5000140010000D000A000800050003000100D5
:107F6000FFFFFDFFFCFFFAFFF9FFF8FFF7FFF7FF48
:107F7000F6FFF6FFF6FFF6FFF6FFF7FFF7FFF8FF55
:107F8000F9FFFAFFFBFFFDFFFFFF01000300050003
:107F900007000A000D001000140017001B001F004E
:107FA000240028002D00330038003E0045004C001E
:107FB00053005A0062006B0074007E008900940038
:107FC000A000AD002900250021001D0019001600A9
:107FD00012000F000C000A0007000500030001005A
:107FE000FFFFFEFFFDFFFCFFFBFFFAFFF9FFF9FFBC
:107FF000F9FFF8FFF9FFF9FFF9FFFAFFFBFFFCFFBC
:10800000FDFFFEFF000002000300060008000B0059
:108010000D001000140017001B001F002300280093
:108020002D00320038003D0044004A005200590043
:1080300061006A0073007D00880093009F00330098
:108040002E002A00260022001E001A00170014002D
:1080500011000E000B0009000700050003000100DD
:108060000000FEFFFDFFFCFFFCFFFBFFFBFFFAFF34
:10807000FAFFFBFFFBFFFBFFFCFFFDFFFEFFFFFF27
:10808000000002000400060008000A000D001000B5
:10809000130017001A001E00220027002C003100D8
:1080A00036003C0042004900500057005F00680065
:1080B00071007B00860091003D00380033002E00E7
:1080C0002A00260022001E001B00170014001100C9
:1080D0000F000C000A000800060004000200010066
:1080E0000000FFFFFEFFFDFFFCFFFCFFFCFFFCFFAD
:1080F000FCFFFCFFFDFFFDFFFEFFFFFF0100020094
:108100000400060008000A000C000F001200150011
:1081100019001D00210025002A002F0034003A001C
:10812000400047004E0055005D0066006F0079007A
:108130008400470041003C00370033002E002A0035
:10814000260022001E001B001800150012000F0060
:108150000D000A00080006000500030002000000F0
:10816000FFFFFEFFFEFFFDFFFDFFFDFFFDFFFDFF2B
:10817000FDFFFEFFFEFFFFFF000002000300050001
:10818000070009000B000E001100140017001B006F
:108190001F00230027002C00320037003D00440060
:1081A0004B0052005A0063006C00760051004B00F7
:1081B000450040003B00360032002D00290025001C
:1081C00021001E001A001700140012000F000C00FE
:1081D0000A00080006000500030002000000FFFF7F
:1081E000FEFFFEFFFDFFFDFFFDFFFDFFFDFFFDFFAD
:1081F000FEFFFFFF00000100020004000500070071
:108200000A000C000F001200150018001C002000CE
:10821000250029002E0034003A00400047004E009F
:1082200056005F0068005A0054004E0049004300A9
:108230003E003900350030002C00280024002000CA
:108240001D0019001600130011000E000C000A009A
:10825000070006000400020001000000FFFFFEFF0F
:10826000FDFFFDFFFCFFFCFFFCFFFDFFFDFFFDFF31
:10827000FEFFFFFF000002000300050007000A00E8
:108280000C000F001200150019001D00210026002F
:108290002B00300036003C0043004A0052005A00D8
:1082A00064005E00570051004C00460041003C0055
:1082B000370033002E002A00260022001F001B007A
:1082C0001800150012000F000D000A00080006003B
:1082D0000400030001000000FFFFFEFFFDFFFCFFA4
:1082E000FCFFFBFFFBFFFBFFFBFFFCFFFCFFFDFFB9
:1082F000FEFFFFFF010003000400070009000B0060
:108300000E001200150019001D00210026002B0090
:10831000310037003E0045004D006E0067006000F0
:108320005A0054004E00490043003E003900350019
:1083300030002C002800240020001D001900160029
:10834000130010000D000B000900060004000300DC
:108350000100FFFFFEFFFDFFFCFFFBFFFAFFFAFF3E
:10836000FAFFF9FFF9FFFAFFFAFFFBFFFCFFFDFF41
:10837000FEFFFFFF01000300050008000A000D00DA
:108380001100140018001C00210026002C003200EF
:1083900038003F0077007000690063005C00560001
:1083A00050004B00450040003B00360032002D00DD
:1083B0002900250021001D001A00170013001000DD
:1083C0000E000B0008000600040002000000FEFF83
:1083D000FDFFFCFFFAFFF9FFF9FFF8FFF7FFF7FFDA
:1083E000F7FFF7FFF7FFF8FFF8FFF9FFFAFFFBFFD2
:1083F000FDFFFFFF01000300050008000B000F0058
:10840000130017001B00200025002B003200810004
:10841000790072006B0065005E00580052004C004D
:10842000470042003C00370033002E002A0026009F
:1084300022001E001A001700130010000D000A0091
:108440000800050003000100FFFFFDFFFBFFFAFF2E
:10845000F8FFF7FFF6FFF5FFF5FFF4FFF4FFF4FF79
:10846000F4FFF4FFF4FFF5FFF6FFF7FFF8FFFAFF64
:10847000FCFFFEFF00000300060009000C001000D6
:10848000150019001E0024008A0082007B00740081
:108490006D0066006000590053004E004800420025
:1084A0003D00380033002F002A00260022001E0065
:1084B0001A001600130010000C0009000700040049
:1084C0000200FFFFFDFFFBFFF9FFF7FFF6FFF5FFDF
:1084D000F3FFF2FFF1FFF1FFF0FFF0FFF0FFF0FF1D
:1084E000F0FFF1FFF1FFF2FFF3FFF5FFF6FFF8FFFA
:1084F000FAFFFCFFFFFF0200050009000D0012005B
:10850000170093008B0084007C0075006E006700EC
:1085100061005A0054004E00490043003E003900FB
:1085200034002F002A00260021001D00190016002B
:1085300012000F000B000800050002000000FDFF04
:10854000FBFFF9FFF7FFF5FFF3FFF1FFF0FFEFFF90
:10855000EEFFEDFFECFFECFFEBFFEBFFEBFFEBFFC4
:10856000ECFFECFFEDFFEEFFF0FFF1FFF3FFF5FF97
:10857000F8FFFBFFFEFF01000500090073FF76FF17
:108580007AFF7DFF80FF83FF86FF89FF8CFF8FFFCF
:1085900092FF95FF97FF9AFF9CFF9FFFA1FFA3FF0C
:1085A000A5FFA7FFA9FFABFFADFFAEFFB0FFB1FF77
:1085B000B3FFB4FFB5FFB6FFB7FFB8FFB9FFBAFF0F
:1085C000BBFFBBFFBCFFBCFFBCFFBCFFBCFFBCFFD5
:1085D000BCFFBCFFBCFFBBFFBBFFBAFFB9FFB8FFCE
:1085E000B7FFB6FFB5FFB3FFB2FFB0FFAFFFADFF00
:1085F000ABFFA8FFA6FF75FF79FF7CFF7FFF82FF1F
:1086000086FF88FF8BFF8EFF91FF93FF96FF98FFF9
:108610009BFF9DFF9FFFA1FFA3FFA5FFA7FFA9FF52
:10862000ABFFACFFAEFFAFFFB0FFB2FFB3FFB4FFD5
:10863000B5FFB6FFB6FFB7FFB8FFB8FFB9FFB9FF88
:10864000B9FFB9FFB9FFB9FFB9FFB8FFB8FFB8FF6D
:10865000B7FFB6FFB5FFB4FFB3FFB2FFB1FFAFFF87
:10866000AEFFACFFAAFFA8FFA6FFA4FFA2FF9FFFDB
:1086700079FF7CFF7FFF82FF85FF88FF8BFF8DFFE7
:1086800090FF93FF95FF98FF9AFF9CFF9EFFA0FF2E
:10869000A2FFA4FFA6FFA8FFA9FFABFFACFFADFFA1
:1086A000AFFFB0FFB1FFB2FFB3FFB4FFB4FFB5FF40
:1086B000B5FFB6FFB6FFB6FFB6FFB6FFB6FFB6FF13
:1086C000B6FFB6FFB5FFB5FFB4FFB3FFB2FFB1FF12
:1086D000B0FFAFFFADFFACFFAAFFA8FFA7FFA5FF4C
:1086E000A2FFA0FF9EFF9BFF99FF7CFF7FFF82FF01
:1086F00085FF88FF8BFF8DFF90FF92FF95FF97FF0F
:1087000099FF9CFF9EFFA0FFA1FFA3FFA5FFA7FF6E
:10871000A8FFAAFFABFFACFFADFFAFFFB0FFB0FFFC
:10872000B1FFB2FFB3FFB3FFB4FFB4FFB4FFB4FFB8
:10873000B4FFB4FFB4FFB4FFB4FFB3FFB3FFB2FFA5
:10874000B1FFB0FFAFFFAEFFADFFACFFAAFFA9FFC7
:10875000A7FFA5FFA4FFA2FF9FFF9DFF9BFF98FF20
:1087600095FF93FF7FFF82FF85FF88FF8BFF8EFFC2
:1087700090FF93FF95FF97FF99FF9BFF9DFF9FFF42
:10878000A1FFA3FFA5FFA6FFA8FFA9FFAAFFACFFBB
:10879000ADFFAEFFAFFFB0FFB0FFB1FFB2FFB2FF62
:1087A000B2FFB3FFB3FFB3FFB3FFB3FFB3FFB2FF3B
:1087B000B2FFB1FFB1FFB0FFAFFFAEFFADFFACFF47
:1087C000ABFFAAFFA8FFA7FFA5FFA3FFA1FF9FFF85
:1087D0009DFF9BFF98FF95FF93FF90FF8DFF83FF09
:1087E00086FF89FF8CFF8EFF91FF93FF95FF98FF17
:1087F0009AFF9CFF9EFFA0FFA1FFA3FFA5FFA6FF7E
:10880000A8FFA9FFAAFFABFFACFFADFFAEFFAFFF14
:10881000B0FFB0FFB1FFB1FFB2FFB2FFB2FFB2FFD6
:10882000B2FFB2FFB2FFB1FFB1FFB0FFB0FFAFFFC9
:10883000AEFFADFFACFFABFFA9FFA8FFA6FFA5FFF2
:10884000A3FFA1FF9FFF9DFF9BFF99FF96FF93FF53
:1088500091FF8EFF8BFF88FF87FF8AFF8DFF8FFFC1
:1088600092FF94FF96FF99FF9BFF9DFF9FFFA0FF44
:10887000A2FFA4FFA5FFA7FFA8FFA9FFABFFACFFC6
:10888000ADFFAEFFAEFFAFFFB0FFB0FFB1FFB1FF76
:10889000B1FFB2FFB2FFB2FFB2FFB1FFB1FFB1FF54
:1088A000B0FFAFFFAFFFAEFFADFFACFFABFFAAFF66
:1088B000A8FFA7FFA5FFA4FFA2FFA0FF9EFF9CFFAC
:1088C0009AFF97FF95FF92FF8FFF8CFF89FF86FF2E
:1088D00083FF8CFF8EFF91FF93FF96FF98FF9AFF17
:1088E0009CFF9EFFA0FFA2FFA3FFA5FFA6FFA8FF7E
:1088F000A9FFAAFFABFFADFFADFFAEFFAFFFB0FF1B
:10890000B0FFB1FFB1FFB2FFB2FFB2FFB2FFB2FFE3
:10891000B2FFB1FFB1FFB1FFB0FFAFFFAFFFAEFFDE
:10892000ADFFACFFAAFFA9FFA8FFA6FFA5FFA3FF0D
:10893000A1FF9FFF9DFF9BFF99FF96FF94FF91FF73
:108940008EFF8BFF88FF85FF82FF7FFF91FF93FFE4
:1089500095FF98FF9AFF9CFF9EFFA0FFA2FFA3FF39
:10896000A5FFA7FFA8FFA9FFABFFACFFADFFAEFFC0
:10897000AFFFAFFFB0FFB1FFB1FFB2FFB2FFB2FF79
:10898000B2FFB3FFB3FFB2FFB2FFB2FFB1FFB1FF5F
:10899000B0FFB0FFAFFFAEFFADFFACFFABFFA9FF75
:1089A000A8FFA6FFA5FFA3FFA1FF9FFF9DFF9BFFC1
:1089B00098FF96FF93FF91FF8EFF8BFF88FF85FF47
:1089C00082FF7EFF7BFF96FF98FF9AFF9CFF9EFF32
:1089D000A0FFA2FFA4FFA5FFA7FFA9FFAAFFABFF6F
:1089E000ACFFAEFFAFFFB0FFB0FFB1FFB2FFB2FF11
:1089F000B3FFB3FFB3FFB4FFB4FFB4FFB4FFB3FFE3
:108A0000B3FFB3FFB2FFB2FFB1FFB0FFAFFFAFFFE5
:108A1000ADFFACFFABFFAAFFA8FFA7FFA5FFA3FF19
:108A2000A1FF9FFF9DFF9BFF99FF96FF94FF91FF82
:108A30008EFF8BFF88FF85FF82FF7EFF7BFF77FF26
:108A40009BFF9DFF9FFFA1FFA3FFA5FFA6FFA8FF20
:108A5000AAFFABFFACFFAEFFAFFFB0FFB1FFB2FFAD
:108A6000B2FFB3FFB4FFB4FFB5FFB5FFB5FFB5FF6D
:108A7000B5FFB5FFB5FFB5FFB5FFB4FFB4FFB3FF5A
:108A8000B2FFB2FFB1FFB0FFAFFFADFFACFFABFF76
:108A9000A9FFA8FFA6FFA4FFA2FFA0FF9EFF9CFFC7
:108AA00099FF97FF94FF92FF8FFF8CFF89FF86FF4E
:108AB00082FF7FFF7BFF78FF74FFA0FFA2FFA4FF70
:108AC000A6FFA8FFAAFFABFFADFFAEFFAFFFB0FF51
:108AD000B2FFB3FFB4FFB4FFB5FFB6FFB6FFB7FFF9
:108AE000B7FFB7FFB8FFB8FFB8FFB8FFB7FFB7FFD2
:108AF000B7FFB6FFB6FFB5FFB4FFB3FFB2FFB1FFDC
:108B0000B0FFAFFFAEFFACFFABFFA9FFA7FFA5FF14
:108B1000A3FFA1FF9FFF9DFF9AFF98FF95FF93FF83
:108B200090FF8DFF8AFF87FF83FF80FF7CFF79FF27
:108B300075FF71FFA6FFA8FFAAFFABFFADFFAFFF58
:108B4000B0FFB1FFB3FFB4FFB5FFB6FFB7FFB7FF8C
:108B5000B8FFB9FFB9FFBAFFBAFFBAFFBAFFBAFF51
:108B6000BAFFBAFFBAFFBAFFB9FFB9FFB8FFB7FF44
:108B7000B6FFB6FFB5FFB3FFB2FFB1FFB0FFAEFF68
:108B8000ACFFABFFA9FFA7FFA5FFA3FFA1FF9EFFBF
:108B90009CFF9AFF97FF94FF91FF8EFF8BFF88FF4A
:108BA00085FF81FF7EFF7AFF76FF72FF6EFFACFFCD
:108BB000AEFFB0FFB1FFB3FFB4FFB5FFB7FFB8FF23
:108BC000B9FFBAFFBAFFBBFFBCFFBCFFBDFFBDFFD3
:108BD000BDFFBDFFBEFFBEFFBDFFBDFFBDFFBDFFB3
:108BE000BCFFBBFFBBFFBAFFB9FFB8FFB7FFB6FFC3
:108BF000B5FFB3FFB2FFB0FFAFFFADFFABFFA9FF03
:108C0000A7FFA5FFA3FFA1FF9EFF9CFF99FF96FF73
:108C100093FF90FF8DFF8AFF87FF83FF80FF7CFF1C
:108C200078FF74FF70FF6CFFB2FFB4FFB6FFB7FFB1
:108C3000B8FFBAFFBBFFBCFFBDFFBEFFBEFFBFFF5B
:108C4000C0FFC0FFC1FFC1FFC1FFC1FFC1FFC1FF26
:108C5000C1FFC1FFC0FFC0FFBFFFBFFFBEFFBDFF21
:108C6000BCFFBBFFBAFFB9FFB8FFB6FFB5FFB3FF4C
:108C7000B2FFB0FFAEFFACFFAAFFA8FFA6FFA3FFA5
:108C8000A1FF9EFF9BFF99FF96FF93FF90FF8CFF34
:108C900089FF86FF82FF7EFF7BFF77FF73FF6EFFFA
:108CA0006AFFB9FFBBFFBCFFBDFFBEFFC0FFC1FF36
:108CB000C2FFC2FFC3FFC4FFC4FFC5FFC5FFC5FF9E
:108CC000C5FFC5FFC5FFC5FFC5FFC5FFC4FFC4FF86
:108CD000C3FFC3FFC2FFC1FFC0FFBFFFBEFFBDFF99
:108CE000BBFFBAFFB8FFB7FFB5FFB3FFB1FFAFFFE0
:108CF000ADFFABFFA9FFA6FFA4FFA1FF9EFF9BFF57
:108D000099FF96FF92FF8FFF8CFF88FF85FF81FF01
:108D10007DFF79FF75FF71FF6DFF69FFC0FFC1FF28
:108D2000C3FFC4FFC5FFC6FFC7FFC7FFC8FFC9FF1A
:108D3000C9FFCAFFCAFFCAFFCAFFCAFFCAFFCAFFEC
:108D4000CAFFC9FFC9FFC8FFC8FFC7FFC6FFC5FFED
:108D5000C4FFC3FFC2FFC1FFBFFFBEFFBCFFBAFF1E
:108D6000B9FFB7FFB5FFB3FFB1FFAEFFACFFAAFF7E
:108D7000A7FFA4FFA2FF9FFF9CFF99FF96FF92FF12
:108D80008FFF8CFF88FF84FF81FF7DFF79FF74FFD9
:108D900070FF6CFF67FFC7FFC8FFCAFFCBFFCCFFA8
:108DA000CCFFCDFFCEFFCEFFCFFFCFFFCFFFCFFF5A
:108DB000CFFFCFFFCFFFCFFFCFFFCEFFCEFFCDFF47
:108DC000CCFFCCFFCBFFCAFFC9FFC8FFC6FFC5FF62
:108DD000C4FFC2FFC0FFBFFFBDFFBBFFB9FFB7FFAE
:108DE000B5FFB2FFB0FFAEFFABFFA8FFA5FFA3FF2B
:108DF000A0FF9DFF99FF96FF93FF8FFF8CFF88FFD9
:108E000084FF80FF7CFF78FF74FF6FFF6BFF66FFBE
:108E1000CFFFD0FFD1FFD2FFD3FFD3FFD4FFD4FFCA
:108E2000D5FFD5FFD5FFD5FFD5FFD5FFD5FFD5FFA2
:108E3000D4FFD4FFD3FFD2FFD2FFD1FFD0FFCFFFAB
:108E4000CEFFCDFFCBFFCAFFC8FFC7FFC5FFC3FFE3
:108E5000C1FFC0FFBDFFBBFFB9FFB7FFB4FFB2FF4B
:108E6000AFFFADFFAAFFA7FFA4FFA1FF9EFF9AFFE0
:108E700097FF93FF90FF8CFF88FF84FF80FF7CFFAC
:108E800078FF73FF6FFF6AFF66FFD7FFD8FFD8FF39
:108E9000D9FFDAFFDAFFDBFFDBFFDBFFDBFFDBFF06
:108EA000DBFFDBFFDBFFDBFFDAFFDAFFD9FFD8FFF9
:108EB000D7FFD7FFD6FFD4FFD3FFD2FFD1FFCFFF1D
:108EC000CEFFCCFFCAFFC8FFC7FFC5FFC2FFC0FF70
:108ED000BEFFBCFFB9FFB7FFB4FFB1FFAEFFABFFF2
:108EE000A8FFA5FFA2FF9FFF9BFF98FF94FF90FFA5
:108EF0008DFF89FF85FF80FF7CFF78FF73FF6FFF89
:108F00006AFF65FFDFFFE0FFE0FFE1FFE1FFE2FF57
:108F1000E2FFE2FFE2FFE2FFE2FFE2FFE2FFE1FF4A
:108F2000E1FFE0FFDFFFDFFFDEFFDDFFDCFFDBFF58
:108F3000D9FFD8FFD7FFD5FFD3FFD2FFD0FFCEFF99
:108F4000CCFFCAFFC8FFC6FFC3FFC1FFBEFFBCFF07
:108F5000B9FFB6FFB4FFB1FFADFFAAFFA7FFA4FFA3
:108F6000A0FF9DFF99FF95FF91FF8DFF89FF85FF72
:108F700081FF7DFF78FF74FF6FFF6AFF65FFE8FFE9
:108F8000E8FFE9FFE9FFE9FFEAFFEAFFEAFFEAFF9E
:108F9000E9FFE9FFE9FFE8FFE8FFE7FFE6FFE5FF9C
:108FA000E4FFE3FFE2FFE1FFE0FFDEFFDDFFDBFFC9
:108FB000DAFFD8FFD6FFD4FFD2FFD0FFCEFFCCFF21
:108FC000C9FFC7FFC4FFC2FFBFFFBCFFB9FFB6FFA9
:108FD000B3FFB0FFACFFA9FFA6FFA2FF9EFF9BFF60
:108FE00097FF93FF8FFF8AFF86FF82FF7DFF79FF48
:108FF00074FF6FFF6AFF65FFF0FFF1FFF1FFF1FF04
:10900000F2FFF2FFF2FFF1FFF1FFF1FFF0FFF0FFDF
:10901000EFFFEEFFEEFFEDFFECFFEBFFE9FFE8FFF8
:10902000E7FFE5FFE4FFE2FFE0FFDFFFDDFFDBFF3F
:10903000D9FFD7FFD4FFD2FFD0FFCDFFCAFFC8FFB3
:10904000C5FFC2FFBFFFBCFFB9FFB6FFB2FFAFFF56
:10905000ABFFA8FFA4FFA0FF9CFF98FF94FF90FF29
:109060008CFF87FF83FF7EFF7AFF75FF70FF6BFF2A
:1090700066FFFAFFFAFFFAFFFAFFFAFFFAFFFAFFBC
:10908000F9FFF9FFF9FFF8FFF7FFF6FFF6FFF5FF2D
:10909000F3FFF2FFF1FFF0FFEEFFEDFFEBFFE9FF63
:1090A000E8FFE6FFE4FFE2FFE0FFDDFFDBFFD9FFC3
:1090B000D6FFD4FFD1FFCEFFCBFFC9FFC6FFC2FF53
:1090C000BFFFBCFFB9FFB5FFB2FFAEFFAAFFA6FF0F
:1090D000A2FF9EFF9AFF96FF92FF8DFF89FF84FFFC
:1090E00080FF7BFF76FF71FF6CFF67FF03000300CB
:1090F000030003000300030002000200010001005E
:109100000000FFFFFEFFFDFFFCFFFBFFF9FFF8FF84
:10911000F6FFF5FFF3FFF1FFEFFFEDFFEBFFE9FFD8
:10912000E7FFE5FFE2FFE0FFDDFFDBFFD8FFD5FF54
:10913000D2FFCFFFCCFFC9FFC6FFC3FFBFFFBCFFFD
:10914000B8FFB5FFB1FFADFFA9FFA5FFA1FF9DFFD0
:1091500098FF94FF8FFF8BFF86FF81FF7CFF77FFD7
:1091600072FF6DFF68FF0D000D000D000D000C007B
:109170000C000B000B000A000900080007000600A5
:109180000500030002000000FFFFFDFFFBFFFAFFE8
:10919000F8FFF6FFF4FFF1FFEFFFEDFFEAFFE8FF56
:1091A000E5FFE3FFE0FFDDFFDAFFD7FFD4FFD1FFEC
:1091B000CDFFCAFFC6FFC3FFBFFFBCFFB8FFB4FFB0
:1091C000B0FFACFFA8FFA3FF9FFF9BFF96FF91FF9F
:1091D0008DFF88FF83FF7EFF79FF74FF6EFF69FFBD
:1091E00018001700170017001600150015001400CE
:1091F0001300120011000F000E000D000B000A00FA
:1092000008000600040003000100FEFFFCFFFAFF57
:10921000F8FFF5FFF3FFF0FFEDFFEBFFE8FFE5FFE1
:10922000E2FFDFFFDCFFD8FFD5FFD2FFCEFFCAFF92
:10923000C7FFC3FFBFFFBBFFB7FFB3FFAFFFABFF6E
:10924000A6FFA2FF9DFF99FF94FF8FFF8AFF85FF76
:1092500080FF7BFF76FF70FF6BFF23002200220060
:10926000210020001F001E001D001C001B001A0012
:109270001800170015001300120010000E000C005B
:109280000A000800050003000100FEFFFCFFF9FFD3
:10929000F6FFF3FFF0FFEDFFEAFFE7FFE4FFE1FF7A
:1092A000DDFFDAFFD6FFD3FFCFFFCBFFC7FFC3FF42
:1092B000BFFFBBFFB7FFB2FFAEFFA9FFA5FFA0FF37
:1092C0009BFF97FF92FF8DFF87FF82FF7DFF78FF57
:1092D00072FF6DFF2E002D002C002C002B002A00A9
:1092E00028002700260024002300210020001E0063
:1092F0001C001A0018001600140012000F000D00C8
:109300000A00080005000200FFFFFDFFFAFFF6FF5C
:10931000F3FFF0FFEDFFE9FFE6FFE2FFDFFFDBFF1A
:10932000D7FFD3FFCFFFCBFFC7FFC3FFBFFFBAFFFE
:10933000B6FFB1FFADFFA8FFA3FF9EFF99FF94FF0B
:109340008FFF8AFF85FF7FFF7AFF74FF6FFF390071
:109350003900380037003500340033003100300068
:109360002E002D002B0029002700250023002100BE
:109370001E001C001A001700140012000F000C0041
:109380000900060003000000FDFFFAFFF6FFF3FFEF
:10939000EFFFECFFE8FFE4FFE0FFDCFFD8FFD4FFC6
:1093A000D0FFCCFFC7FFC3FFBEFFBAFFB5FFB0FFC2
:1093B000ACFFA7FFA2FF9DFF98FF92FF8DFF88FFE4
:1093C00082FF7CFF77FF71FF4600440043004200AC
:1093D00041003F003E003C003A00390037003500B4
:1093E000330030002E002C002A0027002500220028
:1093F0001F001C001A001700140011000D000A00C5
:10940000070003000000FCFFF9FFF5FFF1FFEEFF8E
:10941000EAFFE6FFE2FFDDFFD9FFD5FFD0FFCCFF7B
:10942000C7FFC3FFBEFFB9FFB4FFAFFFAAFFA5FF91
:10943000A0FF9BFF96FF90FF8BFF85FF7FFF7AFFCA
:1094400074FF520051004F004E004C004B00490089
:1094500047004500430041003F003D003A0038000E
:109460003500330030002D002B002800250022009D
:109470001F001B001800150011000E000A00070055
:109480000300FFFFFBFFF8FFF4FFEFFFEBFFE7FF39
:10949000E3FFDEFFDAFFD5FFD1FFCCFFC7FFC3FF3D
:1094A000BEFFB9FFB4FFAEFFA9FFA4FF9FFF99FF66
:1094B00094FF8EFF88FF82FF7DFF77FF5F005E00D5
:1094C0005C005A00590057005500530050004E00F0
:1094D0004C004A004700450042003F003C003A0073
:1094E0003700340031002D002A002700240020001E
:1094F0001D001900150012000E000A0006000200EF
:10950000FEFFFAFFF6FFF1FFEDFFE8FFE4FFDFFFEC
:10951000DBFFD6FFD1FFCCFFC7FFC2FFBDFFB8FF07
:10952000B3FFADFFA8FFA2FF9DFF97FF91FF8CFF48
:1095300086FF80FF7AFF6D006B00690067006500A1
:10954000630061005F005C005A0057005500520044
:109550004F004C0049004600430040003D003A00E7
:109560003600330030002C002800250021001D00AB
:109570001900150011000D00090005000000FCFF96
:10958000F8FFF3FFEEFFEAFFE5FFE0FFDBFFD6FFAA
:10959000D1FFCCFFC7FFC2FFBDFFB7FFB2FFACFFDB
:1095A000A7FFA1FF9BFF95FF8FFF89FF83FF7DFF33
:1095B0007B00790077007500720070006D006B0011
:1095C00068006600630060005D005A0057005400A8
:1095D00051004E004A004700430040003C00390063
:1095E000350031002D002900250021001D00190043
:1095F000150010000C0007000300FEFFF9FFF5FF47
:10960000F0FFEBFFE6FFE1FFDCFFD7FFD2FFCCFF6F
:10961000C7FFC2FFBCFFB6FFB1FFABFFA5FF9FFFB7
:1096200099FF93FF8DFF87FF81FF8A0087008500E8
:10963000820080007D007B007800750072006F0062
:109640006C006900660062005F005C005800550015
:1096500051004D004A00460042003E003A003600EC
:1096600032002E002900250021001C0018001300E4
:109670000F000A0005000000FBFFF6FFF1FFECFF02
:10968000E7FFE2FFDDFFD7FFD2FFCCFFC7FFC1FF3F
:10969000BBFFB6FFB0FFAAFFA4FF9EFF98FF92FF9B
:1096A0008BFF85FF99009600940091008E008B003F
:1096B0008800850082007F007C00780075007200C1
:1096C0006E006A00670063005F005C005800540091
:1096D00050004C00480043003F003B003600320081
:1096E0002D002900240020001B00160011000C0092
:1096F00007000200FDFFF8FFF3FFEDFFE8FFE3FFC7
:10970000DDFFD8FFD2FFCCFFC6FFC1FFBBFFB5FF17
:10971000AFFFA9FFA2FF9CFF96FF90FF89FFA90062
:10972000A600A300A0009D009A0096009300900060
:109730008C008900850082007E007A00760072002D
:109740006F006B00660062005E005A005600510018
:109750004D004900440040003B00360031002D0020
:10976000280023001E00190014000F000900040047
:10977000FFFFF9FFF4FFEEFFE9FFE3FFDEFFD8FF95
:10978000D2FFCCFFC6FFC0FFBAFFB4FFAEFFA7FFFA
:10979000A1FF9BFF94FF8EFFB900B600B300B0009D
:1097A000AC00A900A500A2009E009A0096009300BC
:1097B0008F008B00870083007F007A0076007200A4
:1097C0006E006900650060005C00570052004E00AA
:1097D000490044003F003A00350030002B002600CD
:1097E00021001C00160011000C0006000000FBFF09
:1097F000F5FFEFFFEAFFE4FFDEFFD8FFD2FFCCFF6B
:10980000C6FFC0FFB9FFB3FFADFFA6FFA0FF99FFE2
:1098100092FFCB00C700C400C000BC00B800B40079
:10982000B100AD00A900A500A0009C009800940024
:109830008F008B00870082007E0079007500700029
:109840006B00660062005D00580053004E00490046
:1098500044003E00390034002F00290024001E007F
:10986000190013000E0008000200FCFFF6FFF0FFD5
:10987000EAFFE4FFDEFFD8FFD2FFCCFFC5FFBFFF4A
:10988000B9FFB2FFACFFA5FF9EFF98FFDD00D90036
:10989000D500D100CD00C900C400C000BC00B80094
:1098A000B300AF00AA00A600A1009D00980093009D
:1098B0008F008A00850080007B00760071006C00BC
:1098C000670062005D00580053004D0048004200F0
:1098D0003D00370032002C00270021001B0015003E
:1098E00010000A000400FEFFF8FFF1FFEBFFE5FFA8
:1098F000DFFFD8FFD2FFCCFFC5FFBEFFB8FFB1FF2F
:10990000AAFFA4FF9DFFF000EB00E700E200DE00ED
:10991000D900D500D000CC00C700C200BE00B900FD
:10992000B400AF00AB00A600A1009C00970092001D
:109930008D00870082007D00780072006D00680055
:1099400062005D00570052004C00460041003B00A1
:1099500035002F00290024001E00180011000B0004
:109960000500FFFFF9FFF2FFECFFE6FFDFFFD9FF85
:10997000D2FFCBFFC5FFBEFFB7FFB0FFA9FFA2FF1D
:109980000301FE00FA00F500F000EB00E600E10044
:10999000DC00D700D200CD00C800C300BE00B90073
:1099A000B400AE00A900A4009F00990094008E00AE
:1099B000890083007E00780073006D0067006200FC
:1099C0005C00560050004A0044003E00380032005F
:1099D0002C00260020001A0013000D0007000000D4
:1099E000FAFFF3FFEDFFE6FFDFFFD9FFD2FFCBFF6A
:1099F000C4FFBDFFB6FFAFFFA8FF180113010D01A3
:109A000008010301FE00F800F300EE00E800E300A7
:109A1000DE00D800D300CD00C800C200BD00B700F2
:109A2000B200AC00A600A1009B00950090008A0047
:109A300084007E00780072006C00660060005A00AE
:109A400054004E00480042003C0035002F00290021
:109A500022001C0015000F0008000100FBFFF4FFAE
:109A6000EDFFE7FFE0FFD9FFD2FFCBFFC4FFBDFF53
:109A7000B6FFAFFF2D01280122011C0116011101C3
:109A80000B0105010001FA00F400EE00E900E3001B
:109A9000DD00D700D100CC00C600C000BA00B40081
:109AA000AE00A800A2009C00960090008A008400EE
:109AB0007E00780071006B0065005F005800520066
:109AC0004C0045003F00380032002B0024001E00EF
:109AD000170010000A000300FCFFF5FFEEFFE7FF90
:109AE000E0FFD9FFD2FFCBFFC4FFBCFFB5FF4401AD
:109AF0003E01370131012B0125011F01190112011E
:109B00000C0106010001FA00F400EE00E700E1009C
:109B1000DB00D500CF00C900C200BC00B600B00019
:109B2000A900A3009D00960090008A0083007D009C
:109B300076007000690063005C0056004F0048002A
:109B400042003B0034002D002700200019001200C5
:109B50000B000400FDFFF6FFEFFFE8FFE0FFD9FF79
:109B6000D2FFCBFFC3FFBCFF5C0155014E01470193
:109B700040013A0133012D0126011F011901120193
:109B80000C010501FF00F800F200EB00E500DE002B
:109B9000D800D100CB00C400BE00B700B000AA00BE
:109BA000A3009D0096008F00890082007B00750055
:109BB0006E0067006000590053004C0045003E00F5
:109BC00037003000290022001B0014000C000500A3
:109BD000FEFFF7FFEFFFE8FFE1FFD9FFD2FFCAFF6B
:109BE000C3FF75016D0166015E0157015001490116
:109BF00042013A0133012C0125011E011701110117
:109C00000A010301FC00F500EE00E700E100DA00C4
:109C1000D300CC00C500BE00B700B100AA00A3006D
:109C20009C0095008E0087008000790072006B0018
:109C300064005D0056004F004800410039003200CA
:109C40002B0024001C0015000E000600FFFFF8FF8B
:109C5000F0FFE9FFE1FFD9FFD2FFCAFF8F018701C3
:109C60007F0177016F0167015F01570150014801D2
:109C70004101390132012B0123011C0115010D01A4
:109C80000601FF00F800F000E900E200DB00D4006C
:109C9000CD00C600BE00B700B000A900A2009B0026
:109CA00093008C0085007E0077006F0068006100E3
:109CB000590052004B0043003C0035002D002600A7
:109CC0001E0017000F0008000000F8FFF1FFE9FF79
:109CD000E1FFDAFFD2FFAB01A201990190018801F7
:109CE0007F0177016E0166015E0156014E0146015A
:109CF0003E0137012F0127011F0118011001090141
:109D00000101FA00F200EB00E300DC00D400CD001A
:109D1000C500BE00B600AF00A800A00099009100E9
:109D20008A0082007B0073006C0064005D005500B7
:109D30004E0046003F0037002F002800200018008A
:109D4000110009000100F9FFF2FFEAFFE2FFDAFF6C
:109D5000C801BE01B501AB01A201990190018701C3
:109D60007E0175016C0164015B0153014B014301EC
:109D70003A0132012A0122011A0112010B010301E9
:109D8000FB00F300EB00E300DC00D400CC00C500D6
:109D9000BD00B500AD00A6009E0096008F008700B4
:109DA0007F00780070006800600059005100490091
:109DB0004100390032002A0022001A0012000A0075
:109DC0000200FAFFF2FFEAFFE2FFE801DD01D20143
:109DD000C801BE01B401AA01A00196018D01840150
:109DE0007B0172016901600157014F0146013E018B
:109DF00035012D0124011C0114010C010401FB009B
:109E0000F300EB00E300DB00D300CB00C300BB009A
:109E1000B300AB00A3009B0093008B0084007C0088
:109E200074006C0064005C0054004C0044003C0072
:109E300034002C0024001C0014000C000300FBFF65
:109E4000F3FFEBFF0A02FD01F201E601DB01D001A5
:109E5000C501BB01B101A6019C01930189018001EB
:109E600076016D0164015B01520149014001370136
:109E70002E0126011D0115010C010401FB00F30058
:109E8000EB00E200DA00D200C900C100B900B10065
:109E9000A900A000980090008800800078006F0062
:109EA00067005F0057004F0046003E0036002E005E
:109EB00026001D0015000D000500FCFFF4FF2E021A
:109EC000200213020702FA01EE01E301D701CC01DF
:109ED000C101B601AC01A20197018D0184017A0193
:109EE000700167015D0154014B01420139012F01ED
:109EF00027011E0115010C010301FB00F200E9001E
:109F0000E100D800D000C700BF00B600AE00A50039
:109F10009D0095008C0084007B0073006B00620044
:109F20005A005200490041003800300028001F004C
:109F300017000E000600FDFF5502460237022902F7
:109F40001C020E020202F501E901DD01D201C60187
:109F5000BB01B001A6019B01910187017D01730145
:109F600069015F0156014C014301390130012701AC
:109F70001E0114010B010201F900F100E800DF00ED
:109F8000D600CD00C500BC00B300AA00A200990015
:109F9000910088007F0077006E0066005D0054002D
:109FA0004C0043003B0032002A0021001800100042
:109FB000070081026F025F024F024002310223025A
:109FC00015020802FB01EF01E201D701CB01BF013D
:109FD000B401A9019E01940189017F0174016A0104
:109FE000600156014D0143013901300126011D0177
:109FF00013010A010101F800EF00E500DC00D300C5
:10A00000CA00C100B800B000A7009E0095008C00F7
:10A0100083007B0072006900600057004F0046001B
:10A020003D0034002C0023001A001100B1029D02F3
:10A030008A027802670256024702380229021B028E
:10A040000D020002F301E701DA01CE01C301B701FD
:10A05000AC01A10196018B01800176016B016101C8
:10A0600057014D01430139012F0125011C01120146
:10A070000801FF00F500EC00E300D900D000C700A4
:10A08000BE00B500AC00A2009900900087007E00E1
:10A0900075006C0063005A00510049004000370011
:10A0A0002E0025001C00E902D002BA02A50291028E
:10A0B0007F026D025C024C023D022E02200212025F
:10A0C0000402F701EA01DE01D101C501B901AE01C7
:10A0D000A20197018C01810176016B01610156019A
:10A0E0004C01420138012E0124011A011001060120
:10A0F000FC00F300E900E000D600CD00C300BA0088
:10A10000B100A7009E0095008B00820079007000CE
:10A1100067005E0054004B00420039003000270009
:10A120002B030C03F102D802C102AB029702850295
:10A130007302620251024102320224021502070236
:10A14000FA01ED01E001D301C701BB01AF01A30199
:10A1500098018C01810176016B01600155014B0171
:10A16000400136012C01220117010D010301F90004
:10A17000F000E600DC00D200C900BF00B600AC0071
:10A18000A2009900900086007D0073006A006100C3
:10A1900057004E0045003C00320083035603320353
:10A1A0001203F702DD02C602B1029C0289027702A5
:10A1B0006602550245023602270218020A02FC0115
:10A1C000EF01E101D401C801BB01AF01A301980176
:10A1D0008C01800175016A015F01540149013F0151
:10A1E000340129011F0115010A010001F600EC00EC
:10A1F000E200D800CE00C400BB00B100A7009D0063
:10A2000094008A00810077006E0064005B005100BA
:10A2100048003E003904C30386035A03360317037C
:10A22000FB02E202CB02B502A0028D027B026902B0
:10A2300058024802380229021A020B02FD01F001FD
:10A24000E201D501C801BC01AF01A30197018B0157
:10A250007F01740169015D01520147013C01310137
:10A2600027011C0112010701FD00F200E800DE00D9
:10A27000D400CA00C000B600AC00A20098008E0056
:10A2800085007B00710067005E0054004A000000FA
:10A2900010000000020000000000000000000000AC
:10A2A00004A301088D7700080000000000000000F2
:10A2B00080000000000000000000000055415254E2
:10A2C0003120B3F5CABCBBAFC5E4D6C320202020E3
:10A2D000202020202025642D4E6F6E652D382D31D5
:10A2E0003B20D2D1CDEAB3C9B3F5CABCBBAFC5E4FC
:10A2F000D6C3A1A2CAD5B7A2C5E4D6C30D0000003B
:10A3000048494400555342485F546872656164008F
:10A31000436F6E74726F6C206572726F723A204771
:10A3200065742044657669636520636F6E6669674E
:10A3300075726174696F6E2064657363726970749D
:10A340006F722072657175657374206661696C65E2
:10A3500064000000436F6E74726F6C206572726FE0
:10A36000723A2047657420446576696365204465C8
:10A370007363726970746F72206661696C65642CB6
:10A380002064617461206275666665722073697A03
:10A390006520697373756500436F6E74726F6C200E
:10A3A0006572726F723A2047657420537472696ED9
:10A3B000672044657363726970746F7220666169A7
:10A3C0006C65642C206461746120627566666572D8
:10A3D0002073697A6520697373756500436F6E74C5
:10A3E000726F6C206572726F723A204765742063D9
:10A3F0006F6E66696775726174696F6E204465730C
:10A4000063726970746F72206661696C65642C2078
:10A4100064617461206275666665722073697A652D
:10A420002069737375650000436F6E74726F6C20E2
:10A430006572726F723A2047657420484944205211
:10A4400065706F72742044657363726970746F72A3
:10A45000206661696C65642C20646174612062759A
:10A46000666665722073697A652069737375650025
:10A4700090A401080000002074010000D808000822
:10A48000D8A40108740100203C980000E89100085D
:10A4900091043401EE02320112780A13C8188210B6
:10A4A000036124F41AAA0101281A7F011345BC1B79
:10A4B00008E504A90C1135A301080313356214083B
:10A4C000D56114089D5C1408B5651C08F5661C412F
:08A4D00019200A1AFF200127E0
:040000050800018965
:00000001FF
